{
    "가상 메소드": "C#",
    "감소 연산자": "C#",
    "값형": "C#",
    "값 호출": "C#",
    "객체": "C#",
    "겟-접근자": "C#",
    "공통 대화상자": "C#",
    "common dialog box": "C#",
    "공통 언어 런타임": "C#",
    "공통 언어 스펙": "C#",
    "공통 자료형 시스템": "C#",
    "관계 연산자": "C#",
    "구조체": "C#",
    "그래픽 객체": "C#",
    "글꼴 대화상자": "C#",
    "널이 가능한 형": "C#",
    "nullable type": "C#",
    "네임스페이스": "C#",
    "논리 연산자": "C#",
    "다이아몬드 상속": "C#",
    "다형성": "C#",
    "대화상자": "C#",
    "델리게이트": "C#",
    "델리게이트형": "C#",
    "라디오 버튼": "C#",
    "레이블": "C#",
    "리스트 기반 컨트롤": "C#",
    "리스트 뷰": "C#",
    "리스트 상자": "C#",
    "리터럴": "C#",
    "리플렉션": "C#",
    "링크 레이블": "C#",
    "매개변수 배열": "C#",
    "매개변수화 된 형": "C#",
    "멀티스레드": "C#",
    "multithread": "C#",
    "시스템": "C#",
    "멀티캐스트 델리게이션": "C#",
    "메뉴": "C#",
    "메소드": "C#",
    "메소드 재정의": "C#",
    "메시지 상자": "C#",
    "메인 메뉴": "C#",
    "명시적 형 변환": "C#",
    "명칭": "C#",
    "모달 대화상자": "C#",
    "모덜리스 대화상자": "C#",
    "모듈": "C#",
    "묵시적 형 변환": "C#",
    "문맥 전환": "C#",
    "문맥 지정어": "C#",
    "문자형": "C#",
    "박싱": "C#",
    "반복문": "C#",
    "배열": "C#",
    "배열의 배열": "C#",
    "배정문": "C#",
    "버튼": "C#",
    "버튼 기반 컨트롤": "C#",
    "범용 클래스": "C#",
    "베이스 인터페이스": "C#",
    "베이스 클래스": "C#",
    "복합 배정 연산자": "C#",
    "봉인 메소드": "C#",
    "부동 소수점 형": "C#",
    "부울형": "C#",
    "분기문": "C#",
    "비트 연산자": "C#",
    "사용자 정의 애트리뷰트": "C#",
    "사용자 정의 자료형": "C#",
    "산술 연산자": "C#",
    "상수 멤버": "C#",
    "상황 메뉴": "C#",
    "색 대화상자": "C#",
    "생성자": "C#",
    "셋-접근자": "C#",
    "소멸자": "C#",
    "수정자": "C#",
    "수치적 업다운 컨트롤": "C#",
    "스레드": "C#",
    "스레드의 우선순위": "C#",
    "priority": "C#",
    "스케줄링": "C#",
    "scheduling": "C#",
    "스트링형": "C#",
    "시그네처": "C#",
    "시스템 모달 대화상자": "C#",
    "시스템 정의 예외": "C#",
    "실 매개변수": "C#",
    "실수형": "C#",
    "실제 형 인자": "C#",
    "실행 모델": "C#",
    "애트리뷰트": "C#",
    "애플리케이션 모달 대화상자": "C#",
    "어휘": "C#",
    "언박싱": "C#",
    "업다운 컨트롤": "C#",
    "연산자": "C#",
    "연산자 중복": "C#",
    "열거형": "C#",
    "열기 대화상자": "C#",
    "영역 업다운 컨트롤": "C#",
    "예외": "C#",
    "예외 발생": "C#",
    "예외의 전파": "C#",
    "예외 처리기": "C#",
    "오버플로": "C#",
    "윈도우 폼": "C#",
    "윈폼 애플리케이션": "C#",
    "이벤트": "C#",
    "이벤트 처리기": "C#",
    "인덱서": "C#",
    "인쇄 대화상자": "C#",
    "인스턴스": "C#",
    "인스턴스 메소드": "C#",
    "인스턴스 필드": "C#",
    "인터페이스": "C#",
    "인터페이스형": "C#",
    "읽기전용 필드": "C#",
    "입출력": "C#",
    "전위 연산자": "C#",
    "접근 수정자": "C#",
    "정수형": "C#",
    "정적 메소드": "C#",
    "정적 필드": "C#",
    "제네릭": "C#",
    "제네릭 메소드": "C#",
    "제네릭 인터페이스": "C#",
    "제네릭 클래스": "C#",
    "제어의 단일 순차 흐름": "C#",
    "조건문": "C#",
    "조건 연산자": "C#",
    "주석": "C#",
    "증가연산자": "C#",
    "지역 변수": "C#",
    "지정어": "C#",
    "지정어 연산자": "C#",
    "참조형": "C#",
    "참조 호출": "C#",
    "체크리스트 상자": "C#",
    "체크 상자": "C#",
    "check box": "C#",
    "추상 메소드": "C#",
    "추상 클래스": "C#",
    "캐스트 연산자": "C#",
    "컨트롤": "C#",
    "컨트롤 클래스": "C#",
    "컴포넌트": "C#",
    "콘솔 애플리케이션": "C#",
    "콤보 상자": "C#",
    "클래스": "C#",
    "클래스 멤버": "C#",
    "클래스형": "C#",
    "타이머": "C#",
    "텍스트 상자": "C#",
    "토큰": "C#",
    "트랙 바": "C#",
    "트리 뷰": "C#",
    "파생 인터페이스": "C#",
    "파생 클래스": "C#",
    "폼 클래스": "C#",
    "표준 애트리뷰트": "C#",
    "프로그래머 정의 예외": "C#",
    "프로그레스 바": "C#",
    "프로퍼티": "C#",
    "필드": "C#",
    "형 검사 연산자": "C#",
    "형 매개변수": "C#",
    "형 변환": "C#",
    "형식 매개변수": "C#",
    "형식 매개변수 형": "C#",
    "형식화된 출력": "C#",
    "혼합문": "C#",
    "후위 연산자": "C#",
    "Activated 이벤트": "C#",
    "Activate": "C#",
    "AddOwnedForm": "C#",
    "BackColor 프로퍼티": "C#",
    "Bitmap 클래스": "C#",
    "BorderStyle 프로퍼티": "C#",
    "break 문": "C#",
    "Brush 클래스": "C#",
    "CheckedChanged 이벤트": "C#",
    "CheckedItems 프로퍼티": "C#",
    "CheckOnClick 프로퍼티": "C#",
    "Chekced 프로퍼티": "C#",
    "ClientRectangle 프로퍼티": "C#",
    "ClientSize 프로퍼티": "C#",
    "Close": "C#",
    "ColorDialog 컴포넌트": "C#",
    "Color 구조체": "C#",
    "ContextMenuStrip 컴포넌트": "C#",
    "continue 문": "C#",
    "Control 클래스": "C#",
    "CreateGraphics": "C#",
    "Cursor 프로퍼티": "C#",
    "Deactivate 이벤트": "C#",
    "Dock 프로퍼티": "C#",
    "do-while 문": "C#",
    "DrawArc": "C#",
    "DrawBeziers": "C#",
    "DrawBezier": "C#",
    "DrawClosedCurve": "C#",
    "DrawCurve": "C#",
    "DrawEllipse": "C#",
    "DrawImage": "C#",
    "DrawLines": "C#",
    "DrawLine": "C#",
    "DrawPie": "C#",
    "DrawPolygon": "C#",
    "DrawRectangles": "C#",
    "DrawRectangle": "C#",
    "DrawString": "C#",
    "DropDownStyle 프로퍼티": "C#",
    "Enabled 프로퍼티": "C#",
    "FillClosedCurve": "C#",
    "FillEllipse": "C#",
    "FillPie": "C#",
    "FillPolygon": "C#",
    "FillRectangles": "C#",
    "FillRectangle": "C#",
    "FlatStyle 프로퍼티": "C#",
    "Focus": "C#",
    "FontDialog 컴포넌트": "C#",
    "FontStyle 열거형 상수": "C#",
    "Font 클래스": "C#",
    "Font 프로퍼티": "C#",
    "for 문": "C#",
    "foreach 문": "C#",
    "ForeColor 프로퍼티": "C#",
    "FormBorderStyle 프로퍼티": "C#",
    "FormClosed 이벤트": "C#",
    "FormClosing 이벤트": "C#",
    "Form 클래스": "C#",
    "goto 문": "C#",
    "Graphics.FromImage": "C#",
    "Graphics 클래스": "C#",
    "HatchBrush 클래스": "C#",
    "Hide": "C#",
    "if 문": "C#",
    "ImageList 컴포넌트": "C#",
    "Image 클래스": "C#",
    "Invalidate": "C#",
    "Items 프로퍼티": "C#",
    "KeyDown 이벤트": "C#",
    "KeyEventArgs 클래스": "C#",
    "KeyPressEventArgs 클래스": "C#",
    "KeyPress 이벤트": "C#",
    "Keys 열거형": "C#",
    "KeyUp 이벤트": "C#",
    "KnownColor 열거형": "C#",
    "LinearGradientBrush 클래스": "C#",
    "LinkClicked 이벤트": "C#",
    "ListControl 클래스": "C#",
    "ListViewItem 클래스형": "C#",
    "Load 이벤트": "C#",
    "lock 문": "C#",
    "Main": "C#",
    "MeasureString": "C#",
    "MenuStrip 컴포넌트": "C#",
    "MessageBoxButtons 열거형": "C#",
    "MessageBoxDefaultButton 열거형": "C#",
    "MessageBoxIcon 열거형": "C#",
    "MessageBox 클래스": "C#",
    "Metafile 클래스": "C#",
    "Monitor 클래스": "C#",
    "MouseEventArgs 클래스": "C#",
    "MouseEventHandler 델리게이트형": "C#",
    "MousePosition 프로퍼티": "C#",
    "Move 이벤트": "C#",
    "MultiColumn 프로퍼티": "C#",
    "Multiline 프로퍼티": "C#",
    "Multiselect 프로퍼티": "C#",
    "ObjectCollection 클래스": "C#",
    "OpenFileDialog 컴포넌트": "C#",
    "Paint 이벤트": "C#",
    "PasswordChar 프로퍼티": "C#",
    "PathGradientBrush 클래스": "C#",
    "Pen 클래스": "C#",
    "Point 구조체": "C#",
    "Rectangle 구조체": "C#",
    "RemoveOwnedForm": "C#",
    "Resize 이벤트": "C#",
    "return 문": "C#",
    "SelectionMode 프로퍼티": "C#",
    "SetDesktopBounds": "C#",
    "SetDesktopLocation": "C#",
    "ShortcutKeys 프로퍼티": "C#",
    "ShowDialog": "C#",
    "Show": "C#",
    "Size 구조체": "C#",
    "Size 프로퍼티": "C#",
    "SolidBrush 클래스": "C#",
    "StartPosition 프로퍼티": "C#",
    "SubItems 프로퍼티": "C#",
    "switch 문": "C#",
    "TabIndex 프로퍼티": "C#",
    "TabStop 프로퍼티": "C#",
    "TextAlign 프로퍼티": "C#",
    "TextureBrush 클래스": "C#",
    "Text 프로퍼티": "C#",
    "Thread 클래스": "C#",
    "Thread.Join": "C#",
    "ThreadStart 델리게이트": "C#",
    "throw 문": "C#",
    "ToolStripMenuItem 클래스": "C#",
    "TreeNodeCollection 클래스": "C#",
    "TreeNode 클래스": "C#",
    "try-catch-finally": "C#",
    "using 문": "C#",
    "View 프로퍼티": "C#",
    "Visible 프로퍼티": "C#",
    "where 키워드": "C#",
    "while 문": "C#",
    ".NET 프레임워크": "C#",
    "10진 자료형": "C#",
    "감소 연산자 --": "C#",
    "value": "C#",
    "값 전달에 의한 호출": "C#",
    "call by value": "C#",
    "Value Type": "C#",
    "객체 지향적 방법": "C#",
    "structure": "C#",
    "구체화": "C#",
    "그룹박스 <GroupBox>": "C#",
    "그리드": "C#",
    "Grid": "C#",
    "기본형": "C#",
    "Predefined Type": "C#",
    "나누기 연산자": "C#",
    "나머지 연산자 %": "C#",
    "낙타": "C#",
    "Camel": "C#",
    "표기법": "C#",
    "널 병합 연산자": "C#",
    "Null Coalescing Operator": "C#",
    "널 조건부 연산자": "C#",
    "?. ?[]": "C#",
    "네이티브 코드": "C#",
    "Native Code": "C#",
    "Namespace": "C#",
    "논리 리터럴": "C#",
    "논리 연산": "C#",
    "다중 catch 블록": "C#",
    "다중 배킹필드": "C#",
    "다차원 배열": "C#",
    "Polymorphism": "C#",
    "단일정밀도 부동소수점": "C#",
    "닷넷": "C#",
    ".NET": "C#",
    "대입 연산자 =": "C#",
    "데이트 피커 <DatePicker>": "C#",
    "델리게이트 병합": "C#",
    "독패널": "C#",
    "DockPanel": "C#",
    "디버깅": "C#",
    "디폴트 생성자": "C#",
    "딕셔너리 초기자": "C#",
    "라디오버튼 <RadioButton>": "C#",
    "라이브러리": "C#",
    "람다식": "C#",
    "랩패널": "C#",
    "WrapPanel": "C#",
    "런타임 에러": "C#",
    "레이블 <Label>": "C#",
    "레이아웃 컨트롤": "C#",
    "Layout Control": "C#",
    "레퍼런스 전달에 의한 호출": "C#",
    "call by reference": "C#",
    "로지컬 에러": "C#",
    "리스트 박스 <ListBox>": "C#",
    "Literal": "C#",
    "링크": "C#",
    "Link": "C#",
    "마진": "C#",
    "Margin": "C#",
    "매개변수": "C#",
    "가변적": "C#",
    "method": "C#",
    "메소드 레퍼런스": "C#",
    "메소드 시그니처": "C#",
    "signature": "C#",
    "메소드 오버라이딩": "C#",
    "Method Overriding": "C#",
    "메소드 오버로딩": "C#",
    "Method Overloading": "C#",
    "메소드 전달": "C#",
    "메소드 정의": "C#",
    "메소드 추가": "C#",
    "메시지 박스": "C#",
    "MessageBox": "C#",
    "멤버 액세스 연산자": "C#",
    "명령어": "C#",
    "command": "C#",
    "명령행 인자 입력": "C#",
    "명명된 매개변수": "C#",
    "Named Parameter": "C#",
    "명시적 형변환": "C#",
    "문자 리터럴": "C#",
    "문자열 리터럴": "C#",
    "문자열 보간법": "C#",
    "미디어엘리먼트 <MediaElement>": "C#",
    "바이트": "C#",
    "byte": "C#",
    "boxing": "C#",
    "반환": "C#",
    "리턴": "C#",
    "return": "C#",
    "Array": "C#",
    "배정밀도 부동소수점": "C#",
    "버튼 <Button>": "C#",
    "범위 연산자 ..": "C#",
    "Sealed Method": "C#",
    "봉인 클래스": "C#",
    "Sealed Class": "C#",
    "부모 클래스": "C#",
    "Parent Class": "C#",
    "부분 클래스": "C#",
    "Partial Class": "C#",
    "불린": "C#",
    "Boolean": "C#",
    "뷰 박스 <ViewBox>": "C#",
    "비교 연산자": "C#",
    "비율 크기 지정": "C#",
    "비즈니스 로직": "C#",
    "비트 AND 연산자 &": "C#",
    "비트": "C#",
    "bit": "C#",
    "비트 NOT 연산자 ~": "C#",
    "비트 OR 연산자 |": "C#",
    "비트 XOR 연산자 ^": "C#",
    "비트 논리 연산자": "C#",
    "비트 대입 연산자": "C#",
    "&=": "C#",
    "|=": "C#",
    "^=": "C#",
    "<<=": "C#",
    ">>=": "C#",
    "비트 쉬프트 연산자": "C#",
    "빌드": "C#",
    "Build": "C#",
    "사용자 인터페이스": "C#",
    "UI": "C#",
    "사용자 정의형": "C#",
    "Custom Type": "C#",
    "산술 대입 연산자": "C#",
    "+=": "C#",
    "-=": "C#",
    "*=": "C#",
    "/=": "C#",
    "%=": "C#",
    "상속": "C#",
    "Inheritance": "C#",
    "상수 필드": "C#",
    "생성자 오버로딩": "C#",
    "선택적 매개변수": "C#",
    "셀 병합": "C#",
    "속성": "C#",
    "스크롤뷰어 <ScrollViewer>": "C#",
    "스태틱 클래스": "C#",
    "Static Class": "C#",
    "스택": "C#",
    "Stack": "C#",
    "스택패널": "C#",
    "StackPanel": "C#",
    "스택프레임": "C#",
    "슬라이더 <Slider>": "C#",
    "슬라이싱": "C#",
    "시스템 에러": "C#",
    "시스템 예외": "C#",
    "System Exception": "C#",
    "식별자": "C#",
    "Identifier": "C#",
    "실수 리터럴": "C#",
    "실행제어 구조": "C#",
    "쓰기 전용 자동 프로퍼티": "C#",
    "아이템즈 컨트롤": "C#",
    "Items Control": "C#",
    "암시적 형변환": "C#",
    "attribute": "C#",
    "애플리케이션": "C#",
    "액세서": "C#",
    "accssor": "C#",
    "어셈블리": "C#",
    "Assembly": "C#",
    "Unboxing": "C#",
    "에러": "C#",
    "Error": "C#",
    "연산자 ^": "C#",
    "operator": "C#",
    "영상 데이터": "C#",
    "예약어": "C#",
    "Keyword": "C#",
    "Exception": "C#",
    "예외 전달": "C#",
    "오류": "C#",
    "버그": "C#",
    "Bug": "C#",
    "오른쪽 비트 쉬프트 연산자 >>": "C#",
    "왼쪽 비트 쉬프트 연산자 <<": "C#",
    "원소": "C#",
    "element": "C#",
    "원소 액세스 연산자 []": "C#",
    "윈도우 애플리케이션": "C#",
    "윈도우즈 폼": "C#",
    "Windows Form": "C#",
    "유니코드표": "C#",
    "Unicode": "C#",
    "유니폼그리드": "C#",
    "UniformGrid": "C#",
    "음성 데이터": "C#",
    "이미지 <Image>": "C#",
    "Event": "C#",
    "이벤트 공급자": "C#",
    "Event Provider": "C#",
    "이벤트 구독자": "C#",
    "Event Subscriber": "C#",
    "이벤트 핸들러": "C#",
    "Event Handler": "C#",
    "이스케이프 문자": "C#",
    "Escape 문자": "C#",
    "이차원 배열": "C#",
    "익명 메소드": "C#",
    "익스팬더 <Expander>": "C#",
    "인덱서의 오버로딩": "C#",
    "인덱스 번호": "C#",
    "인덱싱": "C#",
    "instance": "C#",
    "인코딩": "C#",
    "일급 함수": "C#",
    "first class function": "C#",
    "일반화": "C#",
    "일차원 배열": "C#",
    "읽기 전용 자동 프로퍼티": "C#",
    "자동 크기 지정": "C#",
    "자동 프로퍼티": "C#",
    "자식 클래스": "C#",
    "Child Class": "C#",
    "재귀 메소드": "C#",
    "Recursive Method": "C#",
    "재기드 배열": "C#",
    "절대 크기 지정": "C#",
    "절차 지향적 방법": "C#",
    "점프문": "C#",
    "정수 리터럴": "C#",
    "Generic": "C#",
    "제네릭 딕셔너리 Dictionary<TKey": "C#",
    "TValue>": "C#",
    "제네릭 리스트 List": "C#",
    "generic method": "C#",
    "제네릭 스택 Stack": "C#",
    "제네릭 컬렉션": "C#",
    "제네릭 큐 Queue": "C#",
    "generic class": "C#",
    "제네릭 형매개변수": "C#",
    "조건 연산자 ?": "C#",
    "주석문": "C#",
    "comment": "C#",
    "중간언어": "C#",
    "CIL": "C#",
    "Common Intermediate Language": "C#",
    "중첩 if-else 문": "C#",
    "중첩제어문": "C#",
    "증가 연산자 ++": "C#",
    "지역 메소드": "C#",
    "지역변수": "C#",
    "local variable": "C#",
    "지역 상수": "C#",
    "local constant": "C#",
    "참조": "C#",
    "reference": "C#",
    "Reference Type": "C#",
    "체크박스 <CheckBox>": "C#",
    "최상위 문": "C#",
    "Top-Level Statement": "C#",
    "추상클래스": "C#",
    "Abstract Class": "C#",
    "추상화": "C#",
    "캐스팅": "C#",
    "Casting": "C#",
    "캔버스": "C#",
    "Canvas": "C#",
    "캘린더 <Calender>": "C#",
    "캡슐화": "C#",
    "Encapsulation": "C#",
    "컨테이너": "C#",
    "Container": "C#",
    "컨텐트": "C#",
    "Content": "C#",
    "컨텐트 컨트롤": "C#",
    "Content Control": "C#",
    "Control": "C#",
    "컬렉션": "C#",
    "Collection": "C#",
    "컬렉션 초기자": "C#",
    "컴파일": "C#",
    "Compile": "C#",
    "컴파일 에러": "C#",
    "코드비하인드": "C#",
    "Code-behind": "C#",
    "콘솔": "C#",
    "Console": "C#",
    "콤보박스 <ComboBox>": "C#",
    "Queue": "C#",
    "크기공유그룹": "C#",
    "Shared Size Groups": "C#",
    "class": "C#",
    "key": "C#",
    "태그 엘리먼트": "C#",
    "Tag Element": "C#",
    "탭컨트롤 <TabControl>": "C#",
    "텍스트박스 <TextBox>": "C#",
    "텍스트블록 <TextBlock>": "C#",
    "통합개발환경": "C#",
    "IDE": "C#",
    "Integrated Development": "C#",
    "Environment": "C#",
    "파스칼": "C#",
    "Pascal": "C#",
    "패딩": "C#",
    "Padding": "C#",
    "패스워드박스 <PasswordBox>": "C#",
    "표준 이벤트": "C#",
    "프로그래밍 언어": "C#",
    "programming language": "C#",
    "Property": "C#",
    "플랫폼": "C#",
    "피연산자": "C#",
    "operand": "C#",
    "필수 매개변수": "C#",
    "해시테이블": "C#",
    "HashTable": "C#",
    "핸들러": "C#",
    "콜백메소드": "C#",
    "등록 삭제": "C#",
    "헤더컨텐트 컨트롤": "C#",
    "Headered Content Control": "C#",
    "형변환": "C#",
    "Type Conversion": "C#",
    "호출 연산자": "C#",
    "Add": "C#",
    "AND 연산": "C#",
    "AND 연산을 위한 연산자 &&": "C#",
    "ApplicationException": "C#",
    "Application.OnStartup": "C#",
    "Application 클래스": "C#",
    "App.xaml": "C#",
    "App.xaml.cs": "C#",
    "ArrayList": "C#",
    "ASCII 코드표": "C#",
    "as 연산자": "C#",
    "Background": "C#",
    "base": "C#",
    "base 생성자": "C#",
    "Bold": "C#",
    "bool": "C#",
    "Bottom": "C#",
    "break": "C#",
    "Canvas.Bottom": "C#",
    "Canvas.Left": "C#",
    "Canvas.Right": "C#",
    "Canvas.Top": "C#",
    "case": "C#",
    "catch 블록": "C#",
    "CheckBox": "C#",
    "Click 이벤트": "C#",
    "Clone": "C#",
    "CLR": "C#",
    "Common Language Runtime": "C#",
    "ColumnDefinition": "C#",
    "Columns": "C#",
    "CompareTo": "C#",
    "Concat": "C#",
    "Console.ReadLine": "C#",
    "Console.WriteLine": "C#",
    "const": "C#",
    "const 상수 필드": "C#",
    "Contains": "C#",
    "ContainsKey": "C#",
    "ContainsValue": "C#",
    "continue": "C#",
    "Convert.ToDouble": "C#",
    "Convert.ToInt32": "C#",
    "decimal": "C#",
    "default": "C#",
    "default 연산자": "C#",
    "delegate": "C#",
    "Dequeue": "C#",
    "DivideByZeroException": "C#",
    "DockPanel.Dock": "C#",
    "double": "C#",
    "double.MaxValue": "C#",
    "double.MinValue": "C#",
    "double.NegativeInfinity": "C#",
    "double.Parse": "C#",
    "double.PositiveInfinity": "C#",
    "do-while": "C#",
    "Ellipse": "C#",
    "EndsWith": "C#",
    "Enqueue": "C#",
    "Equals": "C#",
    "EventArgs": "C#",
    "EventHandler": "C#",
    "Exception 클래스": "C#",
    "false": "C#",
    "FIFO": "C#",
    "FileNotFoundException": "C#",
    "Fill 속성": "C#",
    "FILO": "C#",
    "Finalize": "C#",
    "finally 블록": "C#",
    "fix": "C#",
    "float": "C#",
    "float.NegativeInfinity": "C#",
    "float.PositiveInfinity": "C#",
    "FlowDirection": "C#",
    "FontFamily": "C#",
    "FontSize": "C#",
    "FontStyle": "C#",
    "FontWeight": "C#",
    "for": "C#",
    "foreach": "C#",
    "Foreground": "C#",
    "Format": "C#",
    "get": "C#",
    "GetByIndex": "C#",
    "GetHashCode": "C#",
    "GetKey": "C#",
    "getter 메소드": "C#",
    "GetType": "C#",
    "get 액세서": "C#",
    "goto": "C#",
    "Grid.Column": "C#",
    "Grid.ColumnDefinitions": "C#",
    "Grid.ColumnSpan": "C#",
    "Grid.IsSharedSizeScope": "C#",
    "Grid.Row": "C#",
    "Grid.RowDefinitions": "C#",
    "Grid.RowSpan": "C#",
    "GridSplitter": "C#",
    "그리드 분할기": "C#",
    "Height": "C#",
    "HirozontalAlignment": "C#",
    "Horizontal": "C#",
    "HorizontalAlignment": "C#",
    "HorizontalContentAlignment": "C#",
    "Hyperlink": "C#",
    "if-else 문": "C#",
    "in": "C#",
    "IndexOf": "C#",
    "IndexOutOfRangeException": "C#",
    "Insert": "C#",
    "int": "C#",
    "interface": "C#",
    "internal 멤버": "C#",
    "internal 클래스": "C#",
    "int.MaxValue": "C#",
    "int.MinValue": "C#",
    "int.Parse": "C#",
    "IOException": "C#",
    "IsEditable": "C#",
    "IsLetter": "C#",
    "IsLower": "C#",
    "IsNumber": "C#",
    "IsSnapToTickEnable": "C#",
    "IsUpper": "C#",
    "is 연산자": "C#",
    "Italic": "C#",
    "Items": "C#",
    "Left": "C#",
    "LeftToRight": "C#",
    "Length": "C#",
    "LIFO": "C#",
    "LILO": "C#",
    "Line": "C#",
    "LineBreak": "C#",
    "long": "C#",
    "L-Value": "C#",
    "MainWindow.xaml": "C#",
    "MainWindow.xaml.cs": "C#",
    "Maximum": "C#",
    "MemberwiseClone": "C#",
    "Message 속성": "C#",
    "Minimum": "C#",
    "MouseDown 이벤트": "C#",
    "MouseEnter 이벤트": "C#",
    "MouseLeave 이벤트": "C#",
    "MouseMove 이벤트": "C#",
    "MouseUp 이벤트": "C#",
    "MouseWheel 이벤트": "C#",
    "Name": "C#",
    "namespace": "C#",
    "NaN": "C#",
    "Nested Class": "C#",
    "NevigateUri": "C#",
    "new": "C#",
    "NOT 연산": "C#",
    "연산자 !": "C#",
    "null": "C#",
    "nullable": "C#",
    "object": "C#",
    "Object 클래스": "C#",
    "Orientation": "C#",
    "OR 연산": "C#",
    "OR 연산을 위한 연산자 ||": "C#",
    "out": "C#",
    "override": "C#",
    "PadLeft": "C#",
    "PadRight": "C#",
    "params": "C#",
    "Parse": "C#",
    "Peek": "C#",
    "Polygon": "C#",
    "Polyline": "C#",
    "Pop": "C#",
    "PresentationCore": "C#",
    "PresentationFramework": "C#",
    "private protected 멤버": "C#",
    "private 멤버": "C#",
    "protected internal 멤버": "C#",
    "protected 멤버": "C#",
    "public 멤버": "C#",
    "public 클래스": "C#",
    "Push": "C#",
    "RadioButton": "C#",
    "Rank": "C#",
    "readonly": "C#",
    "readonly 상수 필드": "C#",
    "Rectangle": "C#",
    "ref": "C#",
    "ReferenceEquals": "C#",
    "Remove": "C#",
    "Replace": "C#",
    "RequestNavigate": "C#",
    "Reverse": "C#",
    "Right": "C#",
    "RightToLeft": "C#",
    "RowDefinitioin": "C#",
    "Rows": "C#",
    "R-Value": "C#",
    "sbyte": "C#",
    "SelectedIndex": "C#",
    "SelectedItem": "C#",
    "SelectionChanged": "C#",
    "SelectionEnd": "C#",
    "SelectionStart": "C#",
    "set": "C#",
    "SetByIndex": "C#",
    "setter 메소드": "C#",
    "SetValue": "C#",
    "set 액세서": "C#",
    "short": "C#",
    "sizeof 연산자": "C#",
    "Sort": "C#",
    "SortedList": "C#",
    "Span": "C#",
    "Split": "C#",
    "StackTrace 속성": "C#",
    "StartsWith": "C#",
    "Startup": "C#",
    "StartupUri": "C#",
    "static": "C#",
    "static readonly": "C#",
    "static readonly 상수 필드": "C#",
    "static 멤버": "C#",
    "static 생성자": "C#",
    "static 자동 프로퍼티": "C#",
    "static 프로퍼티": "C#",
    "string": "C#",
    "Stroke 속성": "C#",
    "struct": "C#",
    "Substring": "C#",
    "switch문": "C#",
    "switch 표현식": "C#",
    "System": "C#",
    "System.Array": "C#",
    "System.Char": "C#",
    "System.Double": "C#",
    "System.Double.MaxValue": "C#",
    "System.Double.MinValue": "C#",
    "System.Double.Parse": "C#",
    "SystemException": "C#",
    "System.Int32": "C#",
    "System.Int32.MaxValue": "C#",
    "System.Int32.MinValue": "C#",
    "System.Int32.Parse": "C#",
    "System.Object": "C#",
    "System.String": "C#",
    "System 네임스페이스": "C#",
    "TabIndex": "C#",
    "TabStripPlacement": "C#",
    "this": "C#",
    "throw": "C#",
    "TickFrequency": "C#",
    "TickPlacement": "C#",
    "ToLower": "C#",
    "Top": "C#",
    "ToString": "C#",
    "ToUpper": "C#",
    "Trim": "C#",
    "TrimEnd": "C#",
    "TrimStart": "C#",
    "true": "C#",
    "try-catch": "C#",
    "TryParse": "C#",
    "try 블록": "C#",
    "uint": "C#",
    "ulong": "C#",
    "Underline": "C#",
    "ushort": "C#",
    "UTF-8": "C#",
    "Unicode Transformation Format": "C#",
    "UTF-16": "C#",
    "UTF-32": "C#",
    "Value": "C#",
    "var": "C#",
    "Vertical": "C#",
    "VerticalAlignment": "C#",
    "VerticalContentAlignment": "C#",
    "virtual": "C#",
    "while": "C#",
    "WindowsBase": "C#",
    "Window 클래스": "C#",
    "WPF": "C#",
    "Windows Presentation Foundation": "C#",
    "XAML": "C#",
    "eXtensible Application Markup Language": "C#",
    "XAML 네임스페이스": "C#",
    "XAML 트리 구조": "C#",
    "가변 배열": "C#",
    "가비지 콜렉션": "C#",
    "강제 개행": "C#",
    "강제 자료형 변환": "C#",
    "게터": "C#",
    "고유의 이름": "C#",
    "관계형 데이터베이스": "C#",
    "구조체 멤버 변수": "C#",
    "기본 키": "C#",
    "기술문서": "C#",
    "나머지 연산자": "C#",
    "내림차순": "C#",
    "내추럴": "C#",
    "논리 오류": "C#",
    "느낌표 아이콘": "C#",
    "다음 화면": "C#",
    "다이어그램": "C#",
    "닷넷 플랫폼": "C#",
    "대리자 형식": "C#",
    "데이타 입력 관련 메서드": "C#",
    "데이터베이스": "C#",
    "도구 상자": "C#",
    "도구상자": "C#",
    "드래그 앤 드롭": "C#",
    "디자인 영역": "C#",
    "디지털시계": "C#",
    "디코딩": "C#",
    "라디오버튼": "C#",
    "람다 식": "C#",
    "람다 연산자": "C#",
    "랜덤 숫자": "C#",
    "랜덤 실수값": "C#",
    "랜덤값": "C#",
    "레코드": "C#",
    "렌더링 엔진": "C#",
    "로그인": "C#",
    "로컬 타임": "C#",
    "리소스 선택": "C#",
    "리스트 요소 제거": "C#",
    "마스크 속성": "C#",
    "마침표": "C#",
    "맞춤 레이아웃": "C#",
    "메서드": "C#",
    "메서드의 종류": "C#",
    "메시지박스": "C#",
    "멤버": "C#",
    "멤버 요소": "C#",
    "멤버의 종류": "C#",
    "명시적 반환": "C#",
    "모달": "C#",
    "문 람다": "C#",
    "문법 구조": "C#",
    "문자": "C#",
    "문자 상수": "C#",
    "문자 선택 괄호": "C#",
    "문자 자료형": "C#",
    "문자열": "C#",
    "문자열 공백 제거 메서드": "C#",
    "문자열 연결 연산자": "C#",
    "문자열 자료형": "C#",
    "물음표 아이콘": "C#",
    "배열 요소": "C#",
    "배열의 크기": "C#",
    "버블정렬": "C#",
    "벡터": "C#",
    "변수": "C#",
    "복합 대입 연산자": "C#",
    "부동 소수점": "C#",
    "부울 연산자": "C#",
    "부울 자료형": "C#",
    "비만 진료지침": "C#",
    "사용자 지정 형식": "C#",
    "사용자 지정 형식 기호": "C#",
    "상관관계": "C#",
    "상수": "C#",
    "상위 클래스": "C#",
    "색상": "C#",
    "색상 코드": "C#",
    "성적 산출": "C#",
    "세미콜론": "C#",
    "세터": "C#",
    "소수": "C#",
    "솔루션 닫기": "C#",
    "솔루션 탐색기": "C#",
    "순차탐색": "C#",
    "스택 메모리": "C#",
    "식 람다": "C#",
    "식 트리 형식": "C#",
    "신규 문법 구조": "C#",
    "실수 자료형": "C#",
    "아스키코드": "C#",
    "아이템": "C#",
    "알림 설정": "C#",
    "알파벳 대/소문자 처리 메서드": "C#",
    "에러 아이콘": "C#",
    "예외 처리": "C#",
    "오름차순": "C#",
    "오버라이딩": "C#",
    "오버로딩": "C#",
    "윈폼": "C#",
    "윈폼 디자인 화면": "C#",
    "윈폼 클래스 속성": "C#",
    "유니코드": "C#",
    "유연성": "C#",
    "유효 범위": "C#",
    "윤년": "C#",
    "이미지선택": "C#",
    "이벤트 등록": "C#",
    "이벤트 설정": "C#",
    "이전 화면": "C#",
    "이진탐색": "C#",
    "자신감뿜뿜!  C# 프로그래밍 Hard Carry": "C#",
    "인자": "C#",
    "입력 매개 변수": "C#",
    "자동 자료형 변환": "C#",
    "자료형": "C#",
    "자료형 검사 메서드": "C#",
    "자료형 변환": "C#",
    "자료형 크기 확인 연산자": "C#",
    "저장 경로": "C#",
    "접근제한자": "C#",
    "접근제한자의 종류": "C#",
    "정수 상수": "C#",
    "정수 자료형": "C#",
    "중괄호": "C#",
    "중첩 for 문": "C#",
    "중첩 조건문": "C#",
    "증감 연산자": "C#",
    "증감 연산자의 종류": "C#",
    "참조형식": "C#",
    "체질량지수": "C#",
    "체크박스": "C#",
    "출력 메서드": "C#",
    "출력 형식 지정자": "C#",
    "컴파일러": "C#",
    "코드 블록": "C#",
    "코딩 패턴": "C#",
    "콤보박스": "C#",
    "쿼리": "C#",
    "크기 모드": "C#",
    "크기조절": "C#",
    "클래스 객체": "C#",
    "클래스의 속성": "C#",
    "테이블": "C#",
    "텍스트박스": "C#",
    "특정 문화권의": "C#",
    "파라미터": "C#",
    "파일 열기": "C#",
    "패널": "C#",
    "패키지": "C#",
    "평년": "C#",
    "포맷 형식": "C#",
    "폰트 크기": "C#",
    "표준 형식 지정자": "C#",
    "프레임워크 설정": "C#",
    "필드명": "C#",
    "하위 클래스": "C#",
    "합성 서식 문자열": "C#",
    "허용 여부": "C#",
    "형 변환 연산자": "C#",
    "형식 지정자 메서드": "C#",
    "화면 이동 인터페이스": "C#",
    "AddMethod": "C#",
    "AND 논리 연산": "C#",
    "App.axml": "C#",
    "ArithmeticOperation": "C#",
    "Array1D": "C#",
    "Array2D": "C#",
    "ArrayBubbleSort": "C#",
    "ArrayClass": "C#",
    "ArrayClassAD": "C#",
    "ArrayMultiD": "C#",
    "ArrayMultiJD": "C#",
    "as": "C#",
    "AutomaticCast": "C#",
    "AutoSize": "C#",
    "BeforeAndAfterDay": "C#",
    "BMI": "C#",
    "BoolData": "C#",
    "break 점프문": "C#",
    "ButtonAndLLabel": "C#",
    "Center": "C#",
    "CenterParent": "C#",
    "CGI": "C#",
    "CharData": "C#",
    "CharDataS": "C#",
    "CharInput": "C#",
    "Checked": "C#",
    "CheckedBoxEvent": "C#",
    "CheckedChanged": "C#",
    "CheckedListBox": "C#",
    "CheckedListBoxEvent": "C#",
    "Click=": "C#",
    "ClientSize": "C#",
    "CoerciveCast": "C#",
    "ComboBoxEvent": "C#",
    "ComboBoxItems": "C#",
    "Compare": "C#",
    "CompoundOperator": "C#",
    "Console.Read": "C#",
    "Constructor": "C#",
    "continue 점프문": "C#",
    "Convert.ToChar": "C#",
    "COprogram": "C#",
    "count": "C#",
    "CS": "C#",
    "CSProgram": "C#",
    "CultureInfo": "C#",
    "Customers": "C#",
    "DatabaseFacade": "C#",
    "DateCalculator": "C#",
    "DateTime": "C#",
    "DateTime 구조체": "C#",
    "DateTimeFormat": "C#",
    "DateTimePicker": "C#",
    "DayInMonth": "C#",
    "DbContext": "C#",
    "DbContextOptionsBuilder": "C#",
    "DDprogram": "C#",
    "decimal 형식": "C#",
    "DepartmentChoice": "C#",
    "departmentTbl": "C#",
    "do...while 반복문": "C#",
    "DoWhile": "C#",
    "DowhileBreak": "C#",
    "enrolmentDB": "C#",
    "ESCProgram": "C#",
    "EUC-KR": "C#",
    "ExceptionHanding": "C#",
    "FieldAndConstant": "C#",
    "Final": "C#",
    "Final.xaml": "C#",
    "FirstFormApp": "C#",
    "flag": "C#",
    "FlagEvent": "C#",
    "FloatData": "C#",
    "FloatDecimal": "C#",
    "FloatInput": "C#",
    "Font": "C#",
    "for 반복문": "C#",
    "ForContinue": "C#",
    "ForGugudan": "C#",
    "ForIFesleSum": "C#",
    "Form1.cs": "C#",
    "Form1.Designer.cs": "C#",
    "Form1_Load": "C#",
    "FormsTow": "C#",
    "ForNestingGugudan": "C#",
    "ForNestingStar": "C#",
    "ForSum": "C#",
    "GetterSetterMethod": "C#",
    "GMI": "C#",
    "goto 점프문": "C#",
    "GradeCalculator": "C#",
    "GUI": "C#",
    "HistoryDays": "C#",
    "IEnumerable": "C#",
    "if 조건문": "C#",
    "if...else": "C#",
    "if...else if...else": "C#",
    "if...else if...else 조건문": "C#",
    "if...else 조건문": "C#",
    "IfCondition": "C#",
    "IfelseAlphabet": "C#",
    "IfElseCondition": "C#",
    "IfElseifElse": "C#",
    "IfelseifNesting": "C#",
    "IfelseSwitch": "C#",
    "Image": "C#",
    "ImageViewerEvent": "C#",
    "IncrementOperator": "C#",
    "Install": "C#",
    "IntervalTimeSpan": "C#",
    "IQueryable": "C#",
    "is": "C#",
    "IsLeapYear": "C#",
    "label_MouseDown": "C#",
    "LeapYearCheck": "C#",
    "LeapyearOutput": "C#",
    "LifeTimeCalc": "C#",
    "LINQ": "C#",
    "LINQ to XML": "C#",
    "List": "C#",
    "ListElementAdd": "C#",
    "ListElementParallelism": "C#",
    "ListElementRemove": "C#",
    "LoginForm": "C#",
    "Long": "C#",
    "LOprogram": "C#",
    "Mask": "C#",
    "MaskedTextBox": "C#",
    "Math": "C#",
    "MathBasic": "C#",
    "membersDB": "C#",
    "membersDB.db": "C#",
    "MenuStip": "C#",
    "MessageBox.Show": "C#",
    "MessageBoxShow": "C#",
    "MethodOverloading": "C#",
    "Microsoft.Data.Sqlite.Core": "C#",
    "Microsoft.EntityFrameworkCore.Sqlite": "C#",
    "ModifierAccess": "C#",
    "MouseDown": "C#",
    "MSDN": "C#",
    "MyFirstWPF": "C#",
    "Next": "C#",
    "NextDouble": "C#",
    "Nget Package": "C#",
    "OpenFileDialog": "C#",
    "OR 논리 연산": "C#",
    "PasswordChar": "C#",
    "PDC": "C#",
    "Person": "C#",
    "PersonStruct": "C#",
    "PictureBox": "C#",
    "Primary Key": "C#",
    "PrimeOutput": "C#",
    "private": "C#",
    "Program.cs": "C#",
    "protected": "C#",
    "public": "C#",
    "PyramidMethod": "C#",
    "RadioButtonEvent": "C#",
    "Random": "C#",
    "RandomBinarySearch": "C#",
    "RandomClass": "C#",
    "RandomDouble": "C#",
    "RandomMaxMin": "C#",
    "RandomSequentialSearch": "C#",
    "RandomSumAverage": "C#",
    "RDBMS": "C#",
    "ReadOnly": "C#",
    "RemainderOperation": "C#",
    "SCProgram": "C#",
    "SDK": "C#",
    "sizeof": "C#",
    "SizeofData": "C#",
    "spacezone": "C#",
    "SQL Server": "C#",
    "SQLite": "C#",
    "SQLite Browser": "C#",
    "sqlite-net-pcl": "C#",
    "StartPosion": "C#",
    "StretchImage": "C#",
    "String.Format": "C#",
    "string[ ] args": "C#",
    "StringChoice": "C#",
    "StringCompound": "C#",
    "StringConversion": "C#",
    "StringData": "C#",
    "StringInput": "C#",
    "StringTrim": "C#",
    "Student 클래스": "C#",
    "StudentClass": "C#",
    "Subtract": "C#",
    "switch 조건문": "C#",
    "SwitchBlood": "C#",
    "SwitchScore": "C#",
    "SwitchString": "C#",
    "System.Data.SQLite": "C#",
    "TabControl": "C#",
    "TabControlEvent": "C#",
    "TabPages": "C#",
    "Task.Run": "C#",
    "Action": "C#",
    "Text": "C#",
    "TextAlignment": "C#",
    "TextBoxEvent": "C#",
    "Time": "C#",
    "TimeSpan": "C#",
    "Title": "C#",
    "try...catch...finally": "C#",
    "UCT": "C#",
    "User": "C#",
    "UserDataContext": "C#",
    "UTF-": "C#",
    "var 키워드": "C#",
    "VarData": "C#",
    "void": "C#",
    "Welcome": "C#",
    "while 반복문": "C#",
    "WhileGoto": "C#",
    "WhileIFelseSum": "C#",
    "WhileInputSum": "C#",
    "WhileSum": "C#",
    "Width": "C#",
    "Windows Forms": "C#",
    "WPF 속성 시스템": "C#",
    "WPF 애플리케이션": "C#",
    "WPF_BMICalculator": "C#",
    "WPF_ColorBoard": "C#",
    "WPF_Greetings": "C#",
    "WPF_MoveScreen": "C#",
    "WPF_Registration": "C#",
    "WriteLine": "C#",
    "Class": "C#",
    "XElement": "C#",
    "xmlns": "C#",
    "XQuery": "C#",
    ".NET Framework": "C#",
    "16진수 코드값": "C#",
    "2차원 배열": "C#",
    "3차원 배열": "C#"
}