{
    "명품 C++ programming": "C++언어",
    "가상 기본 클래스": "C++언어",
    "가상 상속": "C++언어",
    "가상 소멸자": "C++언어",
    "가상 함수": "C++언어",
    "값에 의한 호출": "C++언어",
    "객체": "C++언어",
    "객체 리턴": "C++언어",
    "객체 배열": "C++언어",
    "객체 배열 초기화": "C++언어",
    "객체 생성": "C++언어",
    "객체 지향": "C++언어",
    "객체 치환": "C++언어",
    "객체 포인터": "C++언어",
    "고급 언어": "C++언어",
    "공백 문자": "C++언어",
    "구체화": "C++언어",
    "기계어": "C++언어",
    "기계어 코드": "C++언어",
    "기계어 코드 리스트": "C++언어",
    "기본 생성자": "C++언어",
    "기본 소멸자": "C++언어",
    "기본 클래스": "C++언어",
    "깊은 복사": "C++언어",
    "늦은 바인딩": "C++언어",
    "니모닉 기호": "C++언어",
    "다국어": "C++언어",
    "다운 캐스팅": "C++언어",
    "다중 상속": "C++언어",
    "다차원 객체 배열": "C++언어",
    "다형성": "C++언어",
    "단항 연산자": "C++언어",
    "동적 메모리 할당": "C++언어",
    "동적 바인딩": "C++언어",
    "디버거": "C++언어",
    "디버깅": "C++언어",
    "디폴트 매개 변수": "C++언어",
    "디폴트 복사 생성자": "C++언어",
    "디폴트 생성자": "C++언어",
    "디폴트 접근 지정": "C++언어",
    "람다": "C++언어",
    "람다 대수": "C++언어",
    "람다식": "C++언어",
    "링크 오류": "C++언어",
    "링킹": "C++언어",
    "매개 변수 없는 조작자": "C++언어",
    "매크로": "C++언어",
    "메모리 누수": "C++언어",
    "멤버 변수": "C++언어",
    "멤버 함수": "C++언어",
    "명시적 타입 변환": "C++언어",
    "목적 코드": "C++언어",
    "목적 파일": "C++언어",
    "무한 루프": "C++언어",
    "묵시적 복사 생성": "C++언어",
    "문자열": "C++언어",
    "문자 코드표": "C++언어",
    "바이너리 I/O": "C++언어",
    "바이너리 파일": "C++언어",
    "반복자": "C++언어",
    "버퍼": "C++언어",
    "범위 규칙": "C++언어",
    "범위 지정 연산자": "C++언어",
    "벡터": "C++언어",
    "복사 생성": "C++언어",
    "복사 생성자": "C++언어",
    "부모 클래스": "C++언어",
    "부작용": "C++언어",
    "삽입 연산자": "C++언어",
    "상속": "C++언어",
    "상속 선언": "C++언어",
    "상태": "C++언어",
    "생략 부호": "C++언어",
    "생명 주기": "C++언어",
    "생성자": "C++언어",
    "생성자 함수 중복": "C++언어",
    "서브 클래스": "C++언어",
    "소멸자": "C++언어",
    "소멸자 함수 중복": "C++언어",
    "소프트웨어": "C++언어",
    "솔루션": "C++언어",
    "순수 가상 함수": "C++언어",
    "순차 접근": "C++언어",
    "순차 컨테이너": "C++언어",
    "슈퍼 클래스": "C++언어",
    "스마트폰": "C++언어",
    "스트림": "C++언어",
    "스트림 버퍼": "C++언어",
    "스트림 상태": "C++언어",
    "스트림 조작자": "C++언어",
    "시스템 소프트웨어": "C++언어",
    "실체": "C++언어",
    "실행 시간 바인딩": "C++언어",
    "실행 오류": "C++언어",
    "실행 파일": "C++언어",
    "알고리즘": "C++언어",
    "얕은 복사": "C++언어",
    "얕은 복사 문제점": "C++언어",
    "어셈블러": "C++언어",
    "어셈블리어": "C++언어",
    "어셈블리어 코드": "C++언어",
    "업 캐스팅": "C++언어",
    "연관 컨테이너": "C++언어",
    "연산자 재정의": "C++언어",
    "연산자 중복": "C++언어",
    "연산자 함수": "C++언어",
    "예외": "C++언어",
    "예외 값": "C++언어",
    "예외 상황": "C++언어",
    "예외 처리기": "C++언어",
    "예외 클래스": "C++언어",
    "예외 파라미터": "C++언어",
    "오류 처리": "C++언어",
    "오버라이딩": "C++언어",
    "위임 생성자": "C++언어",
    "유니코드": "C++언어",
    "유닉스": "C++언어",
    "이름": "C++언어",
    "이름 공간": "C++언어",
    "이름 규칙": "C++언어",
    "이름 충돌": "C++언어",
    "이항 연산자": "C++언어",
    "인라인 함수": "C++언어",
    "인스턴스": "C++언어",
    "인스턴스 멤버": "C++언어",
    "인자 전달 방식": "C++언어",
    "일반 타입": "C++언어",
    "일반화": "C++언어",
    "일반화 프로그래밍": "C++언어",
    "임의 접근": "C++언어",
    "입력 스트림": "C++언어",
    "자식 클래스": "C++언어",
    "저수준 입출력 방식": "C++언어",
    "전역 객체": "C++언어",
    "전역 변수": "C++언어",
    "전역 함수": "C++언어",
    "전위 연산자": "C++언어",
    "전위 ++ 연산자 중복": "C++언어",
    "전처리기": "C++언어",
    "절차 지향 언어": "C++언어",
    "절차 지향 프로그래밍": "C++언어",
    "접근 지정자": "C++언어",
    "정렬": "C++언어",
    "정적 멤버 함수": "C++언어",
    "정적 바인딩": "C++언어",
    "제네릭 클래스": "C++언어",
    "제네릭 타입": "C++언어",
    "제네릭 프로그래밍": "C++언어",
    "제네릭 함수": "C++언어",
    "제임스 고슬링": "C++언어",
    "조건 컴파일": "C++언어",
    "조작자": "C++언어",
    "주석문": "C++언어",
    "주소에 의한 호출": "C++언어",
    "중복 include": "C++언어",
    "중복 함수": "C++언어",
    "중첩 try { } 블록": "C++언어",
    "지역 객체": "C++언어",
    "지역 변수": "C++언어",
    "참조": "C++언어",
    "참조 리턴": "C++언어",
    "참조 매개 변수": "C++언어",
    "참조 변수": "C++언어",
    "참조 변수에 대한 참조 선언": "C++언어",
    "참조 변수의 배열": "C++언어",
    "참조에 의한 호출": "C++언어",
    "참조자": "C++언어",
    "참조 타입": "C++언어",
    "추상 클래스": "C++언어",
    "추상 클래스 구현": "C++언어",
    "추상 클래스 상속": "C++언어",
    "추출 연산자": "C++언어",
    "출력 스트림": "C++언어",
    "캡슐화": "C++언어",
    "캡쳐 리스트": "C++언어",
    "컨테이너": "C++언어",
    "컨테이너 어댑터": "C++언어",
    "컴파일": "C++언어",
    "컴파일러": "C++언어",
    "컴퓨터 하드웨어": "C++언어",
    "클래스": "C++언어",
    "클래스 구현부": "C++언어",
    "클래스 선언부": "C++언어",
    "타겟 생성자": "C++언어",
    "타입 체크": "C++언어",
    "텍스트 I/O": "C++언어",
    "텍스트 I/O 모드": "C++언어",
    "텍스트 파일": "C++언어",
    "템플릿": "C++언어",
    "템플릿 함수": "C++언어",
    "통합 개발 환경": "C++언어",
    "파생 클래스": "C++언어",
    "파일": "C++언어",
    "파일 닫기": "C++언어",
    "파일 모드": "C++언어",
    "파일 열기": "C++언어",
    "파일 크기": "C++언어",
    "파일 포인터": "C++언어",
    "포맷 플래그": "C++언어",
    "표준": "C++언어",
    "표준 입력 스트림": "C++언어",
    "표준 출력 스트림": "C++언어",
    "표준 템플릿 라이브러리": "C++언어",
    "프렌드": "C++언어",
    "프렌드 클래스": "C++언어",
    "프렌드 함수": "C++언어",
    "프로그래밍": "C++언어",
    "프로그래밍 언어": "C++언어",
    "한 줄 읽기": "C++언어",
    "함수 오버라이딩": "C++언어",
    "함수 재정의": "C++언어",
    "함수 중복": "C++언어",
    "함수 중복 간소화": "C++언어",
    "함수 중복의 모호성": "C++언어",
    "함수 호출 오버헤드": "C++언어",
    "행동": "C++언어",
    "헤더 파일": "C++언어",
    "형 변환": "C++언어",
    "호환성": "C++언어",
    "후위 연산자": "C++언어",
    "후위 ++ 연산자 중복": "C++언어",
    "흐름도": "C++언어",
    "Abort": "C++언어",
    "abstract class": "C++언어",
    "ANSI": "C++언어",
    "append": "C++언어",
    "ASCII 코드": "C++언어",
    "Associative Container": "C++언어",
    "at": "C++언어",
    "auto": "C++언어",
    "Bad": "C++언어",
    "badbit": "C++언어",
    "base class": "C++언어",
    "basic_fstream": "C++언어",
    "basic_ifstream": "C++언어",
    "basic_ios": "C++언어",
    "basic_istream": "C++언어",
    "basic_ofstream": "C++언어",
    "basic_ostream": "C++언어",
    "BCPL": "C++언어",
    "begin": "C++언어",
    "binary file": "C++언어",
    "Binary I/O": "C++언어",
    "boolalpha": "C++언어",
    "B 언어": "C++언어",
    "C#": "C++언어",
    "call by address": "C++언어",
    "call by reference": "C++언어",
    "call by value": "C++언어",
    "capacity": "C++언어",
    "carriage return": "C++언어",
    "catch": "C++언어",
    "{ } 블록": "C++언어",
    "cerr": "C++언어",
    "child class": "C++언어",
    "cin": "C++언어",
    "cin 입력 스트림": "C++언어",
    "Circle": "C++언어",
    "class": "C++언어",
    "clear": "C++언어",
    "clog": "C++언어",
    "close": "C++언어",
    "compare": "C++언어",
    "constructor": "C++언어",
    "Container Adaptors": "C++언어",
    "copy constructor": "C++언어",
    "cout": "C++언어",
    "cout 출력 스트림": "C++언어",
    "cpp": "C++언어",
    "CPU": "C++언어",
    "C++ STL 라이브러리": "C++언어",
    "C++ 구조체": "C++언어",
    "C 라이브러리": "C++언어",
    "C-스트링": "C++언어",
    "C 언어": "C++언어",
    "C# 언어": "C++언어",
    "C++ 입출력 라이브러리": "C++언어",
    "C++ 파일 입출력 라이브러리": "C++언어",
    "C++ 표준": "C++언어",
    "C++ 표준 라이브러리": "C++언어",
    "Dec": "C++언어",
    "deep copy": "C++언어",
    "default constructor": "C++언어",
    "default copy constructor": "C++언어",
    "default parameter": "C++언어",
    "delete": "C++언어",
    "derived class": "C++언어",
    "destructor": "C++언어",
    "DLL": "C++언어",
    "down-casting": "C++언어",
    "dynamic binding": "C++언어",
    "End": "C++언어",
    "endl": "C++언어",
    "eof": "C++언어",
    "EOF": "C++언어",
    "eofbit": "C++언어",
    "eofbit 플래그": "C++언어",
    "erase": "C++언어",
    "exception": "C++언어",
    "exception parameter": "C++언어",
    "extern \"C\"": "C++언어",
    "extraction operator": "C++언어",
    "Fail": "C++언어",
    "failbit": "C++언어",
    "file": "C++언어",
    "file close": "C++언어",
    "file mode": "C++언어",
    "file open": "C++언어",
    "fill": "C++언어",
    "find": "C++언어",
    "fixed": "C++언어",
    "flush": "C++언어",
    "for_each": "C++언어",
    "format flag": "C++언어",
    "Fortran": "C++언어",
    "free": "C++언어",
    "friend": "C++언어",
    "friend function": "C++언어",
    "fstream": "C++언어",
    "function overloading": "C++언어",
    "function overriding": "C++언어",
    "Gcount": "C++언어",
    "generic": "C++언어",
    "generic class": "C++언어",
    "generic function": "C++언어",
    "generic programming": "C++언어",
    "generics": "C++언어",
    "generic type": "C++언어",
    "get": "C++언어",
    "char& ch": "C++언어",
    "getline": "C++언어",
    "get pointer": "C++언어",
    "good": "C++언어",
    "Heap": "C++언어",
    "hex": "C++언어",
    "Ifstream": "C++언어",
    "ignore": "C++언어",
    "include": "C++언어",
    "Inheritance": "C++언어",
    "inline function": "C++언어",
    "insert": "C++언어",
    "insertion operator": "C++언어",
    "instance": "C++언어",
    "ios": "C++언어",
    "app": "C++언어",
    "ate": "C++언어",
    "beg": "C++언어",
    "binary": "C++언어",
    "cur": "C++언어",
    "dec": "C++언어",
    "end": "C++언어",
    "in": "C++언어",
    "internal": "C++언어",
    "left": "C++언어",
    "oct": "C++언어",
    "out": "C++언어",
    "right": "C++언어",
    "scientific": "C++언어",
    "showbase": "C++언어",
    "showpoint": "C++언어",
    "showpos": "C++언어",
    "skipws": "C++언어",
    "iostream": "C++언어",
    "trunc": "C++언어",
    "unitbuf": "C++언어",
    "uppercase": "C++언어",
    "isalpha": "C++언어",
    "isdigit": "C++언어",
    "is_open": "C++언어",
    "istream": "C++언어",
    "iterator": "C++언어",
    "Java": "C++언어",
    "Lambda": "C++언어",
    "late binding": "C++언어",
    "length": "C++언어",
    "line feed": "C++언어",
    "L-value": "C++언어",
    "Main": "C++언어",
    "함수": "C++언어",
    "malloc": "C++언어",
    "manipulator": "C++언어",
    "map": "C++언어",
    "multiple inheritance": "C++언어",
    "Namespace": "C++언어",
    "naming mangling": "C++언어",
    "new": "C++언어",
    "non-static 멤버": "C++언어",
    "noshowbase": "C++언어",
    "noshowpoint": "C++언어",
    "noskipws": "C++언어",
    "NULL": "C++언어",
    "Oct": "C++언어",
    "ofstream": "C++언어",
    "open": "C++언어",
    "operator": "C++언어",
    "operator!": "C++언어",
    "operator+": "C++언어",
    "operator++": "C++언어",
    "operator+=": "C++언어",
    "operator==": "C++언어",
    "int": "C++언어",
    "operator overloading": "C++언어",
    "Power": "C++언어",
    "ostream": "C++언어",
    "overriding": "C++언어",
    "Parent class": "C++언어",
    "postfix operator": "C++언어",
    "precision": "C++언어",
    "prefix operator": "C++언어",
    "private": "C++언어",
    "private 상속": "C++언어",
    "protected": "C++언어",
    "protected 상속": "C++언어",
    "public": "C++언어",
    "public 상속": "C++언어",
    "pure virtual function": "C++언어",
    "push_back": "C++언어",
    "put": "C++언어",
    "put pointer": "C++언어",
    "Read": "C++언어",
    "reference": "C++언어",
    "replace": "C++언어",
    "resetioflags": "C++언어",
    "long flags": "C++언어",
    "return 문": "C++언어",
    "run-time binding": "C++언어",
    "R-value": "C++언어",
    "Scientific": "C++언어",
    "seekg": "C++언어",
    "streamoff offset": "C++언어",
    "seekdir": "C++언어",
    "seekbase": "C++언어",
    "streampos pos": "C++언어",
    "seekp": "C++언어",
    "Sequence Container": "C++언어",
    "setbase": "C++언어",
    "int base": "C++언어",
    "setf": "C++언어",
    "setfill": "C++언어",
    "char cFill": "C++언어",
    "setioflags": "C++언어",
    "setprecision": "C++언어",
    "int np": "C++언어",
    "setw": "C++언어",
    "int minWidth": "C++언어",
    "side effect": "C++언어",
    "size": "C++언어",
    "sort": "C++언어",
    "specialization": "C++언어",
    "Standard Template Library": "C++언어",
    "static": "C++언어",
    "static 멤버": "C++언어",
    "std": "C++언어",
    "STL": "C++언어",
    "STL 알고리즘": "C++언어",
    "STL 템플릿": "C++언어",
    "stoi": "C++언어",
    "stream state": "C++언어",
    "string": "C++언어",
    "string 클래스": "C++언어",
    "struct": "C++언어",
    "struct 키워드": "C++언어",
    "sub class": "C++언어",
    "substr": "C++언어",
    "super class": "C++언어",
    "swallow copy": "C++언어",
    "Tellg": "C++언어",
    "tellp": "C++언어",
    "template": "C++언어",
    "template function": "C++언어",
    "text file": "C++언어",
    "Text I/O": "C++언어",
    "this": "C++언어",
    "throw": "C++언어",
    "throw 문": "C++언어",
    "toupper": "C++언어",
    "try-throw-catch": "C++언어",
    "try { } 블록": "C++언어",
    "Unicode": "C++언어",
    "UNIX": "C++언어",
    "unsetf": "C++언어",
    "up-casting": "C++언어",
    "using": "C++언어",
    "Vector": "C++언어",
    "virtual": "C++언어",
    "virtual base class": "C++언어",
    "virtual function": "C++언어",
    "Width": "C++언어",
    "write": "C++언어",
    "<algorithm>": "C++언어",
    "<class T>": "C++언어",
    "<cstring>": "C++언어",
    "<Enter> 키": "C++언어",
    "<fstream>": "C++언어",
    "<iomanip>": "C++언어",
    "<iostream>": "C++언어",
    "<locale>": "C++언어",
    "<string>": "C++언어",
    "<string.h>": "C++언어",
    "<typename T>": "C++언어",
    "<vector>": "C++언어",
    "+ 연산자 중복": "C++언어",
    "+= 연산자 중복": "C++언어",
    "== 연산자 중복": "C++언어",
    "#include": "C++언어",
    "_main": "C++언어",
    "가상테이블": "C++언어",
    "가상함수": "C++언어",
    "구조체": "C++언어",
    "동적 예외 지정자": "C++언어",
    "링크": "C++언어",
    "메소드": "C++언어",
    "메시지": "C++언어",
    "멤버변수": "C++언어",
    "멤버함수": "C++언어",
    "문자 상수": "C++언어",
    "미리 컴파일된 헤더": "C++언어",
    "배열": "C++언어",
    "버퍼링": "C++언어",
    "복사함수": "C++언어",
    "부모클래스": "C++언어",
    "분할 정복": "C++언어",
    "비트연산": "C++언어",
    "비트 연산자": "C++언어",
    "비트 필드": "C++언어",
    "생성자 오버로드": "C++언어",
    "설계패턴": "C++언어",
    "순수 가상함수": "C++언어",
    "식별자": "C++언어",
    "실수상수": "C++언어",
    "실 인자": "C++언어",
    "역참조 연산자": "C++언어",
    "역할": "C++언어",
    "연산자": "C++언어",
    "오버로드": "C++언어",
    "열거형": "C++언어",
    "오버로드 함수 매칭": "C++언어",
    "유니온": "C++언어",
    "자료형 변환": "C++언어",
    "자료형 변환 연산자": "C++언어",
    "자식클래스": "C++언어",
    "전처리": "C++언어",
    "정수 상수": "C++언어",
    "조상": "C++언어",
    "주석": "C++언어",
    "참조변수": "C++언어",
    "추상클래스": "C++언어",
    "추상화": "C++언어",
    "출력연산자": "C++언어",
    "콘솔화면": "C++언어",
    "클래스 뷰": "C++언어",
    "클래스용 멤버함수": "C++언어",
    "클래스 템플릿": "C++언어",
    "클래용 멤버변수": "C++언어",
    "템플릿 매개변수": "C++언어",
    "포인터": "C++언어",
    "폭포수 모형": "C++언어",
    "함수 구현체": "C++언어",
    "함수 시그너처": "C++언어",
    "함수 오버라이드": "C++언어",
    "함수 오버로드": "C++언어",
    "함수 템플릿": "C++언어",
    "함수 포인터": "C++언어",
    "함수 프로토타입": "C++언어",
    "헤더파일": "C++언어",
    "형식 인자": "C++언어",
    "후손": "C++언어",
    "로마자": "C++언어",
    "abstraction": "C++언어",
    "Aggregation": "C++언어",
    "ancestor": "C++언어",
    "array": "C++언어",
    "Association": "C++언어",
    "bad_alloc": "C++언어",
    "bad_cast": "C++언어",
    "bit": "C++언어",
    "break": "C++언어",
    "buffering": "C++언어",
    "byte": "C++언어",
    "catch블록": "C++언어",
    "class template": "C++언어",
    "Concreate class": "C++언어",
    "Consola": "C++언어",
    "console": "C++언어",
    "const": "C++언어",
    "Constructor": "C++언어",
    "const 멤버변수": "C++언어",
    "continue": "C++언어",
    "control flow": "C++언어",
    "delete 연산자": "C++언어",
    "dereference": "C++언어",
    "Derived Class": "C++언어",
    "descendant": "C++언어",
    "design pattern": "C++언어",
    "Divide & Conquer": "C++언어",
    "expression": "C++언어",
    "extern": "C++언어",
    "friend 함수": "C++언어",
    "function": "C++언어",
    "function template": "C++언어",
    "goto": "C++언어",
    "gotoxy": "C++언어",
    "int x": "C++언어",
    "identifier": "C++언어",
    "ifstream": "C++언어",
    "information hiding": "C++언어",
    "inheritance": "C++언어",
    "ios_base": "C++언어",
    "is-a 관계": "C++언어",
    "istringstream": "C++언어",
    "logic_error": "C++언어",
    "method": "C++언어",
    "method chaining": "C++언어",
    "MFC": "C++언어",
    "MVC": "C++언어",
    "new 연산자": "C++언어",
    "Object": "C++언어",
    "ostringstream": "C++언어",
    "overload": "C++언어",
    "override": "C++언어",
    "polymorphism": "C++언어",
    "project": "C++언어",
    "Pure virtual function": "C++언어",
    "recursion": "C++언어",
    "Role": "C++언어",
    "runtime_error": "C++언어",
    "scope resolution": "C++언어",
    "signature": "C++언어",
    "signed/ unsigned": "C++언어",
    "sizeof": "C++언어",
    "solution": "C++언어",
    "statement": "C++언어",
    "stream": "C++언어",
    "stringstream": "C++언어",
    "Template": "C++언어",
    "textbackground": "C++언어",
    "int color": "C++언어",
    "textcolor": "C++언어",
    "try-catch": "C++언어",
    "try블록": "C++언어",
    "typedef": "C++언어",
    "type substitution": "C++언어",
    "union": "C++언어",
    "virtual inheritance": "C++언어",
    "virtual table": "C++언어",
    "Visual Studio": "C++언어",
    "void 포인터": "C++언어",
    "waterfall model": "C++언어",
    "word": "C++언어",
    "#define": "C++언어",
    "_getch": "C++언어",
    "#if": "C++언어",
    "#pragma once": "C++언어",
    "_setcursortype": "C++언어",
    "int cursorType": "C++언어",
    "2의 보수": "C++언어"
}