{
    "JAVA programming": "JAVA",
    "가비지": "JAVA",
    "가비지 컬렉션": "JAVA",
    "가비지 컬렉션 스레드": "JAVA",
    "가비지 컬렉터": "JAVA",
    "가상 키": "JAVA",
    "값에 의한 호출": "JAVA",
    "강제 종료": "JAVA",
    "강제 타입 변환": "JAVA",
    "객체": "JAVA",
    "객체 배열": "JAVA",
    "객체 비교": "JAVA",
    "객체 생성": "JAVA",
    "객체 소멸": "JAVA",
    "객체 전달": "JAVA",
    "객체 지향": "JAVA",
    "객체 지향 언어": "JAVA",
    "객체 지향 프로그래밍": "JAVA",
    "객체 치환": "JAVA",
    "경량 컴포넌트": "JAVA",
    "고급 언어": "JAVA",
    "공백 제거": "JAVA",
    "공유 멤버": "JAVA",
    "구분 문자": "JAVA",
    "그래픽 기반 GUI 프로그래밍": "JAVA",
    "그래픽 컨텍스트": "JAVA",
    "기계어": "JAVA",
    "기본 생성자": "JAVA",
    "기본 타입": "JAVA",
    "기본 타입 전달": "JAVA",
    "나열": "JAVA",
    "날짜": "JAVA",
    "시간 설정하기": "JAVA",
    "시간 알아내기": "JAVA",
    "내부 클래스": "JAVA",
    "논리 리터럴": "JAVA",
    "논리 연산": "JAVA",
    "논리적 오른쪽 시프트": "JAVA",
    "다운캐스팅": "JAVA",
    "다이어몬드 연산자": "JAVA",
    "다이얼로그": "JAVA",
    "다중 if-else 문": "JAVA",
    "다중 상속": "JAVA",
    "다차원 배열": "JAVA",
    "다형성": "JAVA",
    "달력": "JAVA",
    "달의 최대 날 수 알아내기": "JAVA",
    "대입 연산": "JAVA",
    "데몬 스레드": "JAVA",
    "데스크톱 응용프로그램": "JAVA",
    "데이터 타입": "JAVA",
    "도형 그리기": "JAVA",
    "도형 칠하기": "JAVA",
    "동적 바인딩": "JAVA",
    "둥근모서리사각형": "JAVA",
    "디렉터리 생성": "JAVA",
    "디지털 오디오": "JAVA",
    "디폴트": "JAVA",
    "디폴트 멤버": "JAVA",
    "디폴트 배치관리자": "JAVA",
    "디폴트 생성자": "JAVA",
    "디폴트 접근 지정": "JAVA",
    "디폴트 클래스": "JAVA",
    "디폴트 패키지": "JAVA",
    "라디오버튼": "JAVA",
    "라디오버튼 컴포넌트": "JAVA",
    "라운드 로빈": "JAVA",
    "레이블": "JAVA",
    "레퍼런스": "JAVA",
    "레퍼런스 배열": "JAVA",
    "레퍼런스 변수": "JAVA",
    "레퍼런스 변수 선언": "JAVA",
    "레퍼런스 치환": "JAVA",
    "레퍼런스 타입": "JAVA",
    "리스너 인터페이스": "JAVA",
    "리스트 컴포넌트": "JAVA",
    "리터럴": "JAVA",
    "리터럴 테이블": "JAVA",
    "링크": "JAVA",
    "마우스 리스너 달기": "JAVA",
    "마우스 버튼 번호": "JAVA",
    "마우스 클릭 횟수": "JAVA",
    "마우스 포인터 좌표": "JAVA",
    "멀티스레드": "JAVA",
    "멀티스레드 동기화": "JAVA",
    "멀티스레딩": "JAVA",
    "멀티태스킹": "JAVA",
    "메뉴": "JAVA",
    "메뉴 만들기": "JAVA",
    "메뉴 붙이기": "JAVA",
    "메모장": "JAVA",
    "메소드": "JAVA",
    "메소드 오버라이딩": "JAVA",
    "메소드 오버로딩": "JAVA",
    "메소드 중복": "JAVA",
    "메시지 다이얼로그": "JAVA",
    "메인 스레드": "JAVA",
    "모달 다이얼로그": "JAVA",
    "모달리스 다이얼로그": "JAVA",
    "모듈": "JAVA",
    "모듈화": "JAVA",
    "모바일/임베디드 응용프로그램": "JAVA",
    "무한 반복": "JAVA",
    "문자 리터럴": "JAVA",
    "문자 버퍼 스트림": "JAVA",
    "찾아보기.indd": "JAVA",
    "2024-07-04   오후 2": "JAVA",
    "838  찾아보기": "JAVA",
    "문자 스트림": "JAVA",
    "문자열": "JAVA",
    "문자열 그리기": "JAVA",
    "문자열 레이블": "JAVA",
    "문자열 리터럴": "JAVA",
    "문자열 비교": "JAVA",
    "문자열 연결": "JAVA",
    "문자열의 문자": "JAVA",
    "문자열 체크박스": "JAVA",
    "문자 집합": "JAVA",
    "문장": "JAVA",
    "미디": "JAVA",
    "바이너리 파일 복사": "JAVA",
    "바이너리 파일 읽기": "JAVA",
    "바이트": "JAVA",
    "바이트 버퍼 스트림": "JAVA",
    "바이트 스트림": "JAVA",
    "바이트 코드": "JAVA",
    "박싱": "JAVA",
    "반복문": "JAVA",
    "반복자": "JAVA",
    "배경색": "JAVA",
    "배열": "JAVA",
    "배열 공유": "JAVA",
    "배열 리턴": "JAVA",
    "배열 생성": "JAVA",
    "배열 선언": "JAVA",
    "배열의 크기": "JAVA",
    "배열 전달": "JAVA",
    "배열 초기화": "JAVA",
    "배치": "JAVA",
    "배치관리자": "JAVA",
    "배치관리자 없는 컨테이너": "JAVA",
    "배치관리자의 종류": "JAVA",
    "배치관리자 제거": "JAVA",
    "백엔드": "JAVA",
    "백엔드 웹 응용프로그램": "JAVA",
    "버튼 그룹": "JAVA",
    "버튼 컴포넌트": "JAVA",
    "버퍼": "JAVA",
    "버퍼 스트림": "JAVA",
    "버퍼 입출력": "JAVA",
    "벡터": "JAVA",
    "벡터 내의 요소 알아내기": "JAVA",
    "벡터에서 요소 삭제": "JAVA",
    "벡터에 요소 삽입": "JAVA",
    "벡터의 크기 용량": "JAVA",
    "변수": "JAVA",
    "변수 선언": "JAVA",
    "보이기": "JAVA",
    "복잡한 GUI 만들기": "JAVA",
    "부모 컨테이너 찾기": "JAVA",
    "부모 클래스": "JAVA",
    "비교 연산": "JAVA",
    "비정방형 배열": "JAVA",
    "비트": "JAVA",
    "비트 논리 연산": "JAVA",
    "비트 시프트 연산": "JAVA",
    "비트 연산": "JAVA",
    "사각형": "JAVA",
    "사용자 스레드": "JAVA",
    "산술 연산": "JAVA",
    "산술적 오른쪽 시프트": "JAVA",
    "산술적 왼쪽 시프트": "JAVA",
    "삼항 연산자": "JAVA",
    "상속": "JAVA",
    "상속 선언": "JAVA",
    "상수": "JAVA",
    "생명 주기": "JAVA",
    "생성자": "JAVA",
    "서브 클래스": "JAVA",
    "소스 편집": "JAVA",
    "소프트웨어": "JAVA",
    "소프트웨어 재사용": "JAVA",
    "수직 정렬": "JAVA",
    "수평 정렬": "JAVA",
    "순차 검색": "JAVA",
    "숨기기": "JAVA",
    "슈퍼 클래스": "JAVA",
    "스레드": "JAVA",
    "스레드 동기화": "JAVA",
    "스레드 상태": "JAVA",
    "스레드 스케줄링": "JAVA",
    "스레드 우선순위": "JAVA",
    "스레드 정보": "JAVA",
    "스레드 종료": "JAVA",
    "스윙 응용프로그램의 종료": "JAVA",
    "스윙의 페인팅": "JAVA",
    "스윙 컴포넌트": "JAVA",
    "스윙 프레임": "JAVA",
    "스케줄링": "JAVA",
    "스트림": "JAVA",
    "스트림 닫기": "JAVA",
    "스트림 생성": "JAVA",
    "스트림 연결": "JAVA",
    "스트림 입출력": "JAVA",
    "스트림 출력": "JAVA",
    "스트링 리터럴": "JAVA",
    "스프링 프레임워크": "JAVA",
    "슬라이더 컴포넌트": "JAVA",
    "식별자": "JAVA",
    "실수 리터럴": "JAVA",
    "실시간 응용 시스템": "JAVA",
    "실행": "JAVA",
    "실행시간 오류": "JAVA",
    "어댑터 클래스": "JAVA",
    "어셈블리어": "JAVA",
    "언박싱": "JAVA",
    "업캐스팅": "JAVA",
    "연산": "JAVA",
    "연산자": "JAVA",
    "연산자 우선순위": "JAVA",
    "예외": "JAVA",
    "예외 처리": "JAVA",
    "예외 클래스": "JAVA",
    "오디오 API": "JAVA",
    "오디오 스트림": "JAVA",
    "오디오 클립": "JAVA",
    "오버라이딩": "JAVA",
    "오버로딩": "JAVA",
    "요일 알아내기": "JAVA",
    "우선순위": "JAVA",
    "원호": "JAVA",
    "위치": "JAVA",
    "유니코드": "JAVA",
    "유니코드 키": "JAVA",
    "이미지 그리기": "JAVA",
    "이미지 레이블": "JAVA",
    "이미지 로딩": "JAVA",
    "이미지 버튼": "JAVA",
    "이미지 체크박스": "JAVA",
    "이벤트": "JAVA",
    "이벤트 객체": "JAVA",
    "이벤트 기반 프로그래밍": "JAVA",
    "이벤트 리스너": "JAVA",
    "이벤트 리스너 등록": "JAVA",
    "이벤트 리스너 작성": "JAVA",
    "이벤트 분배 스레드": "JAVA",
    "이벤트 소스": "JAVA",
    "이벤트 처리 스레드": "JAVA",
    "이스케이프 시퀀스": "JAVA",
    "이클립스": "JAVA",
    "이클립스 실행": "JAVA",
    "익명 클래스": "JAVA",
    "인스턴스": "JAVA",
    "인스턴스 멤버": "JAVA",
    "인자 전달": "JAVA",
    "인터페이스": "JAVA",
    "인터페이스 구현": "JAVA",
    "인터페이스 상속": "JAVA",
    "임계 영역": "JAVA",
    "입력 다이얼로그": "JAVA",
    "입출력 스트림": "JAVA",
    "자동 박싱": "JAVA",
    "자동 언박싱": "JAVA",
    "자동 타입 변환": "JAVA",
    "자바": "JAVA",
    "자바 API": "JAVA",
    "자바 API 클래스": "JAVA",
    "자바 IDE": "JAVA",
    "자바 가상 기계": "JAVA",
    "자바 소스 컴파일": "JAVA",
    "자바 소스 편집": "JAVA",
    "자바 스레드": "JAVA",
    "자바스크립트": "JAVA",
    "자바 실행 환경": "JAVA",
    "자바 오디오": "JAVA",
    "자바 응용프로그램 실행": "JAVA",
    "자바의 배포판": "JAVA",
    "자바의 실행 환경": "JAVA",
    "자바의 예외 처리": "JAVA",
    "자바 컴파일러": "JAVA",
    "자바 키워드": "JAVA",
    "자바 프로그램의 개발": "JAVA",
    "자바 플랫폼": "JAVA",
    "자식 컴포넌트": "JAVA",
    "자식 클래스": "JAVA",
    "전경색": "JAVA",
    "전역 변수": "JAVA",
    "전역 함수": "JAVA",
    "절차 지향 언어": "JAVA",
    "절차 지향 프로그래밍": "JAVA",
    "접근 지정자": "JAVA",
    "정렬": "JAVA",
    "정방형 배열": "JAVA",
    "정수 리터럴": "JAVA",
    "정적 바인딩": "JAVA",
    "제네릭": "JAVA",
    "제네릭 만들기": "JAVA",
    "제네릭 메소드": "JAVA",
    "제네릭 클래스": "JAVA",
    "제네릭 타입": "JAVA",
    "제임스 고슬링": "JAVA",
    "조건문": "JAVA",
    "조건 연산": "JAVA",
    "주석문": "JAVA",
    "중량 컴포넌트": "JAVA",
    "중첩 if-else 문": "JAVA",
    "중첩 반복": "JAVA",
    "증감 연산": "JAVA",
    "지역변수": "JAVA",
    "체크박스 컴포넌트": "JAVA",
    "최상위 컨테이너": "JAVA",
    "추상 메소드": "JAVA",
    "추상 클래스": "JAVA",
    "추상 클래스의 구현": "JAVA",
    "추상 클래스의 상속": "JAVA",
    "추상 클래스의 용도": "JAVA",
    "카멜 표기법": "JAVA",
    "캐스팅": "JAVA",
    "캡슐화": "JAVA",
    "커스텀 JRE": "JAVA",
    "컨테이너": "JAVA",
    "컨텐트팬": "JAVA",
    "컨텐트팬에 컴포넌트 달기": "JAVA",
    "컬러 다이얼로그": "JAVA",
    "컬렉션": "JAVA",
    "컴파일": "JAVA",
    "컴파일러": "JAVA",
    "컴포넌트": "JAVA",
    "컴포넌트 기반 GUI 프로그래밍": "JAVA",
    "컴포넌트의 절대 위치": "JAVA",
    "컴포넌트의 절대 크기": "JAVA",
    "콤보박스 생성": "JAVA",
    "콤보박스 아이템 삭제": "JAVA",
    "콤보박스에 아이템 추가": "JAVA",
    "콤보박스 컴포넌트": "JAVA",
    "클래스": "JAVA",
    "클래스 로더": "JAVA",
    "클래스 로딩": "JAVA",
    "클래스 만들기": "JAVA",
    "클래스 멤버": "JAVA",
    "클래스 생성": "JAVA",
    "클래스 파일": "JAVA",
    "클리핑": "JAVA",
    "클리핑 영역": "JAVA",
    "키 입력의 독점권": "JAVA",
    "키 코드": "JAVA",
    "타원": "JAVA",
    "타이틀 달기": "JAVA",
    "타입 매개변수": "JAVA",
    "타입 변환": "JAVA",
    "타입 추론": "JAVA",
    "태스크": "JAVA",
    "탭팬": "JAVA",
    "텍스트영역 컴포넌트": "JAVA",
    "텍스트 파일 복사": "JAVA",
    "텍스트 파일 쓰기": "JAVA",
    "텍스트 파일 읽기": "JAVA",
    "텍스트필드 컴포넌트": "JAVA",
    "템플릿": "JAVA",
    "토큰": "JAVA",
    "통합 개발 환경": "JAVA",
    "툴바": "JAVA",
    "툴팁": "JAVA",
    "툴팁 시간 제어": "JAVA",
    "툴팁 지속 시간 제어": "JAVA",
    "툴팁 출력 시간 제어": "JAVA",
    "특수문자 리터럴": "JAVA",
    "파일 고속 복사": "JAVA",
    "파일 다이얼로그": "JAVA",
    "840  찾아보기": "JAVA",
    "파일 리스트": "JAVA",
    "파일 리스트 얻기": "JAVA",
    "파일 및 디렉터리 관리": "JAVA",
    "파일 삭제": "JAVA",
    "파일 쓰기": "JAVA",
    "파일 열기 다이얼로그": "JAVA",
    "파일의 경로명": "JAVA",
    "파일 읽기": "JAVA",
    "파일 저장 다이얼로그": "JAVA",
    "파일 크기": "JAVA",
    "파일 타입 판별": "JAVA",
    "파일 필터": "JAVA",
    "팝업 다이얼로그": "JAVA",
    "패키지": "JAVA",
    "패키지 선언": "JAVA",
    "폐다각형": "JAVA",
    "포커스": "JAVA",
    "폰트": "JAVA",
    "표준 입력 스트림": "JAVA",
    "프레임 만들기": "JAVA",
    "프레임 종료": "JAVA",
    "프로젝트 생성": "JAVA",
    "플랫폼 독립성": "JAVA",
    "플랫폼 독립적": "JAVA",
    "플랫폼 종속성": "JAVA",
    "피연산자": "JAVA",
    "필드": "JAVA",
    "하드웨어": "JAVA",
    "해시맵": "JAVA",
    "해시맵 생성": "JAVA",
    "해시맵에 요소 삽입": "JAVA",
    "해시맵의 장단점": "JAVA",
    "해시맵의 전체 검색": "JAVA",
    "확인 다이얼로그": "JAVA",
    "활성화": "JAVA",
    "힙 메모리": "JAVA",
    "Abstract": "JAVA",
    "ActionEvent": "JAVA",
    "ActionListener": "JAVA",
    "actionPerformed": "JAVA",
    "Action 이벤트": "JAVA",
    "Adapter": "JAVA",
    "add": "JAVA",
    "addActionListener": "JAVA",
    "Component": "JAVA",
    "addItem": "JAVA",
    "addItemListener": "JAVA",
    "addSeparator": "JAVA",
    "AdjustmentEvent": "JAVA",
    "AdjustmentListener": "JAVA",
    "adjustmentValueChanged": "JAVA",
    "advanced for": "JAVA",
    "Alignment": "JAVA",
    "AND": "JAVA",
    "anonymous class": "JAVA",
    "API 도큐먼트": "JAVA",
    "ArithmeticException": "JAVA",
    "ArrayIndexOutOfBoundsException": "JAVA",
    "ArrayList": "JAVA",
    "ArrayList 내의 요소 알아내기": "JAVA",
    "ArrayList에서 요소 삭제": "JAVA",
    "ArrayList에 요소 삽입": "JAVA",
    "ArrayList의 생성": "JAVA",
    "ArrayList의 크기 알아내기": "JAVA",
    "audio clip": "JAVA",
    "auto boxing": "JAVA",
    "auto unboxing": "JAVA",
    "AWT": "JAVA",
    "BinarySearch": "JAVA",
    "boolean": "JAVA",
    "BorderLayout": "JAVA",
    "BorderLayout 배치관리자": "JAVA",
    "boxing": "JAVA",
    "break": "JAVA",
    "break 문": "JAVA",
    "BufferedInputStream": "JAVA",
    "BufferedOutputStream": "JAVA",
    "BufferedReader": "JAVA",
    "BufferedWriter": "JAVA",
    "ButtonGroup 클래스": "JAVA",
    "Byte": "JAVA",
    "Calendar": "JAVA",
    "call-by-value": "JAVA",
    "capacity": "JAVA",
    "CardLayout": "JAVA",
    "case": "JAVA",
    "case 문": "JAVA",
    "catch": "JAVA",
    "C/C++ 프로그램": "JAVA",
    "ChangeListener": "JAVA",
    "Change 이벤트": "JAVA",
    "char": "JAVA",
    "Character": "JAVA",
    "charAt": "JAVA",
    "class": "JAVA",
    "ClassCastException": "JAVA",
    "clear": "JAVA",
    "Clip 인터페이스": "JAVA",
    "close": "JAVA",
    "collection": "JAVA",
    "Collections": "JAVA",
    "Color": "JAVA",
    "compareTo": "JAVA",
    "componentAdded": "JAVA",
    "ContainerEvent": "JAVA",
    "ComponentEvent": "JAVA",
    "componentHidden": "JAVA",
    "ComponentListener": "JAVA",
    "componentMoved": "JAVA",
    "componentRemoved": "JAVA",
    "componentResized": "JAVA",
    "componentShown": "JAVA",
    "concat": "JAVA",
    "constructor": "JAVA",
    "ContainerListener": "JAVA",
    "Container 클래스": "JAVA",
    "continue": "JAVA",
    "Default": "JAVA",
    "default constructor": "JAVA",
    "default 문": "JAVA",
    "delete": "JAVA",
    "delimiter": "JAVA",
    "Double": "JAVA",
    "do-while": "JAVA",
    "do-while 문": "JAVA",
    "downcasting": "JAVA",
    "drawArc": "JAVA",
    "drawImage": "JAVA",
    "drawLine": "JAVA",
    "drawOval": "JAVA",
    "drawPolygon": "JAVA",
    "drawRect": "JAVA",
    "drawRoundRect": "JAVA",
    "drawString": "JAVA",
    "dynamic binding": "JAVA",
    "Eclipse": "JAVA",
    "elementAt": "JAVA",
    "Encapsulation": "JAVA",
    "enum": "JAVA",
    "enumeration": "JAVA",
    "EOF": "JAVA",
    "equals": "JAVA",
    "ERROR_MESSAGE": "JAVA",
    "Event Dispatch Thread": "JAVA",
    "Exception": "JAVA",
    "exists": "JAVA",
    "extends": "JAVA",
    "False": "JAVA",
    "FileInputStream": "JAVA",
    "FileNameExtensionFilter": "JAVA",
    "FileNotFoundException": "JAVA",
    "FileOutputStream": "JAVA",
    "FileReader": "JAVA",
    "FileWriter": "JAVA",
    "File 객체 생성": "JAVA",
    "File 클래스": "JAVA",
    "fillArc": "JAVA",
    "fillRect": "JAVA",
    "final": "JAVA",
    "finalize": "JAVA",
    "finally": "JAVA",
    "final 메소드": "JAVA",
    "final 클래스": "JAVA",
    "final 필드": "JAVA",
    "Float": "JAVA",
    "FlowLayout": "JAVA",
    "FlowLayout 배치관리자": "JAVA",
    "flush": "JAVA",
    "focus": "JAVA",
    "FocusEvent": "JAVA",
    "focusGained": "JAVA",
    "FocusListener": "JAVA",
    "focusLost": "JAVA",
    "Font": "JAVA",
    "for": "JAVA",
    "for-each": "JAVA",
    "for 문": "JAVA",
    "Garbage": "JAVA",
    "garbage collection": "JAVA",
    "garbage collector": "JAVA",
    "gc": "JAVA",
    "generic": "JAVA",
    "get": "JAVA",
    "getButton": "JAVA",
    "getClass": "JAVA",
    "getClickCount": "JAVA",
    "getComponents": "JAVA",
    "getContentPane": "JAVA",
    "getFont": "JAVA",
    "getHeight": "JAVA",
    "getInstance": "JAVA",
    "getItem": "JAVA",
    "getKeyChar": "JAVA",
    "getKeyCode": "JAVA",
    "getKeyText": "JAVA",
    "getLocationOnScreen": "JAVA",
    "getName": "JAVA",
    "getParent": "JAVA",
    "getPath": "JAVA",
    "getPoint": "JAVA",
    "getSource": "JAVA",
    "getStateChange": "JAVA",
    "getTopLevelAncestor": "JAVA",
    "getWidth": "JAVA",
    "getX": "JAVA",
    "getY": "JAVA",
    "Graphical User Interface": "JAVA",
    "Graphics": "JAVA",
    "GridLayout": "JAVA",
    "GridLayout 배치관리자": "JAVA",
    "GUI 컴포넌트": "JAVA",
    "GUI 패키지 계층 구조": "JAVA",
    "HashCode": "JAVA",
    "HashMap<K": "JAVA",
    "V>": "JAVA",
    "hasNext": "JAVA",
    "IDE": "JAVA",
    "if": "JAVA",
    "if-else": "JAVA",
    "IllegalArgumentException": "JAVA",
    "implements": "JAVA",
    "import": "JAVA",
    "Inheritance": "JAVA",
    "InputMismatchException": "JAVA",
    "InputStreamReader": "JAVA",
    "instance": "JAVA",
    "instanceof": "JAVA",
    "int": "JAVA",
    "Integer": "JAVA",
    "Integer.parseInt": "JAVA",
    "IntelliJ IDEA": "JAVA",
    "interface": "JAVA",
    "interrupt": "JAVA",
    "InterruptedException": "JAVA",
    "InterruptedException 예외": "JAVA",
    "IOException": "JAVA",
    "isDirectory": "JAVA",
    "isFile": "JAVA",
    "isVisible": "JAVA",
    "ItemEvent": "JAVA",
    "ItemEvent 객체": "JAVA",
    "ItemListener": "JAVA",
    "ItemListener 인터페이스": "JAVA",
    "itemStateChanged": "JAVA",
    "ItemEvent e": "JAVA",
    "Item 이벤트": "JAVA",
    "iterator": "JAVA",
    "Jar": "JAVA",
    "Java": "JAVA",
    "java.awt": "JAVA",
    "java.base": "JAVA",
    "javac": "JAVA",
    "Java Development Kit": "JAVA",
    "javadoc": "JAVA",
    "Java EE": "JAVA",
    "java.io": "JAVA",
    "java.lang": "JAVA",
    "Java ME": "JAVA",
    "javap": "JAVA",
    "Java Runtime Environment": "JAVA",
    "Java SE": "JAVA",
    "java thread": "JAVA",
    "java.util": "JAVA",
    "javax.swing": "JAVA",
    "java 명령": "JAVA",
    "842  찾아보기": "JAVA",
    "JButton": "JAVA",
    "JCheckBox": "JAVA",
    "JColorChooser": "JAVA",
    "JComboBox": "JAVA",
    "JComponent": "JAVA",
    "JDialog": "JAVA",
    "JDK": "JAVA",
    "JFileChooser": "JAVA",
    "JFrame": "JAVA",
    "JFrame 클래스 상속": "JAVA",
    "JIT 컴파일러": "JAVA",
    "JLabel": "JAVA",
    "jlink": "JAVA",
    "JList": "JAVA",
    "JMenu": "JAVA",
    "JMenuBar": "JAVA",
    "JMenuItem": "JAVA",
    "jmod": "JAVA",
    "JOptionPane": "JAVA",
    "JOptionPane.showConfirmDialog": "JAVA",
    "JOptionPane.showInputDialog": "JAVA",
    "JOptionPane.showMessageDialog": "JAVA",
    "JPanel": "JAVA",
    "JRadioButton": "JAVA",
    "JRE": "JAVA",
    "JScrollPane": "JAVA",
    "JSlider": "JAVA",
    "JSP": "JAVA",
    "JTabbedPane": "JAVA",
    "JTextArea": "JAVA",
    "JTextField": "JAVA",
    "JToolBar": "JAVA",
    "JVM": "JAVA",
    "KeyEvent": "JAVA",
    "KeyListener": "JAVA",
    "keyPressed": "JAVA",
    "keyReleased": "JAVA",
    "keySet": "JAVA",
    "keyTyped": "JAVA",
    "Key 이벤트": "JAVA",
    "LastModified": "JAVA",
    "length": "JAVA",
    "LineEvent 객체": "JAVA",
    "LineListener 인터페이스": "JAVA",
    "Line 이벤트": "JAVA",
    "LinkedList": "JAVA",
    "list": "JAVA",
    "listFiles": "JAVA",
    "ListSelectionEvent": "JAVA",
    "ListSelectionListener": "JAVA",
    "literal": "JAVA",
    "Long": "JAVA",
    "Main": "JAVA",
    "main": "JAVA",
    "메소드의 매개변수": "JAVA",
    "main 스레드": "JAVA",
    "Math": "JAVA",
    "Math.random": "JAVA",
    "method overloading": "JAVA",
    "method overriding": "JAVA",
    "mkdir": "JAVA",
    "modal": "JAVA",
    "modeless": "JAVA",
    "module": "JAVA",
    "MouseAdapter": "JAVA",
    "mouseClicked": "JAVA",
    "MouseEvent": "JAVA",
    "MouseEvent e": "JAVA",
    "mouseDragged": "JAVA",
    "mouseEntered": "JAVA",
    "mouseExited": "JAVA",
    "MouseListener": "JAVA",
    "MouseMotionListener": "JAVA",
    "mouseMoved": "JAVA",
    "mousePressed": "JAVA",
    "mouseReleased": "JAVA",
    "MouseWheelEvent": "JAVA",
    "MouseWheelListener": "JAVA",
    "mouseWheelMoved": "JAVA",
    "MouseWheelEvent e": "JAVA",
    "Mouse 이벤트": "JAVA",
    "New": "JAVA",
    "next": "JAVA",
    "nextBoolean": "JAVA",
    "nextByte": "JAVA",
    "nextDouble": "JAVA",
    "nextFloat": "JAVA",
    "nextInt": "JAVA",
    "nextLine": "JAVA",
    "nextLong": "JAVA",
    "nextShort": "JAVA",
    "nextToken": "JAVA",
    "non-static 멤버": "JAVA",
    "normalIcon": "JAVA",
    "NOT": "JAVA",
    "notify": "JAVA",
    "notifyAll": "JAVA",
    "null": "JAVA",
    "NullPointerException": "JAVA",
    "NumberFormatException": "JAVA",
    "Object": "JAVA",
    "OpenJDK": "JAVA",
    "OR": "JAVA",
    "OutOfMemoryError": "JAVA",
    "overloading": "JAVA",
    "overriding": "JAVA",
    "Package": "JAVA",
    "paint": "JAVA",
    "paintBorder": "JAVA",
    "paintChildren": "JAVA",
    "paintComponent": "JAVA",
    "Polymorphism": "JAVA",
    "private": "JAVA",
    "private 멤버": "JAVA",
    "protected": "JAVA",
    "protected 멤버": "JAVA",
    "public": "JAVA",
    "public 멤버": "JAVA",
    "public 클래스": "JAVA",
    "put": "JAVA",
    "PYPL": "JAVA",
    "Random": "JAVA",
    "read": "JAVA",
    "Reader": "JAVA",
    "remove": "JAVA",
    "removeAll": "JAVA",
    "removeAllElements": "JAVA",
    "repaint": "JAVA",
    "requestFocus": "JAVA",
    "revalidate": "JAVA",
    "reverse": "JAVA",
    "rolloverIcon": "JAVA",
    "rt.jar": "JAVA",
    "run": "JAVA",
    "Runnable 인터페이스": "JAVA",
    "Scanner": "JAVA",
    "separator": "JAVA",
    "set": "JAVA",
    "setBackground": "JAVA",
    "setBorderPainted": "JAVA",
    "setContentPane": "JAVA",
    "setDaemon": "JAVA",
    "setDismissDelay": "JAVA",
    "setEnabled": "JAVA",
    "setFloatable": "JAVA",
    "setFocusable": "JAVA",
    "true": "JAVA",
    "setFont": "JAVA",
    "setForeground": "JAVA",
    "setHorizontalAlignment": "JAVA",
    "int align": "JAVA",
    "setIcon": "JAVA",
    "setInitialDelay": "JAVA",
    "setLayout": "JAVA",
    "setListData": "JAVA",
    "setLocation": "JAVA",
    "setOpaque": "JAVA",
    "setPressedIcon": "JAVA",
    "Icon image": "JAVA",
    "setPriority": "JAVA",
    "setRolloverIcon": "JAVA",
    "setSelected": "JAVA",
    "setSelectedIcon": "JAVA",
    "ImageIcon": "JAVA",
    "setSize": "JAVA",
    "setTitle": "JAVA",
    "setToolTipText": "JAVA",
    "setVerticalAlignment": "JAVA",
    "setVisible": "JAVA",
    "Set 컬렉션": "JAVA",
    "Short": "JAVA",
    "showOpenDialog": "JAVA",
    "showSaveDialog": "JAVA",
    "size": "JAVA",
    "sleep": "JAVA",
    "millis": "JAVA",
    "sort": "JAVA",
    "split": "JAVA",
    "Spring Framework": "JAVA",
    "start": "JAVA",
    "stateChanged": "JAVA",
    "ChangeEvent e": "JAVA",
    "static": "JAVA",
    "static 메소드": "JAVA",
    "static 멤버": "JAVA",
    "Stream": "JAVA",
    "String": "JAVA",
    "StringBuffer": "JAVA",
    "StringTokenizer": "JAVA",
    "sub class": "JAVA",
    "super": "JAVA",
    "super class": "JAVA",
    "super.paintComponent": "JAVA",
    "Swing": "JAVA",
    "switch": "JAVA",
    "switch 문": "JAVA",
    "synchronized": "JAVA",
    "System.exit": "JAVA",
    "System.gc": "JAVA",
    "System.in": "JAVA",
    "System.out.print": "JAVA",
    "System.out.println": "JAVA",
    "TCB": "JAVA",
    "this": "JAVA",
    "thread": "JAVA",
    "Thread Control Block": "JAVA",
    "Thread Synchronization": "JAVA",
    "Thread 클래스": "JAVA",
    "token": "JAVA",
    "tooltip": "JAVA",
    "ToolTipManager": "JAVA",
    "Top Level Container": "JAVA",
    "toString": "JAVA",
    "trim": "JAVA",
    "try": "JAVA",
    "try-catch-finally": "JAVA",
    "Unboxing": "JAVA",
    "Unicode": "JAVA",
    "upcasting": "JAVA",
    "ValueChanged": "JAVA",
    "var": "JAVA",
    "var 키워드": "JAVA",
    "Vector": "JAVA",
    "Virtual Key": "JAVA",
    "Wait": "JAVA",
    "wait": "JAVA",
    "-nodify": "JAVA",
    "-notify": "JAVA",
    "while": "JAVA",
    "while 문": "JAVA",
    "windowActivated": "JAVA",
    "WindowEvent": "JAVA",
    "windowClosed": "JAVA",
    "windowClosing": "JAVA",
    "windowDeactivated": "JAVA",
    "windowDeiconfied": "JAVA",
    "windowIconfied": "JAVA",
    "WindowListener": "JAVA",
    "windowOpened": "JAVA",
    "WORA": "JAVA",
    "workspace": "JAVA",
    "Wrapper 클래스": "JAVA",
    "write": "JAVA",
    "XOR": "JAVA",
    "Yield": "JAVA",
    "<< 연산자": "JAVA",
    ">> 연산자": "JAVA",
    ">>> 연산자": "JAVA",
    "@Override": "JAVA",
    "＼u": "JAVA",
    "== 연산자": "JAVA",
    "2차원 배열": "JAVA",
    "JAVA Essential": "JAVA",
    "객체 속성": "JAVA",
    "객체의 소멸": "JAVA",
    "객체 이름": "JAVA",
    "공개": "JAVA",
    "공백": "JAVA",
    "구체화": "JAVA",
    "그래픽": "JAVA",
    "그린 프로젝트": "JAVA",
    "논리 연산자": "JAVA",
    "논리 타입 리터럴": "JAVA",
    "대입 연산자": "JAVA",
    "동기화 객체": "JAVA",
    "디렉터리의 파일 리스트 얻기": "JAVA",
    "디폴트 메소드": "JAVA",
    "디폴트 버튼": "JAVA",
    "리턴 타입": "JAVA",
    "멀티프로세싱": "JAVA",
    "메뉴바": "JAVA",
    "메뉴아이템": "JAVA",
    "멤버 접근 지정": "JAVA",
    "모바일": "JAVA",
    "문자": "JAVA",
    "바이너리 파일": "JAVA",
    "버튼": "JAVA",
    "분리선": "JAVA",
    "블록": "JAVA",
    "비교 연산자": "JAVA",
    "산술 연산자": "JAVA",
    "상대 위치": "JAVA",
    "색상": "JAVA",
    "서버 소켓": "JAVA",
    "선마이크로시스템즈": "JAVA",
    "소켓": "JAVA",
    "스레드의 상태": "JAVA",
    "스레드의 이름": "JAVA",
    "스윙": "JAVA",
    "시프트 연산자": "JAVA",
    "실시간": "JAVA",
    "실시간 처리": "JAVA",
    "실체": "JAVA",
    "예외 타입": "JAVA",
    "오라클": "JAVA",
    "오크": "JAVA",
    "인터프리터": "JAVA",
    "임베디드": "JAVA",
    "입력 스레드": "JAVA",
    "입력 스트림": "JAVA",
    "자바의 표준 패키지": "JAVA",
    "작업": "JAVA",
    "잘 알려진 포트": "JAVA",
    "재생 스레드": "JAVA",
    "절대 위치": "JAVA",
    "제네릭 프로그래밍": "JAVA",
    "조건 연산자": "JAVA",
    "증감 연산자": "JAVA",
    "채팅 프로그램": "JAVA",
    "체크박스": "JAVA",
    "추상 클래스 구현": "JAVA",
    "추상 클래스 상속": "JAVA",
    "출력 스트림": "JAVA",
    "컴포넌트 기반 프로그래밍": "JAVA",
    "클라이언트 소켓": "JAVA",
    "클래스 접근 지정": "JAVA",
    "타입 매개 변수": "JAVA",
    "텍스트영역": "JAVA",
    "텍스트필드": "JAVA",
    "특성": "JAVA",
    "파일 복사": "JAVA",
    "파일의 확장자": "JAVA",
    "파일 타입": "JAVA",
    "패키지 명": "JAVA",
    "포인터": "JAVA",
    "포트": "JAVA",
    "프로그래밍 언어": "JAVA",
    "프로그램 종료": "JAVA",
    "프로세스": "JAVA",
    "플랫폼 독립": "JAVA",
    "플랫폼 종속": "JAVA",
    "행동": "JAVA",
    "확장": "JAVA",
    "accept": "JAVA",
    "addKeyListener": "JAVA",
    "addMouseListener": "JAVA",
    "addMouseMotionListener": "JAVA",
    "array": "JAVA",
    "Boolean": "JAVA",
    "Call-by-value": "JAVA",
    "casting": "JAVA",
    "CENTER": "JAVA",
    "Container": "JAVA",
    "currentThread": "JAVA",
    "default 메소드": "JAVA",
    "EAST": "JAVA",
    "escape sequence": "JAVA",
    "exception": "JAVA",
    "field": "JAVA",
    "generics": "JAVA",
    "generic type": "JAVA",
    "getImage": "JAVA",
    "getInputStream": "JAVA",
    "getOutputStream": "JAVA",
    "GUI": "JAVA",
    "GUI 라이브러리": "JAVA",
    "GUI 패키지": "JAVA",
    "GUI 프로그래밍": "JAVA",
    "HashSet": "JAVA",
    "heavy weight component": "JAVA",
    "Icon": "JAVA",
    "Image 객체": "JAVA",
    "inheritance": "JAVA",
    "instanceof 연산자": "JAVA",
    "ipconfig": "JAVA",
    "IP 주소": "JAVA",
    "Iterator": "JAVA",
    "JApplet": "JAVA",
    "jar": "JAVA",
    "java": "JAVA",
    "JIT": "JAVA",
    "jmods 디렉터리": "JAVA",
    "KeyEvent 객체": "JAVA",
    "KeyEvent 클래스": "JAVA",
    "Length": "JAVA",
    "length 필드": "JAVA",
    "light weight component": "JAVA",
    "localhost": "JAVA",
    "method": "JAVA",
    "modules": "JAVA",
    "multi-processing": "JAVA",
    "multitasking": "JAVA",
    "multi-threading": "JAVA",
    "NORTH": "JAVA",
    "Object 클래스": "JAVA",
    "parseDouble": "JAVA",
    "parseInt": "JAVA",
    "polymorphism": "JAVA",
    "port": "JAVA",
    "producer-consumer": "JAVA",
    "readLine": "JAVA",
    "Runnable": "JAVA",
    "ServerSocket": "JAVA",
    "Set": "JAVA",
    "setBounds": "JAVA",
    "setColor": "JAVA",
    "setDefaultCloseOperation": "JAVA",
    "setJMenuBar": "JAVA",
    "setPressed": "JAVA",
    "setRollover": "JAVA",
    "showConfirmDialog": "JAVA",
    "showInputDialog": "JAVA",
    "showMessageDialog": "JAVA",
    "socket": "JAVA",
    "Socket": "JAVA",
    "SOUTH": "JAVA",
    "Stack": "JAVA",
    "synchronization": "JAVA",
    "TCP/IP": "JAVA",
    "try-catch": "JAVA",
    "Var": "JAVA",
    "well-known ports": "JAVA",
    "WEST": "JAVA",
    "Writer": "JAVA",
    "<Enter> 키": "JAVA",
    ".jmod": "JAVA"
}