{
    "가시광선의 분포": "OpenCV",
    "가우스 소거법": "OpenCV",
    "가우시안 분포": "OpenCV",
    "가우시안 저주파 통": "OpenCV",
    "필터": "OpenCV",
    "각도 간격": "OpenCV",
    "감산 혼합": "OpenCV",
    "거리 간격": "OpenCV",
    "경계타입": "OpenCV",
    "고무 시트 변환": "OpenCV",
    "고유벡터": "OpenCV",
    "고주파 공간 영역": "OpenCV",
    "관심 영역": "OpenCV",
    "그레이 스케일": "OpenCV",
    "극좌표계": "OpenCV",
    "글자 학습 데이터": "OpenCV",
    "기울기": "OpenCV",
    "기저 함수": "OpenCV",
    "나눗셈 몫": "OpenCV",
    "내장함수": "OpenCV",
    "넘파이": "OpenCV",
    "누적 빈도수": "OpenCV",
    "누적 행렬": "OpenCV",
    "다단계": "OpenCV",
    "닫힘 연산": "OpenCV",
    "대각합": "OpenCV",
    "동차 좌표계": "OpenCV",
    "들여쓰기": "OpenCV",
    "디졸브": "OpenCV",
    "디지털 영상": "OpenCV",
    "라플라시안 마스크": "OpenCV",
    "룩업테이블": "OpenCV",
    "리스트": "OpenCV",
    "마우스 상태": "OpenCV",
    "마우스 이벤트 종류": "OpenCV",
    "멀티 하네스": "OpenCV",
    "메뉴 아이콘": "OpenCV",
    "명암 대비": "OpenCV",
    "명암도 영상": "OpenCV",
    "모듈": "OpenCV",
    "모라벡": "OpenCV",
    "모아레": "OpenCV",
    "모폴로지": "OpenCV",
    "문자열의 폰트": "OpenCV",
    "미분": "OpenCV",
    "밝기의 변화율": "OpenCV",
    "버터워스 저주파 통": "OpenCV",
    "버터플라이": "OpenCV",
    "보간 방법": "OpenCV",
    "비최대치 억제": "OpenCV",
    "사상": "OpenCV",
    "사용자 인터페이스": "OpenCV",
    "사전": "OpenCV",
    "색상 팔레트": "OpenCV",
    "샤프닝 마스크": "OpenCV",
    "서브플롯": "OpenCV",
    "서포트 벡터": "OpenCV",
    "세리프 폰트": "OpenCV",
    "셔플링": "OpenCV",
    "소금-후추 잡음": "OpenCV",
    "수행시간": "OpenCV",
    "순방향 사상": "OpenCV",
    "슬라이스 연산자": "OpenCV",
    "시프트": "OpenCV",
    "실행": "OpenCV",
    "Run": "OpenCV",
    "의 단축키": "OpenCV",
    "아웃 포커싱": "OpenCV",
    "알파": "OpenCV",
    "투명도": "OpenCV",
    "채널": "OpenCV",
    "양선형 보간의": "OpenCV",
    "양자화": "OpenCV",
    "어파인 변환": "OpenCV",
    "에지 강도": "OpenCV",
    "여백": "OpenCV",
    "역방향 사상": "OpenCV",
    "역행렬": "OpenCV",
    "연립방정식": "OpenCV",
    "연산 마스크": "OpenCV",
    "연산자": "OpenCV",
    "열거형": "OpenCV",
    "sequence": "OpenCV",
    "객체": "OpenCV",
    "열림 연산": "OpenCV",
    "영삽입": "OpenCV",
    "Zeropadding": "OpenCV",
    "영상 변화량": "OpenCV",
    "SSD": "OpenCV",
    "영상처리": "OpenCV",
    "예외처리": "OpenCV",
    "오버랩": "OpenCV",
    "overlap": "OpenCV",
    "오츠": "OpenCV",
    "otsu": "OpenCV",
    "이진화": "OpenCV",
    "유사 하르 특징": "OpenCV",
    "이력 임계 처리": "OpenCV",
    "이벤트": "OpenCV",
    "이산 코사인 변환": "OpenCV",
    "이산 푸리에 변환": "OpenCV",
    "임펄스 잡음": "OpenCV",
    "저주파 공간 영역": "OpenCV",
    "저주파 통": "OpenCV",
    "정규 분포": "OpenCV",
    "정규화 누적합": "OpenCV",
    "정방행렬": "OpenCV",
    "주점": "OpenCV",
    "주파수": "OpenCV",
    "주파수 스펙트럼": "OpenCV",
    "주파수 영역 필터링": "OpenCV",
    "주파수의 계수": "OpenCV",
    "중심계수": "OpenCV",
    "직교좌표계": "OpenCV",
    "집합": "OpenCV",
    "체스보드 영상": "OpenCV",
    "초점거리": "OpenCV",
    "카메라의 주요 속성": "OpenCV",
    "컬러 타입 결정 상수": "OpenCV",
    "컬러맵": "OpenCV",
    "캐니 에지 알고리즘": "OpenCV",
    "커널": "OpenCV",
    "코너 응답 함수": "OpenCV",
    "코덱 문자": "OpenCV",
    "콜백": "OpenCV",
    "Callback": "OpenCV",
    "함수": "OpenCV",
    "튜플": "OpenCV",
    "트랙바": "OpenCV",
    "파이썬 셀": "OpenCV",
    "파이썬 소스 파일": "OpenCV",
    "파이참": "OpenCV",
    "PyCharm": "OpenCV",
    "편미분": "OpenCV",
    "표본화": "OpenCV",
    "푸리에 변환": "OpenCV",
    "푸리에 역변환": "OpenCV",
    "피연산자": "OpenCV",
    "핀홀 카메카": "OpenCV",
    "행렬식": "OpenCV",
    "허프 변환 수식": "OpenCV",
    "헤르츠": "OpenCV",
    "화소": "OpenCV",
    "화소 단위": "OpenCV",
    "pixel-wise": "OpenCV",
    "회선의": "OpenCV",
    "히스토그램": "OpenCV",
    "abs": "OpenCV",
    "accumulation": "OpenCV",
    "astype": "OpenCV",
    "calc_histo_hue": "OpenCV",
    "calc_spectrum": "OpenCV",
    "cascade classifer 분류기": "OpenCV",
    "ck_time": "OpenCV",
    "classify_numbers": "OpenCV",
    "command": "OpenCV",
    "Common.filters 모듈": "OpenCV",
    "Common.interpolation 모듈": "OpenCV",
    "Common.utils 모듈": "OpenCV",
    "Common 폴더 123": "OpenCV",
    "complex": "OpenCV",
    "contain": "OpenCV",
    "contian_pts": "OpenCV",
    "cornerharris": "OpenCV",
    "create_colorPlatte": "OpenCV",
    "create_hueIndex": "OpenCV",
    "cv2.absdiff": "OpenCV",
    "cv2.addWeighted": "OpenCV",
    "cv2.bitwise_and": "OpenCV",
    "cv2.bitwise_not": "OpenCV",
    "cv2.bitwise_or": "OpenCV",
    "cv2.blur": "OpenCV",
    "cv2.BORDER_CONSTANT": "OpenCV",
    "cv2.boundingRect": "OpenCV",
    "cv2.boxFilter": "OpenCV",
    "cv2.boxPoints": "OpenCV",
    "cv2.calcHist": "OpenCV",
    "cv2.calibrateCamera": "OpenCV",
    "cv2.Canny": "OpenCV",
    "cv2.CascadeClassifier": "OpenCV",
    "cv2.circle": "OpenCV",
    "cv2.COLOR_BGR2GRAY": "OpenCV",
    "cv2.COLOR_BGR2YCrCb": "OpenCV",
    "cv2.compareHist": "OpenCV",
    "cv2.contourArea": "OpenCV",
    "cv2.convertScaleAbs": "OpenCV",
    "cv2.createTrackbar": "OpenCV",
    "cv2.cvtColor": "OpenCV",
    "cv2.dct": "OpenCV",
    "cv2.DCT_INVERSE": "OpenCV",
    "cv2.detectMultiScale": "OpenCV",
    "cv2.dft": "OpenCV",
    "cv2.DFT_COMPLEX_OUTPUT": "OpenCV",
    "cv2.DFT_INVERSE": "OpenCV",
    "cv2.DFT_SCALE": "OpenCV",
    "cv2.dilate": "OpenCV",
    "cv2.ellipse": "OpenCV",
    "cv2.equalizeHist": "OpenCV",
    "cv2.erode": "OpenCV",
    "cv2.fastAtan2": "OpenCV",
    "cv2.FILLED": "OpenCV",
    "cv2.filter2D": "OpenCV",
    "cv2.findChessboardCorners": "OpenCV",
    "cv2.findContours": "OpenCV",
    "cv2.findNearest": "OpenCV",
    "cv2.flip": "OpenCV",
    "cv2.floodFill": "OpenCV",
    "cv2.FLOODFILL_FIXED_RANGE": "OpenCV",
    "cv2.GaussianBlur": "OpenCV",
    "cv2.gemm": "OpenCV",
    "cv2.getAffineTransform": "OpenCV",
    "cv2.getGaussianKernel": "OpenCV",
    "cv2.getOptimalNewCameraMatrix": "OpenCV",
    "cv2.getRectSubPix": "OpenCV",
    "cv2.getRotationMatrix2D": "OpenCV",
    "cv2.getTrackbarPos": "OpenCV",
    "cv2.HoughLines": "OpenCV",
    "cv2.IMAGE_UNCHANGED": "OpenCV",
    "cv2.imread": "OpenCV",
    "cv2.IMREAD_COLOR": "OpenCV",
    "cv2.IMREAD_GRAYSCALE": "OpenCV",
    "cv2.imwrite": "OpenCV",
    "cv2.invert": "OpenCV",
    "cv2.invertAffineTransform": "OpenCV",
    "cv2.Laplacian": "OpenCV",
    "cv2.line": "OpenCV",
    "cv2.LUT": "OpenCV",
    "cv2.magnitued": "OpenCV",
    "cv2.max": "OpenCV",
    "cv2.min": "OpenCV",
    "cv2.minMaxLoc": "OpenCV",
    "cv2.mean": "OpenCV",
    "cv2.meanStdDev": "OpenCV",
    "cv2.medianBlur": "OpenCV",
    "cv2.merge": "OpenCV",
    "cv2.minAreaRect": "OpenCV",
    "cv2.minEnclosingCircle": "OpenCV",
    "cv2.ml.COL_SAMPLE": "OpenCV",
    "cv2.ml.ROW_SAMPLE": "OpenCV",
    "cv2.ml_SVM.predict": "OpenCV",
    "cv2.ml_SVM 클래스": "OpenCV",
    "cv2.ml 모듈": "OpenCV",
    "cv2.MORPH_ERODE": "OpenCV",
    "cv2.morphologyEx": "OpenCV",
    "cv2.moveWindow": "OpenCV",
    "cv2.multiply": "OpenCV",
    "cv2.normalize": "OpenCV",
    "cv2.phase": "OpenCV",
    "cv2.polylines": "OpenCV",
    "cv2.putText": "OpenCV",
    "cv2.randn": "OpenCV",
    "cv2.rectangle": "OpenCV",
    "cv2.reduce": "OpenCV",
    "cv2.repeat": "OpenCV",
    "cv2.resize": "OpenCV",
    "cv2.scaleAdd": "OpenCV",
    "cv2.sepFilter2D": "OpenCV",
    "cv2.setMouseCallback": "OpenCV",
    "cv2.setTrackbarPos": "OpenCV",
    "cv2.Sobel": "OpenCV",
    "cv2.solve": "OpenCV",
    "cv2.sort": "OpenCV",
    "cv2.sortIdx": "OpenCV",
    "cv2.split": "OpenCV",
    "cv2.sumElems": "OpenCV",
    "cv2.THRESH_BINARY": "OpenCV",
    "cv2.THRESH_BINARY_INV": "OpenCV",
    "cv2.threshold": "OpenCV",
    "cv2.THRESH_TOZERO_INV": "OpenCV",
    "cv2.transpose": "OpenCV",
    "cv2.transform": "OpenCV",
    "cv2.undistort": "OpenCV",
    "cv2.VideoCapture 클래스": "OpenCV",
    "cv2.VideoCapture.isOpened": "OpenCV",
    "cv2.VideoCapture.read": "OpenCV",
    "cv2.VideoWriter 클래스": "OpenCV",
    "cv2.VideoWriter.open": "OpenCV",
    "cv2.VideoWriter.write": "OpenCV",
    "cv2.waitKey": "OpenCV",
    "cv2.waitKeyEx": "OpenCV",
    "cv2.warpAffine": "OpenCV",
    "cv2.warpPerspective": "OpenCV",
    "cv2.WINDOW_AUTOSIZE": "OpenCV",
    "cv2.WINDOW_NORMAL": "OpenCV",
    "DC 계수": "OpenCV",
    "DCT 변환 계수의 주파수 성분": "OpenCV",
    "differential": "OpenCV",
    "element-wise": "OpenCV",
    "enumerate": "OpenCV",
    "eval": "OpenCV",
    "expand_dims": "OpenCV",
    "fftpack 모듈": "OpenCV",
    "fftshift": "OpenCV",
    "find_number": "OpenCV",
    "latten": "OpenCV",
    "FLOODFILL_MASK_ONLY": "OpenCV",
    "gzip 모듈": "OpenCV",
    "header 폴더": "OpenCV",
    "IDLE": "OpenCV",
    "if 문": "OpenCV",
    "item": "OpenCV",
    "itemset": "OpenCV",
    "iterations": "OpenCV",
    "KNearest_create": "OpenCV",
    "knn.findnearest": "OpenCV",
    "k-최근접 이웃 분류": "OpenCV",
    "map": "OpenCV",
    "masking": "OpenCV",
    "Matplotlib 패키지": "OpenCV",
    "MNIST": "OpenCV",
    "mnist.pkl.gz": "OpenCV",
    "modulo 방식": "OpenCV",
    "MORPH_CLOSE": "OpenCV",
    "MORPH_DILATE": "OpenCV",
    "MORPH_OPEN": "OpenCV",
    "ndarray 객체": "OpenCV",
    "np.abs": "OpenCV",
    "np.argsort": "OpenCV",
    "np.append": "OpenCV",
    "np.clip": "OpenCV",
    "np.copy": "OpenCV",
    "np.cumsum": "OpenCV",
    "np.divide": "OpenCV",
    "np.divmod": "OpenCV",
    "np.expand_dims": "OpenCV",
    "np.fft.fft2": "OpenCV",
    "np.fft.fftshift": "OpenCV",
    "np.full": "OpenCV",
    "np.histogram": "OpenCV",
    "np.hsplit": "OpenCV",
    "np.meshgrid": "OpenCV",
    "np.multiply": "OpenCV",
    "np.random.choice": "OpenCV",
    "np.random.rand": "OpenCV",
    "np.ravel": "OpenCV",
    "np.reshape": "OpenCV",
    "np.squeeze": "OpenCV",
    "np.sort": "OpenCV",
    "np.subtruct": "OpenCV",
    "np.ones": "OpenCV",
    "np.sum": "OpenCV",
    "np.vsplit": "OpenCV",
    "np.where": "OpenCV",
    "numbers.hwp": "OpenCV",
    "numpy": "OpenCV",
    "numpy.absolute": "OpenCV",
    "numpy.argsort": "OpenCV",
    "numpy.full": "OpenCV",
    "numpy.squeeze": "OpenCV",
    "params 인수": "OpenCV",
    "per-element": "OpenCV",
    "pickle 모듈": "OpenCV",
    "place_middle": "OpenCV",
    "plt.figure": "OpenCV",
    "plt.subplot": "OpenCV",
    "plt.tight_layout": "OpenCV",
    "Project interpreter": "OpenCV",
    "put_string": "OpenCV",
    "pyplot 모듈": "OpenCV",
    "random 모듈": "OpenCV",
    "range": "OpenCV",
    "RGB 화소값": "OpenCV",
    "saturation 방식": "OpenCV",
    "scipy 라이브러리": "OpenCV",
    "select_lines": "OpenCV",
    "Sources Root": "OpenCV",
    "SVM": "OpenCV",
    "SVMtrain.xml": "OpenCV",
    "System Interpreter": "OpenCV",
    "text.hwp": "OpenCV",
    "while 문": "OpenCV",
    "XML 검출기 목록": "OpenCV",
    "YCbCr 컬러 공간": "OpenCV",
    "YUV 컬러 공간": "OpenCV",
    "zeropadding": "OpenCV",
    "zip": "OpenCV",
    "1차원 코사인 변환 함수": "OpenCV",
    "2차원 이산 푸리에 역변환": "OpenCV",
    "2차원 정규 분포 그래프": "OpenCV",
    "가산혼합": "OpenCV",
    "가우시안 블러링": "OpenCV",
    "가우시안 필터": "OpenCV",
    "가우시안 필터링": "OpenCV",
    "간결 선언 방식": "OpenCV",
    "개별 동전영상": "OpenCV",
    "경계타입 결정 옵션상수": "OpenCV",
    "고속 푸리에 변환": "OpenCV",
    "고수준 영상 처리": "OpenCV",
    "고유값 분해": "OpenCV",
    "고주파 통": "OpenCV",
    "필터링": "OpenCV",
    "공간 주파수": "OpenCV",
    "공선점": "OpenCV",
    "관심영역": "OpenCV",
    "구성 관리자": "OpenCV",
    "극 좌표계": "OpenCV",
    "기본 마스크": "OpenCV",
    "base_mask": "OpenCV",
    "기하학 변환": "OpenCV",
    "내용기반 검색방법": "OpenCV",
    "네임스페이스": "OpenCV",
    "namespace": "OpenCV",
    "trace": "OpenCV",
    "동적 연결 라이브러리": "OpenCV",
    "동전 반지름": "OpenCV",
    "디버그 모드": "OpenCV",
    "라이브러리 디렉터리": "OpenCV",
    "라플라시안": "OpenCV",
    "로버트 마스크": "OpenCV",
    "릴리즈 모드": "OpenCV",
    "마스크": "OpenCV",
    "마스크 기반 처리": "OpenCV",
    "마우스 이벤트 옵션": "OpenCV",
    "매핑": "OpenCV",
    "mapping": "OpenCV",
    "매핑 노드": "OpenCV",
    "머신 비전": "OpenCV",
    "명도": "OpenCV",
    "Moravec": "OpenCV",
    "moire": "OpenCV",
    "문자기반 검색방법": "OpenCV",
    "미디언 필터링": "OpenCV",
    "바이큐빅 보간": "OpenCV",
    "반복자": "OpenCV",
    "방사 왜곡": "OpenCV",
    "버터워즈 필터": "OpenCV",
    "butterfly": "OpenCV",
    "벡터": "OpenCV",
    "vector": "OpenCV",
    "클래스": "OpenCV",
    "변환영역": "OpenCV",
    "보간법": "OpenCV",
    "블러링": "OpenCV",
    "빛의 삼원색": "OpenCV",
    "삼각함수의 주기성": "OpenCV",
    "색상": "OpenCV",
    "색상에 대한 RGB 표": "OpenCV",
    "색상팔레트 구성": "OpenCV",
    "색의 삼원색": "OpenCV",
    "샤프닝": "OpenCV",
    "support vector": "OpenCV",
    "shuffling": "OpenCV",
    "소금-후추": "OpenCV",
    "salt & papper": "OpenCV",
    "잡음": "OpenCV",
    "소벨 마스크": "OpenCV",
    "속성 관리자": "OpenCV",
    "속성 시트": "OpenCV",
    "숫자 객체 위치 검색": "OpenCV",
    "숫자 객체 중앙 배치": "OpenCV",
    "숫자 인식 전체 수행": "OpenCV",
    "스크램블": "OpenCV",
    "scramble": "OpenCV",
    "시퀀스 노드": "OpenCV",
    "shift": "OpenCV",
    "실수부": "OpenCV",
    "아이콘의 배치": "OpenCV",
    "아테네 학당": "OpenCV",
    "압축 양식": "OpenCV",
    "양선형 보간법": "OpenCV",
    "어파인 공간": "OpenCV",
    "얼굴": "OpenCV",
    "입술의 유사도": "OpenCV",
    "얼굴 마스크": "OpenCV",
    "masks[2]": "OpenCV",
    "에지": "OpenCV",
    "역참조": "OpenCV",
    "역탄젠트": "OpenCV",
    "arctan": "OpenCV",
    "역행렬의 계산 방법": "OpenCV",
    "zero-padding": "OpenCV",
    "영상 모핑": "OpenCV",
    "영상보기": "OpenCV",
    "영상 워핑": "OpenCV",
    "영상 파일을 처리하는 함수": "OpenCV",
    "영상 합성": "OpenCV",
    "원근법": "OpenCV",
    "원근 투시 변환": "OpenCV",
    "윈도우 창 제어 함수": "OpenCV",
    "윗머리": "OpenCV",
    "귀밑머리의 유사도": "OpenCV",
    "유사 연산자": "OpenCV",
    "이력 임계값 방법": "OpenCV",
    "입술 마스크": "OpenCV",
    "masks[3]": "OpenCV",
    "입술 영역 계산 방식": "OpenCV",
    "입술 영역의 검출": "OpenCV",
    "저수준 영상 처리": "OpenCV",
    "normal distribution": "OpenCV",
    "정방영상": "OpenCV",
    "정현파": "OpenCV",
    "주파수 성분 조작": "OpenCV",
    "주파수 위상": "OpenCV",
    "중간값 필터링": "OpenCV",
    "지역 최대값": "OpenCV",
    "짝수 DFT": "OpenCV",
    "차 연산자": "OpenCV",
    "차영상": "OpenCV",
    "채널 처리": "OpenCV",
    "채도": "OpenCV",
    "최근접 이웃 보간법": "OpenCV",
    "최근접 이웃 알고리즘": "OpenCV",
    "최댓값 필터링": "OpenCV",
    "최솟값 필터링": "OpenCV",
    "추가 종속성": "OpenCV",
    "침식 연산": "OpenCV",
    "카메라 내부 파리미터": "OpenCV",
    "카메라 속성 식별자": "OpenCV",
    "카메라 외부 파라미터": "OpenCV",
    "카메라 캘리브레이션": "OpenCV",
    "camera calibration": "OpenCV",
    "캐니 에지": "OpenCV",
    "캐스케이드": "OpenCV",
    "cascade": "OpenCV",
    "컬러 공간": "OpenCV",
    "컬러 공간 변환 옵션": "OpenCV",
    "컴퓨터그래픽스": "OpenCV",
    "컴퓨터 비전": "OpenCV",
    "코너": "OpenCV",
    "corner": "OpenCV",
    "코덱": "OpenCV",
    "codec": "OpenCV",
    "callback": "OpenCV",
    "크기 변경": "OpenCV",
    "class": "OpenCV",
    "키보드 이벤트": "OpenCV",
    "타원 그리기": "OpenCV",
    "템플릿 클래스": "OpenCV",
    "템플릿 함수": "OpenCV",
    "투영": "OpenCV",
    "projection": "OpenCV",
    "trackbar": "OpenCV",
    "팽창 연산": "OpenCV",
    "평균값 필터링": "OpenCV",
    "평행이동": "OpenCV",
    "포함 디렉터리": "OpenCV",
    "포화 산술 연산": "OpenCV",
    "폰트": "OpenCV",
    "fontFace": "OpenCV",
    "에 대한 옵션": "OpenCV",
    "표준편차": "OpenCV",
    "푸리에 변환 수식": "OpenCV",
    "프리윗 마스크": "OpenCV",
    "핀쿠션 왜곡": "OpenCV",
    "핀홀": "OpenCV",
    "pinhole": "OpenCV",
    "카메라 모델": "OpenCV",
    "하르 유사 특징": "OpenCV",
    "학습 영상": "OpenCV",
    "학습을 위한 숫자 영상": "OpenCV",
    "해리스 코너 검출기": "OpenCV",
    "det": "OpenCV",
    "행렬의 곱셈": "OpenCV",
    "행렬 자료형의 종류": "OpenCV",
    "허수부": "OpenCV",
    "허프 누적행렬": "OpenCV",
    "허프 변환": "OpenCV",
    "허프 변환 좌표계": "OpenCV",
    "hole": "OpenCV",
    "홀수 DFT": "OpenCV",
    "pixel": "OpenCV",
    "화소 기울기": "OpenCV",
    "gradient": "OpenCV",
    "검출": "OpenCV",
    "환경 변수": "OpenCV",
    "회선": "OpenCV",
    "convoluttion": "OpenCV",
    "회전 변환": "OpenCV",
    "회전사각형": "OpenCV",
    "후보영상 벡터": "OpenCV",
    "히스토그램 가중치": "OpenCV",
    "히스토그램 스트레칭": "OpenCV",
    "히스토그램 유사도": "OpenCV",
    "히스토그램 평활화": "OpenCV",
    "acc_mask": "OpenCV",
    "AC 계수": "OpenCV",
    "affine_transform": "OpenCV",
    "bilinear_value": "OpenCV",
    "borderType": "OpenCV",
    "calc_coin_histo": "OpenCV",
    "calc_coins": "OpenCV",
    "calc_cosine": "OpenCV",
    "calc_histo": "OpenCV",
    "calc_Histo": "OpenCV",
    "calc_rotMap": "OpenCV",
    "calc_similarity": "OpenCV",
    "candiate.hpp": "OpenCV",
    "CascadeClassifier": "OpenCV",
    "detectMultiScale": "OpenCV",
    "check_match": "OpenCV",
    "classfy.hpp": "OpenCV",
    "classify": "OpenCV",
    "classify_coins": "OpenCV",
    "classify.hpp": "OpenCV",
    "classify_plates": "OpenCV",
    "closing": "OpenCV",
    "CMYK 컬러 공간": "OpenCV",
    "COL_SAMPLE": "OpenCV",
    "correct_angle.hpp": "OpenCV",
    "correct_image": "OpenCV",
    "create_palette": "OpenCV",
    "cv": "OpenCV",
    "CV_Assert": "OpenCV",
    "bitwise_and": "OpenCV",
    "blur": "OpenCV",
    "boundingRect": "OpenCV",
    "boxFilter": "OpenCV",
    "calcHist": "OpenCV",
    "calibrateCamera": "OpenCV",
    "Canny": "OpenCV",
    "circle": "OpenCV",
    "compareHist": "OpenCV",
    "CV_COMP_CORREL": "OpenCV",
    "convertScaleAbs": "OpenCV",
    "cornerHarris": "OpenCV",
    "createTrackbar": "OpenCV",
    "cvtColor": "OpenCV",
    "dft": "OpenCV",
    "ellipse": "OpenCV",
    "CV_Error_": "OpenCV",
    "Exception 클래스": "OpenCV",
    "fastAtan2": "OpenCV",
    "filter2D": "OpenCV",
    "findChessboardCorners": "OpenCV",
    "findContours": "OpenCV",
    "flip": "OpenCV",
    "floodFill": "OpenCV",
    "GaussianBlur": "OpenCV",
    "gemm": "OpenCV",
    "getAffineTransform": "OpenCV",
    "getGaussianKernel": "OpenCV",
    "getPerspectiveTransform": "OpenCV",
    "getRectSubPix": "OpenCV",
    "getRotationMatrix2D": "OpenCV",
    "HoughLines": "OpenCV",
    "imwrite": "OpenCV",
    "invert": "OpenCV",
    "invertAffineTransform": "OpenCV",
    "Laplacian": "OpenCV",
    "line": "OpenCV",
    "magnitude": "OpenCV",
    "MatConstIterator_": "OpenCV",
    "MatIterator_": "OpenCV",
    "mean": "OpenCV",
    "meanStdDev": "OpenCV",
    "medianBlur": "OpenCV",
    "merge": "OpenCV",
    "minAreaRect": "OpenCV",
    "minMaxIdx": "OpenCV",
    "minMaxLoc": "OpenCV",
    "mixChannels": "OpenCV",
    "morphologyEx": "OpenCV",
    "multiply": "OpenCV",
    "namedWindow": "OpenCV",
    "normalize": "OpenCV",
    "phase": "OpenCV",
    "putText": "OpenCV",
    "rectangle": "OpenCV",
    "reduce": "OpenCV",
    "repeat": "OpenCV",
    "reshape": "OpenCV",
    "resize": "OpenCV",
    "resizeWindow": "OpenCV",
    "sepFilter2D": "OpenCV",
    "setMouseCallback": "OpenCV",
    "solve": "OpenCV",
    "sort": "OpenCV",
    "sortIdx": "OpenCV",
    "split": "OpenCV",
    "sum": "OpenCV",
    "CvSVM": "OpenCV",
    "predict": "OpenCV",
    "train": "OpenCV",
    "CV_TERMCRIT_EPS": "OpenCV",
    "CV_TERMCRIT_ITER": "OpenCV",
    "threshold": "OpenCV",
    "transform": "OpenCV",
    "transpose": "OpenCV",
    "waitKey": "OpenCV",
    "warpAffine": "OpenCV",
    "warpPerspective": "OpenCV",
    "DCT_2D": "OpenCV",
    "DCT_2D_fast": "OpenCV",
    "DCT_block": "OpenCV",
    "detect_area.hpp": "OpenCV",
    "detect_hair": "OpenCV",
    "detect_lip": "OpenCV",
    "DFT_1D": "OpenCV",
    "DFT_2D": "OpenCV",
    "dft_img": "OpenCV",
    "DFT_INVERSE": "OpenCV",
    "DFT_SCALE": "OpenCV",
    "dilation": "OpenCV",
    "display": "OpenCV",
    "DoG": "OpenCV",
    "Difference of Gaussian": "OpenCV",
    "draw": "OpenCV",
    "draw_ellipse": "OpenCV",
    "draw_histo": "OpenCV",
    "draw_histo_hue": "OpenCV",
    "draw_houghLines": "OpenCV",
    "draw_points": "OpenCV",
    "draw_rect": "OpenCV",
    "draw_rotatedRect": "OpenCV",
    "erosion": "OpenCV",
    "EVENT_FLAG_CTRLKEY": "OpenCV",
    "EVENT_FLAG_LBUTTON": "OpenCV",
    "EVENT_LBUTTONDBLCLK": "OpenCV",
    "EVENT_LBUTTONDOWN  146": "OpenCV",
    "EVENT_LBUTTONUP": "OpenCV",
    "EVENT_RBUTTONDOWN": "OpenCV",
    "FFT": "OpenCV",
    "FFT_2D": "OpenCV",
    "fft.hpp": "OpenCV",
    "FileNode": "OpenCV",
    "type": "OpenCV",
    "FileNode 클래스": "OpenCV",
    "FileStorage": "OpenCV",
    "open": "OpenCV",
    "READ": "OpenCV",
    "WRITE": "OpenCV",
    "FileStorage 클래스": "OpenCV",
    "FILLED": "OpenCV",
    "filter": "OpenCV",
    "find_candidates": "OpenCV",
    "find_coins": "OpenCV",
    "find_histoPos": "OpenCV",
    "find_objects": "OpenCV",
    "grouping": "OpenCV",
    "histogram.hpp": "OpenCV",
    "histo.hpp": "OpenCV",
    "hough_coord": "OpenCV",
    "houghLines": "OpenCV",
    "HSI 컬러 공간": "OpenCV",
    "HSV 모델": "OpenCV",
    "IDCT_block": "OpenCV",
    "IFFT": "OpenCV",
    "IMREAD_COLOR  168": "OpenCV",
    "IMREAD_GRAYSCALE  168": "OpenCV",
    "IMWRITE_JPEG_QUALITY": "OpenCV",
    "IMWRITE_PNG_COMPRESSION": "OpenCV",
    "InputArray 클래스": "OpenCV",
    "INTER_CUBIC": "OpenCV",
    "INTER_NEAREST": "OpenCV",
    "IplImage": "OpenCV",
    "KNearest 클래스": "OpenCV",
    "kNN_test": "OpenCV",
    "load_cascade": "OpenCV",
    "LoG": "OpenCV",
    "Laplacian of Gaussian": "OpenCV",
    "log_mag": "OpenCV",
    "make_candidates": "OpenCV",
    "make_coinImg": "OpenCV",
    "make_masks": "OpenCV",
    "make_palatte": "OpenCV",
    "make_tranData": "OpenCV",
    "mask": "OpenCV",
    "Mat": "OpenCV",
    "at": "OpenCV",
    "begin": "OpenCV",
    "col": "OpenCV",
    "end": "OpenCV",
    "inv": "OpenCV",
    "mul": "OpenCV",
    "ptr": "OpenCV",
    "Matx 클래스": "OpenCV",
    "Mat 반복자 클래스": "OpenCV",
    "Mat 클래스": "OpenCV",
    "Mat_ 클래스": "OpenCV",
    "Mat 클래스의 내부 메서드": "OpenCV",
    "minMaxFilter": "OpenCV",
    "ml": "OpenCV",
    "CvSVM 클래스": "OpenCV",
    "KNearest": "OpenCV",
    "findNearest": "OpenCV",
    "mouse_mode": "OpenCV",
    "onMouse": "OpenCV",
    "onTrackbar": "OpenCV",
    "opencv.hpp": "OpenCV",
    "OpenCV 디렉터리 설정": "OpenCV",
    "opening": "OpenCV",
    "OutputArray 클래스": "OpenCV",
    "Path] 항목": "OpenCV",
    "place_icons": "OpenCV",
    "Point3_ 클래스": "OpenCV",
    "Point_ 클래스": "OpenCV",
    "preprocess.hpp": "OpenCV",
    "preprocessing": "OpenCV",
    "preprocessing_plate": "OpenCV",
    "Ptr 클래스": "OpenCV",
    "query_img": "OpenCV",
    "read_trainData": "OpenCV",
    "Rect": "OpenCV",
    "area": "OpenCV",
    "Rect_": "OpenCV",
    "br": "OpenCV",
    "tl": "OpenCV",
    "Rect_ 클래스": "OpenCV",
    "REDUCE_AVG": "OpenCV",
    "refine_candidate": "OpenCV",
    "RETR_EXTERNAL": "OpenCV",
    "RGB 컬러 공간": "OpenCV",
    "RotatedRect 클래스": "OpenCV",
    "rotate_plate": "OpenCV",
    "rotation": "OpenCV",
    "ROW_SAMPLE": "OpenCV",
    "saturate cast": "OpenCV",
    "saturate_cast": "OpenCV",
    "Scalar": "OpenCV",
    "Scalar_ 클래스": "OpenCV",
    "scaling": "OpenCV",
    "scaling_nearest": "OpenCV",
    "select_view": "OpenCV",
    "Size_ 클래스": "OpenCV",
    "SORT_ASCENDING": "OpenCV",
    "SORT_DESCENDING": "OpenCV",
    "SORT_EVERY_COLUMN": "OpenCV",
    "SORT_EVERY_ROW": "OpenCV",
    "sort_lines": "OpenCV",
    "sort_rects": "OpenCV",
    "StatModel": "OpenCV",
    "StatModel 클래스": "OpenCV",
    "std": "OpenCV",
    "SVM_create": "OpenCV",
    "SVMDATA.xml": "OpenCV",
    "SVM.hpp": "OpenCV",
    "Support Vector Machine": "OpenCV",
    "thres_lines": "OpenCV",
    "translation": "OpenCV",
    "typedef 명령어": "OpenCV",
    "utils.hpp": "OpenCV",
    "Vec": "OpenCV",
    "pop_back": "OpenCV",
    "push_back": "OpenCV",
    "size": "OpenCV",
    "Vec 클래스": "OpenCV",
    "vertify_plate": "OpenCV",
    "VideoCapture": "OpenCV",
    "get": "OpenCV",
    "VideoCapture 클래스": "OpenCV",
    "VideoWriter": "OpenCV",
    "fourcc": "OpenCV",
    "VideoWriter 클래스": "OpenCV",
    "WINDOW_AUTOSIZE": "OpenCV",
    "WINDOW_NORMAL": "OpenCV",
    "XML": "OpenCV",
    "Extensible Markup Language": "OpenCV",
    "YCrCb 컬러 공간": "OpenCV",
    "../image/scaling_test.jpg": "OpenCV",
    "<< 연산자": "OpenCV",
    "<< 연산자 함수": "OpenCV",
    ">> 연산자 함수": "OpenCV",
    "2차 미분 연산자": "OpenCV",
    "2차원의 히스토그램": "OpenCV",
    "2차원 이산 푸리에 변환": "OpenCV",
    "3차원 히스토그램": "OpenCV"
}