{
    "가상 회선": "네트워크",
    "virtual circuit": "네트워크",
    "가상 회선 식별자": "네트워크",
    "virtual circuit identifier": "네트워크",
    "가장 긴 마스크 부합": "네트워크",
    "longest mask matching": "네트워크",
    "가장 긴 프리픽스 부합": "네트워크",
    "longest prefix match": "네트워크",
    "방법": "네트워크",
    "간접 전달": "네트워크",
    "indirect delivery": "네트워크",
    "value": "네트워크",
    "개방 루프 혼잡 제어": "네트워크",
    "open-loop congestion control": "네트워크",
    "개방 시스템": "네트워크",
    "Open System": "네트워크",
    "개방 시스템 상호연결": "네트워크",
    "OSI": "네트워크",
    "Interconnection": "네트워크",
    "모델": "네트워크",
    "검사합": "네트워크",
    "checksum": "네트워크",
    "경로 기록": "네트워크",
    "record route": "네트워크",
    "경로지정": "네트워크",
    "계층적 교환": "네트워크",
    "Hierarchical switching": "네트워크",
    "광역 통신망": "네트워크",
    "WAN": "네트워크",
    "Wide Area Network": "네트워크",
    "교환": "네트워크",
    "switching": "네트워크",
    "교환기": "네트워크",
    "switch": "네트워크",
    "근거리 통신망": "네트워크",
    "LAN": "네트워크",
    "Local Area Network": "네트워크",
    "기본 헤더": "네트워크",
    "base header": "네트워크",
    "길이": "네트워크",
    "length": "네트워크",
    "끌기": "네트워크",
    "pull": "네트워크",
    "네트워크 가상 터미널": "네트워크",
    "NVT": "네트워크",
    "네트워크 마스크": "네트워크",
    "network mask": "네트워크",
    "네트워크 인터페이스 카드": "네트워크",
    "NIC": "네트워크",
    "Network Interface": "네트워크",
    "Card": "네트워크",
    "네트워크 주소": "네트워크",
    "Network Address": "네트워크",
    "네트워크-지정 방법": "네트워크",
    "network-specific method": "네트워크",
    "네트워크층": "네트워크",
    "network layer": "네트워크",
    "논리": "네트워크",
    "IP": "네트워크",
    "주소": "네트워크",
    "logical address": "네트워크",
    "논리 링크 제어": "네트워크",
    "logical link control": "네트워크",
    "논리 주소": "네트워크",
    "논리 주소지정": "네트워크",
    "느슨한 발신지 경로": "네트워크",
    "loose source route": "네트워크",
    "다음 헤더": "네트워크",
    "next header": "네트워크",
    "다음-홉 방법": "네트워크",
    "next-hop method": "네트워크",
    "다중화": "네트워크",
    "multiplexing": "네트워크",
    "단순": "네트워크",
    "simple": "네트워크",
    "비연결형 프로토콜": "네트워크",
    "단편화": "네트워크",
    "fragmentation": "네트워크",
    "단편화 모듈": "네트워크",
    "fragmentation module": "네트워크",
    "단편화 옵셋": "네트워크",
    "fragmentation offset": "네트워크",
    "대화 제어기": "네트워크",
    "dialog controller": "네트워크",
    "덤프 분석": "네트워크",
    "dump analysis": "네트워크",
    "데이터": "네트워크",
    "data": "네트워크",
    "데이터그램": "네트워크",
    "datagram": "네트워크",
    "데이터 링크층": "네트워크",
    "data link layer": "네트워크",
    "데이터 전송": "네트워크",
    "data transfer": "네트워크",
    "데이터 전송률": "네트워크",
    "도메인 간 라우팅": "네트워크",
    "CIDR": "네트워크",
    "Classless Interdomain": "네트워크",
    "Routing": "네트워크",
    "동기화": "네트워크",
    "동적 변환": "네트워크",
    "dynamic mapping": "네트워크",
    "동적 포트 번호": "네트워크",
    "dynamic port number": "네트워크",
    "등록된 포트 번호": "네트워크",
    "registered port number": "네트워크",
    "디렉토리 서비스": "네트워크",
    "디스플레이 필터": "네트워크",
    "display filters": "네트워크",
    "디폴트 마스크": "네트워크",
    "default mask": "네트워크",
    "디폴트 방법": "네트워크",
    "default method": "네트워크",
    "라우터": "네트워크",
    "router": "네트워크",
    "라우팅": "네트워크",
    "routing": "네트워크",
    "라우팅 테이블": "네트워크",
    "routing table": "네트워크",
    "레이블": "네트워크",
    "Label": "네트워크",
    "로드": "네트워크",
    "루프백 주소": "네트워크",
    "loopback address": "네트워크",
    "링크": "네트워크",
    "link": "네트워크",
    "마이크로 교환기": "네트워크",
    "microswitch": "네트워크",
    "매개변수 문제": "네트워크",
    "parameter problem": "네트워크",
    "매체 접근 제어": "네트워크",
    "MAC": "네트워크",
    "멀티캐스트 주소": "네트워크",
    "multicast address": "네트워크",
    "메시지": "네트워크",
    "message": "네트워크",
    "목적지 도달 불가능": "네트워크",
    "destination unreachable": "네트워크",
    "목적지 주소": "네트워크",
    "DA": "네트워크",
    "Destination Address": "네트워크",
    "목적지 포트 번호": "네트워크",
    "destination port number": "네트워크",
    "무선 스니퍼": "네트워크",
    "wireless sniffer": "네트워크",
    "무연산": "네트워크",
    "no operation": "네트워크",
    "무차별 모드": "네트워크",
    "Promiscuous Mode": "네트워크",
    "물리": "네트워크",
    "physical address": "네트워크",
    "물리적 접속형태": "네트워크",
    "물리층": "네트워크",
    "physical layer": "네트워크",
    "미닫이 창": "네트워크",
    "sliding window": "네트워크",
    "미해결": "네트워크",
    "outstanding": "네트워크",
    "패킷": "네트워크",
    "밀기": "네트워크",
    "push": "네트워크",
    "바이트": "네트워크",
    "byte": "네트워크",
    "발신지-대-목적지 전달": "네트워크",
    "source-to-destination": "네트워크",
    "delivery": "네트워크",
    "발신지 억제": "네트워크",
    "source quench": "네트워크",
    "발신지 주소": "네트워크",
    "SA": "네트워크",
    "Source Address": "네트워크",
    "발신지 포트 번호": "네트워크",
    "source port number": "네트워크",
    "배년 교환기": "네트워크",
    "banyan switch": "네트워크",
    "배춰-배년 교환기": "네트워크",
    "batcher-banyan switch": "네트워크",
    "버전": "네트워크",
    "version": "네트워크",
    "버클리 패킷 필터링": "네트워크",
    "BPF": "네트워크",
    "Berkeley Packet Filtering": "네트워크",
    "버퍼": "네트워크",
    "buffer": "네트워크",
    "번호": "네트워크",
    "number": "네트워크",
    "변환": "네트워크",
    "보안": "네트워크",
    "security": "네트워크",
    "복사": "네트워크",
    "copy": "네트워크",
    "분할": "네트워크",
    "재조립": "네트워크",
    "블록": "네트워크",
    "Block": "네트워크",
    "비연결형": "네트워크",
    "connectionless": "네트워크",
    "비연결형 서비스": "네트워크",
    "connectionless service": "네트워크",
    "비트": "네트워크",
    "bit": "네트워크",
    "비트 스트림": "네트워크",
    "bit stream": "네트워크",
    "비트의 동기화": "네트워크",
    "비트의 표현": "네트워크",
    "사설 네트워크": "네트워크",
    "private network": "네트워크",
    "사용자 데이터그램": "네트워크",
    "user datagram": "네트워크",
    "사용자 데이터그램 프로토콜": "네트워크",
    "UDP": "네트워크",
    "User Datagram": "네트워크",
    "Protocol": "네트워크",
    "서버": "네트워크",
    "server": "네트워크",
    "서브넷": "네트워크",
    "서브넷 마스크": "네트워크",
    "subnet mask": "네트워크",
    "서브넷팅": "네트워크",
    "Subnetting": "네트워크",
    "서비스": "네트워크",
    "service": "네트워크",
    "서비스 유형": "네트워크",
    "TOS": "네트워크",
    "서비스 지점": "네트워크",
    "service point": "네트워크",
    "서비스 지점 주소지정": "네트워크",
    "서비스 품질": "네트워크",
    "QoS": "네트워크",
    "Quality of Service": "네트워크",
    "서픽스": "네트워크",
    "suffix": "네트워크",
    "선택적 반복": "네트워크",
    "SR": "네트워크",
    "Selective-Repeat": "네트워크",
    "설정": "네트워크",
    "setup": "네트워크",
    "설정 단계": "네트워크",
    "Setup Phase": "네트워크",
    "세그먼트": "네트워크",
    "Segment": "네트워크",
    "세션층": "네트워크",
    "session layer": "네트워크",
    "소켓": "네트워크",
    "socket": "네트워크",
    "소켓 주소": "네트워크",
    "Socket address": "네트워크",
    "수명": "네트워크",
    "time to live": "네트워크",
    "수신 타임스탬프": "네트워크",
    "receive timestamp": "네트워크",
    "순서 번호": "네트워크",
    "sequence number": "네트워크",
    "슈퍼넷 마스크": "네트워크",
    "supernet mask": "네트워크",
    "슈퍼넷팅": "네트워크",
    "Supernetting": "네트워크",
    "스니핑": "네트워크",
    "sniffing": "네트워크",
    "스트림": "네트워크",
    "stream": "네트워크",
    "스트림 제어 전송 프로토콜": "네트워크",
    "SCTP": "네트워크",
    "Stream Control": "네트워크",
    "Transmission Protocol": "네트워크",
    "시간 경": "네트워크",
    "time exceeded": "네트워크",
    "식별": "네트워크",
    "identification": "네트워크",
    "식별자": "네트워크",
    "신뢰성 없는 전송 프로토콜": "네트워크",
    "신호방식": "네트워크",
    "signaling": "네트워크",
    "실시간 프로토콜": "네트워크",
    "RTP": "네트워크",
    "Real Time Protocol": "네트워크",
    "암호화": "네트워크",
    "압축": "네트워크",
    "엄격한 발신지 경로": "네트워크",
    "strict source route": "네트워크",
    "에니캐스트 주소": "네트워크",
    "anycast address": "네트워크",
    "에코 요청": "네트워크",
    "에코 응답": "네트워크",
    "echo request and reply": "네트워크",
    "역다중화": "네트워크",
    "demultiplexing": "네트워크",
    "역 주소 변환 프로토콜": "네트워크",
    "Reverse Address Resolution": "네트워크",
    "역캡슐화": "네트워크",
    "decapsulation": "네트워크",
    "연결 제어": "네트워크",
    "연결 해제": "네트워크",
    "teardown": "네트워크",
    "teardown phase": "네트워크",
    "연결형": "네트워크",
    "connection": "네트워크",
    "연결형 서비스": "네트워크",
    "connection-oriented service": "네트워크",
    "예약 프로토콜": "네트워크",
    "RSVP": "네트워크",
    "Resource Reservation": "네트워크",
    "오류 보고": "네트워크",
    "error-reporting": "네트워크",
    "오류 제어": "네트워크",
    "error control": "네트워크",
    "옥텟": "네트워크",
    "8비트": "네트워크",
    "옵션 종료": "네트워크",
    "end of option": "네트워크",
    "이어샤크": "네트워크",
    "Wireshark": "네트워크",
    "왕복 시간": "네트워크",
    "round-trip time": "네트워크",
    "요청 패킷": "네트워크",
    "request packet": "네트워크",
    "원래의 타임스탬프": "네트워크",
    "original timestamp": "네트워크",
    "유니캐스트 주소": "네트워크",
    "unicast address": "네트워크",
    "유형": "네트워크",
    "Type": "네트워크",
    "응용층": "네트워크",
    "application layer": "네트워크",
    "의사 헤더": "네트워크",
    "이더넷 스니퍼": "네트워크",
    "ethernet sniffer": "네트워크",
    "이더넷 유형": "네트워크",
    "ether type": "네트워크",
    "이항 연산": "네트워크",
    "binary operation": "네트워크",
    "인터넷 제어 메시지 프로토콜": "네트워크",
    "ICMP": "네트워크",
    "Internet Control": "네트워크",
    "Message Protocol": "네트워크",
    "인터넷 주소": "네트워크",
    "Internet address": "네트워크",
    "인터넷 프로토콜": "네트워크",
    "Internet Protocol": "네트워크",
    "인터페이스": "네트워크",
    "Interface": "네트워크",
    "매체의 물리적인 특성": "네트워크",
    "일항 연산": "네트워크",
    "unary operation": "네트워크",
    "임시 포트 번호": "네트워크",
    "ephemeral port number": "네트워크",
    "입력 모듈": "네트워크",
    "input module": "네트워크",
    "잘 알려진 포트 번호": "네트워크",
    "well-known port number": "네트워크",
    "재조립 모듈": "네트워크",
    "reassembly module": "네트워크",
    "재조립 테이블": "네트워크",
    "reassembly table": "네트워크",
    "재지정": "네트워크",
    "redirection": "네트워크",
    "전달": "네트워크",
    "전달 타임스탬프": "네트워크",
    "transmit timestamp": "네트워크",
    "전송 레벨 프로토콜": "네트워크",
    "전송 모드": "네트워크",
    "전송 제어 프로토콜": "네트워크",
    "TCP": "네트워크",
    "Transmission Control": "네트워크",
    "전송층": "네트워크",
    "transport layer": "네트워크",
    "전자 우편 서비스": "네트워크",
    "전체 길이": "네트워크",
    "Total Length": "네트워크",
    "전향 신호방식": "네트워크",
    "forward signaling": "네트워크",
    "점 10진 표기법": "네트워크",
    "dotted-decimal notation": "네트워크",
    "접근 제어": "네트워크",
    "접점": "네트워크",
    "crosspoint": "네트워크",
    "정지-후-대기": "네트워크",
    "Stop-and-Wait": "네트워크",
    "제럴드 콤즈": "네트워크",
    "Gerald Combs": "네트워크",
    "제로 압축": "네트워크",
    "zero compression": "네트워크",
    "제한된 브로드캐스트 주소": "네트워크",
    "limited broadcast": "네트워크",
    "address": "네트워크",
    "주소 공간": "네트워크",
    "address space": "네트워크",
    "주소 결합": "네트워크",
    "주소 변환 프로토콜": "네트워크",
    "ARP": "네트워크",
    "Address Resolution": "네트워크",
    "주소 블록": "네트워크",
    "주소 집단화": "네트워크",
    "address aggregation": "네트워크",
    "지리적 라우팅": "네트워크",
    "geographical routing": "네트워크",
    "직접 브로드캐스트 주소": "네트워크",
    "direct broadcast address": "네트워크",
    "직접 전달": "네트워크",
    "direct delivery": "네트워크",
    "진보된 협상": "네트워크",
    "advanced negotiation": "네트워크",
    "질의": "네트워크",
    "query": "네트워크",
    "차별화 서비스": "네트워크",
    "differentiated services": "네트워크",
    "처리 모듈": "네트워크",
    "processing module": "네트워크",
    "최대 전달 단위": "네트워크",
    "MTU": "네트워크",
    "Maxmum Transfer Unit": "네트워크",
    "최대 전송 단위": "네트워크",
    "maximum transfer unit": "네트워크",
    "추적 파일": "네트워크",
    "trace file": "네트워크",
    "출력 모듈": "네트워크",
    "output module": "네트워크",
    "침입탐지시스템": "네트워크",
    "IDS": "네트워크",
    "Intrusion detection system": "네트워크",
    "캡슐화": "네트워크",
    "encapsulation": "네트워크",
    "캡처": "네트워크",
    "capture": "네트워크",
    "수집": "네트워크",
    "캡처 파일": "네트워크",
    "capture file": "네트워크",
    "코드포인트": "네트워크",
    "codepoint": "네트워크",
    "콜론 16진 표기법": "네트워크",
    "colon hexadecimal notation": "네트워크",
    "queue": "네트워크",
    "크로스바 교환기": "네트워크",
    "cross-bar switch": "네트워크",
    "클라이언트": "네트워크",
    "client": "네트워크",
    "클라이언트 서버 패러다임": "네트워크",
    "클래스": "네트워크",
    "class": "네트워크",
    "클래스 기반 주소지정": "네트워크",
    "classful addressing": "네트워크",
    "클래스 없는 주소지정": "네트워크",
    "classless addressing": "네트워크",
    "타임스탬프": "네트워크",
    "Timestamp": "네트워크",
    "타임스탬프 요청": "네트워크",
    "응답": "네트워크",
    "timestamp request and": "네트워크",
    "reply": "네트워크",
    "테이블 탐색": "네트워크",
    "table lookup": "네트워크",
    "트래픽 클래스": "네트워크",
    "traffic class": "네트워크",
    "파이프라인": "네트워크",
    "pipeline": "네트워크",
    "packet": "네트워크",
    "패킷 교환": "네트워크",
    "packet switching": "네트워크",
    "패킷 분석기": "네트워크",
    "packet analyzer/network analyzer": "네트워크",
    "패킷 스니퍼": "네트워크",
    "packet sniffer/network sniffer": "네트워크",
    "패킷 캡처": "네트워크",
    "packet capture": "네트워크",
    "패킷 캡처 드라이버": "네트워크",
    "packet capture driver": "네트워크",
    "패킷 포워딩": "네트워크",
    "packet forwarding": "네트워크",
    "패킷 해석": "네트워크",
    "Decode": "네트워크",
    "패킷화": "네트워크",
    "Packetizing": "네트워크",
    "페이로드": "네트워크",
    "payload": "네트워크",
    "페이로드 길이": "네트워크",
    "payload length": "네트워크",
    "폐 루프 혼잡 제어": "네트워크",
    "closed-loop congestion control": "네트워크",
    "포워딩": "네트워크",
    "forwarding": "네트워크",
    "포워딩 모듈": "네트워크",
    "forwarding module": "네트워크",
    "포트 번호": "네트워크",
    "port number": "네트워크",
    "포트 주소": "네트워크",
    "port address": "네트워크",
    "표현층": "네트워크",
    "presentation layer": "네트워크",
    "프레임": "네트워크",
    "frame": "네트워크",
    "프레임 구성": "네트워크",
    "프레임 확인 순서": "네트워크",
    "FCS": "네트워크",
    "프로세스-대-프로세스 전달": "네트워크",
    "process-to-process": "네트워크",
    "프로세스-대-프로세스 통신": "네트워크",
    "프로토콜": "네트워크",
    "protocol": "네트워크",
    "프록시": "네트워크",
    "proxy": "네트워크",
    "프리엠블": "네트워크",
    "preamble": "네트워크",
    "프리픽스": "네트워크",
    "prefix": "네트워크",
    "플래그": "네트워크",
    "flags": "네트워크",
    "플러그인": "네트워크",
    "plugin": "네트워크",
    "피기백킹": "네트워크",
    "piggybacking": "네트워크",
    "해석기": "네트워크",
    "dissector": "네트워크",
    "헤더": "네트워크",
    "Header": "네트워크",
    "헤더 길이": "네트워크",
    "HLEN": "네트워크",
    "header length": "네트워크",
    "헤더 추가 모듈": "네트워크",
    "header-adding module": "네트워크",
    "호스트-대-호스트 프로토콜": "네트워크",
    "호스트-지정 방법": "네트워크",
    "host-specific method": "네트워크",
    "혼잡": "네트워크",
    "congestion": "네트워크",
    "혼잡 제어": "네트워크",
    "congestion control": "네트워크",
    "홉 제한": "네트워크",
    "hop limit": "네트워크",
    "확인 응답": "네트워크",
    "acknowledgement": "네트워크",
    "확인 응답 번호": "네트워크",
    "acknowledgment number": "네트워크",
    "확인 응답 패킷": "네트워크",
    "acknowledgement packet": "네트워크",
    "확인점": "네트워크",
    "synchronization point": "네트워크",
    "회선 교환": "네트워크",
    "Circuit Switching": "네트워크",
    "회선 구성": "네트워크",
    "후향 신호방식": "네트워크",
    "backward signaling": "네트워크",
    "흐름 레이블": "네트워크",
    "flow label": "네트워크",
    "흐름 제어": "네트워크",
    "flow control": "네트워크",
    "Address Resolution Protocol": "네트워크",
    "CSMA/CD": "네트워크",
    "Carrier sense multiple access with": "네트워크",
    "collision detection": "네트워크",
    "Exp": "네트워크",
    "FDDI": "네트워크",
    "Fiber Distributed-Data Interface": "네트워크",
    "광섬유 분산": "네트워크",
    "데이터 인터페이스": "네트워크",
    "GIMP": "네트워크",
    "GNU Image Manipulation Program": "네트워크",
    "Hardware Length": "네트워크",
    "HTYPE": "네트워크",
    "Hardware Type": "네트워크",
    "IEEE 802 위원회": "네트워크",
    "IP 주소": "네트워크",
    "IP address": "네트워크",
    "LAN 분석기": "네트워크",
    "LAN analyzer": "네트워크",
    "MPLS": "네트워크",
    "Multi-Protocol Label Switching": "네트워크",
    "OPER": "네트워크",
    "Operation": "네트워크",
    "OSI 기본 참조 모델": "네트워크",
    "OSI 모델": "네트워크",
    "PLEN": "네트워크",
    "Protocol Length": "네트워크",
    "PTYPE": "네트워크",
    "Protocol Type": "네트워크",
    "SHA": "네트워크",
    "Sender Hardware Address": "네트워크",
    "SPA": "네트워크",
    "Sender Protocol Address": "네트워크",
    "TCP/IP 모델": "네트워크",
    "TCP/IP 프로토콜": "네트워크",
    "THA": "네트워크",
    "Target Hardware Address": "네트워크",
    "TPA": "네트워크",
    "Target Protocol Address": "네트워크",
    "TTL": "네트워크",
    "User Datagram Protocol": "네트워크",
    "WAN 기술": "네트워크",
    "ATM": "네트워크",
    "Asynchronous Transfer Mode": "네트워크",
    "2진 표기법": "네트워크",
    "binary notation": "네트워크",
    "16진 표기법": "네트워크",
    "hexadecimal notation": "네트워크",
    "가상화": "네트워크",
    "Virtualization": "네트워크",
    "거리 벡터 알고리즘": "네트워크",
    "DVA": "네트워크",
    "Distance Vector": "네트워크",
    "Algorithm": "네트워크",
    "게이트웨이": "네트워크",
    "Gateway": "네트워크",
    "계정 관리": "네트워크",
    "고속 이더넷": "네트워크",
    "Fast Ethernet": "네트워크",
    "고속버스": "네트워크",
    "High-speed Bus": "네트워크",
    "구조": "네트워크",
    "공개키 암호 알고리즘": "네트워크",
    "공개키 암호방식": "네트워크",
    "Public Key Cryptography": "네트워크",
    "공유 LAN": "네트워크",
    "스위칭 LAN": "네트워크",
    "공유 메모리": "네트워크",
    "Share memory": "네트워크",
    "관리국": "네트워크",
    "Manager": "네트워크",
    "관용키 암호방식": "네트워크",
    "Conventional": "네트워크",
    "Cryptography": "네트워크",
    "대칭키 암호방식": "네트워크",
    "광 인터넷": "네트워크",
    "Optic Internet": "네트워크",
    "광대역": "네트워크",
    "Broadband": "네트워크",
    "전송방식": "네트워크",
    "광섬유": "네트워크",
    "Optical Fiber": "네트워크",
    "광케이블": "네트워크",
    "Fiber Optic Cable": "네트워크",
    "구성 관리": "네트워크",
    "국제 표준화 기구 ISO": "네트워크",
    "International": "네트워크",
    "Standards Organization": "네트워크",
    "국제전기전자기술자협회 IEEE": "네트워크",
    "Institute": "네트워크",
    "of Electronical & Electronics": "네트워크",
    "Engineers": "네트워크",
    "국제전기통신연합 ITU-T": "네트워크",
    "Telecommunications Union-": "네트워크",
    "Telecommunication Standards": "네트워크",
    "Sector": "네트워크",
    "국제전기표준회의 IEC": "네트워크",
    "Electronical Commission": "네트워크",
    "기가비트 이더넷": "네트워크",
    "Gigabit Ethernet": "네트워크",
    "기저대역": "네트워크",
    "Baseband": "네트워크",
    "네트워크 계층": "네트워크",
    "네트워크 관리 프로토콜": "네트워크",
    "능동적인 공격": "네트워크",
    "다익스트라 알고리즘": "네트워크",
    "Dijkstra Algorithm": "네트워크",
    "다크파이버": "네트워크",
    "Dark Fiber": "네트워크",
    "대역확산 통신": "네트워크",
    "DSSS/FHSS": "네트워크",
    "더미 허브": "네트워크",
    "Dumb Hub": "네트워크",
    "데이터링크 계층": "네트워크",
    "동기식 전송": "네트워크",
    "동축케이블": "네트워크",
    "Coaxial Cable": "네트워크",
    "디지털 서명": "네트워크",
    "Router": "네트워크",
    "라인 계층": "네트워크",
    "Line Layer": "네트워크",
    "라인 오버헤드": "네트워크",
    "레어 프루츠 카운슬": "네트워크",
    "RFC": "네트워크",
    "레이블 분배 프로토콜": "네트워크",
    "Label Distribution": "네트워크",
    "레이블 스택": "네트워크",
    "레이블 인캡슐레이션": "네트워크",
    "레이블 포맷": "네트워크",
    "레이블 할당": "네트워크",
    "리소스 가상화": "네트워크",
    "리피터": "네트워크",
    "Repeater": "네트워크",
    "Ring": "네트워크",
    "링크 상태 알고리즘": "네트워크",
    "Link State Algorithm": "네트워크",
    "망 관리": "네트워크",
    "network management": "네트워크",
    "멀티캐스트": "네트워크",
    "Multicast": "네트워크",
    "메트로 이더넷": "네트워크",
    "Metro Ethernet": "네트워크",
    "무선 LAN": "네트워크",
    "무음 억제": "네트워크",
    "Silence Suppression": "네트워크",
    "미국전자공업협회 EIA": "네트워크",
    "Electronic": "네트워크",
    "Industries Association": "네트워크",
    "미국통신산업협회 TIA": "네트워크",
    "Telecommunication": "네트워크",
    "Industry Association": "네트워크",
    "미국표준협회 ANSI": "네트워크",
    "American National": "네트워크",
    "Standards Institute": "네트워크",
    "반 이중": "네트워크",
    "Half Duplex": "네트워크",
    "방화벽": "네트워크",
    "Firewall": "네트워크",
    "배스천 호스트": "네트워크",
    "Bastion Host": "네트워크",
    "버스": "네트워크",
    "Bus": "네트워크",
    "보안 관리": "네트워크",
    "분산 서비스 거부": "네트워크",
    "DDoS": "네트워크",
    "Distributed Denial": "네트워크",
    "of Service": "네트워크",
    "브리지": "네트워크",
    "Bridge": "네트워크",
    "비상태형 자동설정": "네트워크",
    "Stateless Auto-": "네트워크",
    "Configuration": "네트워크",
    "비신뢰성": "네트워크",
    "Unreliable": "네트워크",
    "비차폐 트위스티드 페어": "네트워크",
    "상태 보존형 자동설정": "네트워크",
    "Stateful Auto-": "네트워크",
    "Star": "네트워크",
    "성능 관리": "네트워크",
    "섹션 계층": "네트워크",
    "Section Layer": "네트워크",
    "섹션 오버헤드": "네트워크",
    "Socket": "네트워크",
    "수동적인 공격": "네트워크",
    "스위치": "네트워크",
    "Switch": "네트워크",
    "스위칭 허브": "네트워크",
    "Switching Hub": "네트워크",
    "스크램블링": "네트워크",
    "스크리닝 라우터": "네트워크",
    "Screening Router": "네트워크",
    "스크린된 서브네트 게이트웨이": "네트워크",
    "스크린된 호스트 게이트웨이": "네트워크",
    "Screened Host": "네트워크",
    "스태커블 허브": "네트워크",
    "Stackable Hub": "네트워크",
    "암호 관리": "네트워크",
    "암호 알고리즘": "네트워크",
    "암호학": "네트워크",
    "암호화 알고리즘": "네트워크",
    "애니캐스트": "네트워크",
    "Anycast": "네트워크",
    "에이전트": "네트워크",
    "Agent": "네트워크",
    "오류 정정": "네트워크",
    "Forward Error Correction": "네트워크",
    "오류제어": "네트워크",
    "Error Control": "네트워크",
    "오버레이 모델": "네트워크",
    "Overlay Model": "네트워크",
    "웹 방화벽": "네트워크",
    "Web Application Firewall": "네트워크",
    "웹 보안": "네트워크",
    "Web Security": "네트워크",
    "유니캐스트": "네트워크",
    "Unicast": "네트워크",
    "유럽": "네트워크",
    "전기": "네트워크",
    "표준화 위원회 CEN/": "네트워크",
    "CENELEC": "네트워크",
    "European Committee for": "네트워크",
    "Standardization/ ComiteEuropeene": "네트워크",
    "De NormalisationElectrotectnique": "네트워크",
    "유럽전기통신표준협회 ETSI": "네트워크",
    "European": "네트워크",
    "Telecommunications Standards": "네트워크",
    "응용 계층": "네트워크",
    "이그레스 LER": "네트워크",
    "Egress Label Edge Router": "네트워크",
    "이더넷": "네트워크",
    "Ethernet": "네트워크",
    "이중 스택": "네트워크",
    "Dual Stack": "네트워크",
    "이중 홈 게이트웨이": "네트워크",
    "Dual-Homed Gateway": "네트워크",
    "인그레스 LER": "네트워크",
    "Ingress Label Edge Router": "네트워크",
    "인증": "네트워크",
    "인터네트워킹": "네트워크",
    "InterNetworking": "네트워크",
    "장애 관리": "네트워크",
    "재생기": "네트워크",
    "Regenerator": "네트워크",
    "재전송 알고리즘": "네트워크",
    "전 이중": "네트워크",
    "Full Duplex": "네트워크",
    "전송 계층": "네트워크",
    "전치 암호": "네트워크",
    "Transposition Cipher": "네트워크",
    "정적 라우팅 알고리즘": "네트워크",
    "Static Routing": "네트워크",
    "지터": "네트워크",
    "Jitter": "네트워크",
    "차폐 트위스티드 페어": "네트워크",
    "충돌 윈도우": "네트워크",
    "Collision Window": "네트워크",
    "침입방지시스템": "네트워크",
    "IPS": "네트워크",
    "Intrusion Prevention": "네트워크",
    "System": "네트워크",
    "Intrusion Detection": "네트워크",
    "캐리어 확장": "네트워크",
    "Carrier Extension": "네트워크",
    "캡슐 보안 페이로드": "네트워크",
    "ESP": "네트워크",
    "Encapsulation": "네트워크",
    "Security Payload": "네트워크",
    "크로스바": "네트워크",
    "Cross-bar": "네트워크",
    "클라우드 서비스": "네트워크",
    "Cloud Service": "네트워크",
    "태그 스위칭": "네트워크",
    "Tag Switching": "네트워크",
    "터널링": "네트워크",
    "Tunneling": "네트워크",
    "토큰 링": "네트워크",
    "Token Ring": "네트워크",
    "토큰 버스": "네트워크",
    "Token Bus": "네트워크",
    "토폴로지": "네트워크",
    "Topology": "네트워크",
    "트리": "네트워크",
    "Tree": "네트워크",
    "트위스티드 페어 케이블": "네트워크",
    "Twisted Pair": "네트워크",
    "Cable": "네트워크",
    "패스 계층": "네트워크",
    "Path Layer": "네트워크",
    "패스 오버헤드": "네트워크",
    "패킷 분류화": "네트워크",
    "패킷 손실": "네트워크",
    "Packet Lost": "네트워크",
    "포토닉 계층": "네트워크",
    "Photonic Layer": "네트워크",
    "포트 유입률 제어": "네트워크",
    "포트번호": "네트워크",
    "Port Number": "네트워크",
    "표현 계층": "네트워크",
    "프락시": "네트워크",
    "Proxy": "네트워크",
    "프락시 서버/응용 게이트웨이": "네트워크",
    "프레임 버스팅": "네트워크",
    "Frame Bursting": "네트워크",
    "플랫폼 가상화": "네트워크",
    "플러딩": "네트워크",
    "Flooding": "네트워크",
    "피어 모델": "네트워크",
    "Peer Model": "네트워크",
    "한국정보통신기술협회": "네트워크",
    "TTA": "네트워크",
    "Technology Association": "네트워크",
    "한국정보화진흥원 NIA": "네트워크",
    "National": "네트워크",
    "Information society Agency": "네트워크",
    "한국표준정보원 KASI": "네트워크",
    "Korean Agency for": "네트워크",
    "Standards Information": "네트워크",
    "허브": "네트워크",
    "Hub": "네트워크",
    "혼합 암호": "네트워크",
    "Product Cipher": "네트워크",
    "Hop": "네트워크",
    "확장 헤더": "네트워크",
    "환자 암호": "네트워크",
    "Substitution Cipher": "네트워크",
    "회선교환": "네트워크",
    "흐름제어": "네트워크",
    "Flow Control": "네트워크",
    "ACSE": "네트워크",
    "Association Control Element": "네트워크",
    "ADM": "네트워크",
    "Add/Drop Multiplexer": "네트워크",
    "AES": "네트워크",
    "Advanced Encryption Standard": "네트워크",
    "ALOHA": "네트워크",
    "Additive Links On-line Hawaii": "네트워크",
    "Area": "네트워크",
    "시스템": "네트워크",
    "Anti-DDoS": "네트워크",
    "DDoS 대응장비": "네트워크",
    "ARP/RARP": "네트워크",
    "AS": "네트워크",
    "Autonomous System": "네트워크",
    "자율 시스템": "네트워크",
    "비동기전달 모드": "네트워크",
    "BGP": "네트워크",
    "Border Gateway Protocol": "네트워크",
    "CA": "네트워크",
    "Call Agent": "네트워크",
    "CAPEX": "네트워크",
    "Capital Expenditure": "네트워크",
    "CBC 모드": "네트워크",
    "CFB 모드": "네트워크",
    "Classless Inter-Domain Routing": "네트워크",
    "CMIP": "네트워크",
    "Common Management Information": "네트워크",
    "CMIS": "네트워크",
    "Service": "네트워크",
    "CMISE": "네트워크",
    "Common Management": "네트워크",
    "Information Service Element": "네트워크",
    "CMISE/CMIP": "네트워크",
    "CSMA": "네트워크",
    "Carrier Sense Multiple Access": "네트워크",
    "CSMA/CA": "네트워크",
    "Carrier Sense Multiple": "네트워크",
    "Access with Collision Avoidance": "네트워크",
    "Cut-Through 스위칭": "네트워크",
    "DES": "네트워크",
    "Data Encryption Standard": "네트워크",
    "DiffServ": "네트워크",
    "Differentiated Service": "네트워크",
    "Dijkstra 알고리즘": "네트워크",
    "DNS": "네트워크",
    "Domain Name System": "네트워크",
    "DQDB": "네트워크",
    "Distributed Queue Dual Bus": "네트워크",
    "DSAP": "네트워크",
    "Destination Service Access Point": "네트워크",
    "DSSS": "네트워크",
    "Direct Sequence Spread Spectrum": "네트워크",
    "DTMF": "네트워크",
    "Dual Tone Multi-Frequency": "네트워크",
    "ECB 모드": "네트워크",
    "EDFA": "네트워크",
    "Eribum Doped Fiber Amplifier": "네트워크",
    "E-LSP": "네트워크",
    "ES-IS": "네트워크",
    "End System to Intermediate": "네트워크",
    "Extranet VPN": "네트워크",
    "Frame Realy 네트워크": "네트워크",
    "FTP": "네트워크",
    "File Transfer Protocol": "네트워크",
    "FTTH": "네트워크",
    "Fiber To The Home": "네트워크",
    "GDMO": "네트워크",
    "Guidelines for the Definition of": "네트워크",
    "Managed Objects": "네트워크",
    "GMII": "네트워크",
    "Gigabit Media Independent": "네트워크",
    "GRP & EIGRP": "네트워크",
    "GSMP": "네트워크",
    "General Switch Management": "네트워크",
    "H.225 RAS": "네트워크",
    "Registration": "네트워크",
    "Admission": "네트워크",
    "Status": "네트워크",
    "신호": "네트워크",
    "H.225 호 신호": "네트워크",
    "Call Signaling": "네트워크",
    "H.245 제어 신호": "네트워크",
    "Control Signaling": "네트워크",
    "H.323": "네트워크",
    "Hop-by-Hop 방식": "네트워크",
    "HTTP": "네트워크",
    "Hyper Text Transfer Protocol": "네트워크",
    "Internet Control Message Protocol": "네트워크",
    "ICMPv6": "네트워크",
    "Internet Control Message": "네트워크",
    "Protocol version 6": "네트워크",
    "IEEE 802 표준": "네트워크",
    "IEEE 802.11": "네트워크",
    "IEEE 802.11a": "네트워크",
    "IEEE 802.11ac": "네트워크",
    "IEEE 802.11ad": "네트워크",
    "IEEE 802.11af": "네트워크",
    "IEEE 802.11ah": "네트워크",
    "IEEE 802.11ai": "네트워크",
    "IEEE 802.11ax HEW": "네트워크",
    "IEEE 802.11b": "네트워크",
    "IEEE 802.11g": "네트워크",
    "IEEE 802.11n": "네트워크",
    "IEEE 802.3ab": "네트워크",
    "IEEE 802.3ah": "네트워크",
    "IFMP": "네트워크",
    "Ipsilon Flow Management": "네트워크",
    "RFC 1953": "네트워크",
    "Interim Cut-Through": "네트워크",
    "FragmentFree": "네트워크",
    "스위칭": "네트워크",
    "Intranet VPN": "네트워크",
    "IntServ": "네트워크",
    "Integrated Service": "네트워크",
    "IoT": "네트워크",
    "Internet of Things": "네트워크",
    "IP Telephony": "네트워크",
    "IP 스위칭": "네트워크",
    "IP Switching": "네트워크",
    "IPv4": "네트워크",
    "Internet Protocol version 4": "네트워크",
    "IPv4/IPv6 변환": "네트워크",
    "IPv6": "네트워크",
    "ISDN": "네트워크",
    "Integrated Service Digital": "네트워크",
    "Network": "네트워크",
    "종합정보 통신망": "네트워크",
    "IS-IS": "네트워크",
    "Intermediate System to": "네트워크",
    "Intermediate System": "네트워크",
    "L2F": "네트워크",
    "Layer 2 Forwarding Protocol": "네트워크",
    "L2TP": "네트워크",
    "Layer 2 Tunneling Protocol": "네트워크",
    "LAN 스위칭": "네트워크",
    "LLC": "네트워크",
    "Logical Link Control": "네트워크",
    "논리링크제어": "네트워크",
    "L-LSP": "네트워크",
    "LSP": "네트워크",
    "Label Switched Path": "네트워크",
    "LSR": "네트워크",
    "Label Switch Router": "네트워크",
    "Medium Access Control or Media": "네트워크",
    "Access Control": "네트워크",
    "매체액세스제어": "네트워크",
    "MAC 주소": "네트워크",
    "MAN": "네트워크",
    "MB810": "네트워크",
    "MCU": "네트워크",
    "Multipoint Control Unit": "네트워크",
    "MGCP": "네트워크",
    "Media Gateway Control Protocol": "네트워크",
    "MIB": "네트워크",
    "Management Information Base": "네트워크",
    "MIB-II": "네트워크",
    "MIMO": "네트워크",
    "Multiple-Input Multiple-Output": "네트워크",
    "MPLS VPN": "네트워크",
    "Multi-Protocol Label": "네트워크",
    "Switching VPN": "네트워크",
    "MSPP": "네트워크",
    "Multi Service Provisioning": "네트워크",
    "Platform": "네트워크",
    "NAT": "네트워크",
    "Network Address Translation": "네트워크",
    "NAT-PT": "네트워크",
    "Translation-Protocol Translation": "네트워크",
    "NFV": "네트워크",
    "Network Function Virtualization": "네트워크",
    "네트워크 기능 가상화": "네트워크",
    "NG-SDH/SONET": "네트워크",
    "Next Generation": "네트워크",
    "SDH/SONET": "네트워크",
    "Non-Persistent 방식": "네트워크",
    "Northbound/Southbound Interface": "네트워크",
    "OADM": "네트워크",
    "Optical Add Drop Multiplexer": "네트워크",
    "OFB 모드": "네트워크",
    "OFDM": "네트워크",
    "Orthogonal Frequency Division": "네트워크",
    "Multiplexing": "네트워크",
    "OpenFlow": "네트워크",
    "OPEX": "네트워크",
    "Operating Expenditure": "네트워크",
    "Open Systems Interconnection": "네트워크",
    "OSPF": "네트워크",
    "Open Shortest Path First": "네트워크",
    "Overlay 방식": "네트워크",
    "OXC": "네트워크",
    "Optical Cross-Connect": "네트워크",
    "광 파장": "네트워크",
    "분배": "네트워크",
    "P2P": "네트워크",
    "동등 계층간 통신망": "네트워크",
    "Peer-to-Peer": "네트워크",
    "PAM-5": "네트워크",
    "PCS": "네트워크",
    "Physical Coding Sublayer": "네트워크",
    "PDU": "네트워크",
    "Protocol Data Unit": "네트워크",
    "PMA": "네트워크",
    "Physical Medium Attachement": "네트워크",
    "PMD": "네트워크",
    "Physical Medium Dependent": "네트워크",
    "P-Persistent 방식": "네트워크",
    "PPTP": "네트워크",
    "Point-to-Point Tunneling": "네트워크",
    "Remote Access VPN": "네트워크",
    "RGW": "네트워크",
    "Residential Gateway": "네트워크",
    "RIP": "네트워크",
    "Routing Information Protocol": "네트워크",
    "RMON": "네트워크",
    "Remote Network MONitoring": "네트워크",
    "ROSE": "네트워크",
    "Remote Operation Service": "네트워크",
    "Element": "네트워크",
    "RPR": "네트워크",
    "Resilient Packet Ring": "네트워크",
    "IEEE 802.17": "네트워크",
    "RSA": "네트워크",
    "Rivest": "네트워크",
    "Shamir": "네트워크",
    "Adleman": "네트워크",
    "RSA 암호방식": "네트워크",
    "RSNA": "네트워크",
    "ReSource reserVation Protocol": "네트워크",
    "RTCP": "네트워크",
    "Real-time Transport Control": "네트워크",
    "Real-time Transport Protocol": "네트워크",
    "SAP": "네트워크",
    "Service Access Point": "네트워크",
    "SDN + NFV Hybrid": "네트워크",
    "SDN": "네트워크",
    "Software Defined Network": "네트워크",
    "S-HTTP": "네트워크",
    "Secure Hypertext Transfer": "네트워크",
    "SIP": "네트워크",
    "Session Initiation Protocol": "네트워크",
    "SIP 리디렉션": "네트워크",
    "Redirection": "네트워크",
    "Slow-Start Algorithm": "네트워크",
    "SMDS": "네트워크",
    "Switched Multimegabit Data": "네트워크",
    "Services": "네트워크",
    "SMI": "네트워크",
    "Structure of Management": "네트워크",
    "Information": "네트워크",
    "SMTP": "네트워크",
    "Simple Mail Transfer Protocol": "네트워크",
    "SNA": "네트워크",
    "System Network Architecture": "네트워크",
    "SNMP": "네트워크",
    "Simple Network Management": "네트워크",
    "SNMPv2": "네트워크",
    "Protocol version2": "네트워크",
    "SNMPv3": "네트워크",
    "Protocol version3": "네트워크",
    "SONET": "네트워크",
    "Synchronous Optical NETwork": "네트워크",
    "SONET/SDH": "네트워크",
    "Synchronous Optic": "네트워크",
    "Networking/Synchronous Digital": "네트워크",
    "Hierarchy": "네트워크",
    "SSAP": "네트워크",
    "Source Service Access Point": "네트워크",
    "SSL VPN": "네트워크",
    "Secure Socket Layer VPN": "네트워크",
    "SSL": "네트워크",
    "Secure Socket Layer": "네트워크",
    "Store-and-Forward 스위칭": "네트워크",
    "STS 다중화기": "네트워크",
    "STS Multiplexer/DE": "네트워크",
    "Multiplexer": "네트워크",
    "STS-1 오버헤드": "네트워크",
    "STS-n 프레임": "네트워크",
    "Transmission Control Protocol": "네트워크",
    "TDM": "네트워크",
    "Time Division Multiplexing": "네트워크",
    "기반": "네트워크",
    "TDP": "네트워크",
    "Tag Distribution Protocol": "네트워크",
    "TE": "네트워크",
    "Traffic Engineering": "네트워크",
    "TELNET": "네트워크",
    "TGW": "네트워크",
    "Trunking Gateway": "네트워크",
    "Time-To-Live": "네트워크",
    "TMN": "네트워크",
    "Telecommunication Management": "네트워크",
    "Type-Of-Service": "네트워크",
    "VLAN": "네트워크",
    "Virtual LAN": "네트워크",
    "VoIP": "네트워크",
    "Voice over Internet Protocol": "네트워크",
    "VoIP 게이트웨이": "네트워크",
    "VPN": "네트워크",
    "가상 사설망": "네트워크",
    "Virtual Private": "네트워크",
    "WDM/DWDM": "네트워크",
    "Wavelength Division": "네트워크",
    "Multiplex/Dense Wavelength": "네트워크",
    "Division Multiplex": "네트워크",
    "WEP": "네트워크",
    "WPA": "네트워크",
    "WPA2": "네트워크",
    "X.25 네트워크": "네트워크",
    "xDSL": "네트워크",
    "Digital Subscriber Line": "네트워크",
    "1-Persistent 방식": "네트워크",
    "2계층 스위치": "네트워크",
    "Layer-2 Switch": "네트워크",
    "3계층 스위치": "네트워크",
    "Layer-3 Switch": "네트워크",
    "4계층 스위치": "네트워크",
    "Layer-4 Switch": "네트워크",
    "5대 관리 기능": "네트워크",
    "8B/10B 데이터 부호화": "네트워크",
    "10G~ 기가비트 이더넷": "네트워크",
    "10G~ Gigabit": "네트워크",
    "10GbE over DWDM": "네트워크",
    "10GbE over Fiber": "네트워크",
    "16B/18B": "네트워크",
    "802.2/802.3": "네트워크",
    "이더넷의 프레임 형식": "네트워크",
    "1000Base-CX": "네트워크",
    "1000Base-LX": "네트워크",
    "1000Base-SX": "네트워크",
    "1000BASE-T": "네트워크",
    "1000BASE-X": "네트워크"
}