{
    "가드밴드": "데이터_통신",
    "Guard Band": "데이터_통신",
    "가상화 기술": "데이터_통신",
    "가상회선": "데이터_통신",
    "감시 프레임": "데이터_통신",
    "개방형 시스템": "데이터_통신",
    "검사합": "데이터_통신",
    "Checksum": "데이터_통신",
    "게이트웨이": "데이터_통신",
    "Gateway": "데이터_통신",
    "고속 이더넷": "데이터_통신",
    "Fast Ethernet": "데이터_통신",
    "공통선 신호방식": "데이터_통신",
    "광대역": "데이터_통신",
    "Broadband": "데이터_통신",
    "광역통신망": "데이터_통신",
    "광케이블": "데이터_통신",
    "교환": "데이터_통신",
    "구문": "데이터_통신",
    "Syntax": "데이터_통신",
    "균형방식": "데이터_통신",
    "극형": "데이터_통신",
    "Polar": "데이터_통신",
    "근거리통신망": "데이터_통신",
    "기가비트 이더넷": "데이터_통신",
    "Gigabit Ethernet": "데이터_통신",
    "GbE": "데이터_통신",
    "기저대역": "데이터_통신",
    "Baseband": "데이터_통신",
    "나이퀴스트": "데이터_통신",
    "Nyquist": "데이터_통신",
    "논리주소": "데이터_통신",
    "다이나믹 허프만 압축": "데이터_통신",
    "다이얼링": "데이터_통신",
    "다중모드 계단형": "데이터_통신",
    "다중모드 언덕형": "데이터_통신",
    "다중점": "데이터_통신",
    "다중화": "데이터_통신",
    "단극형": "데이터_통신",
    "Unipolar": "데이터_통신",
    "단말장비": "데이터_통신",
    "DTE": "데이터_통신",
    "단방향 전송": "데이터_통신",
    "단방향": "데이터_통신",
    "Simplex": "데이터_통신",
    "단일모드": "데이터_통신",
    "단편화": "데이터_통신",
    "대역폭": "데이터_통신",
    "덤 허브": "데이터_통신",
    "Dumb Hub": "데이터_통신",
    "데시벨": "데이터_통신",
    "데이터": "데이터_통신",
    "데이터 단말장비": "데이터_통신",
    "데이터 통신": "데이터_통신",
    "데이터 통신 장비": "데이터_통신",
    "DCE": "데이터_통신",
    "데이터 투명성": "데이터_통신",
    "데이터 투명성 제어": "데이터_통신",
    "데이터그램": "데이터_통신",
    "데이터링크 계층": "데이터_통신",
    "도시권통신망": "데이터_통신",
    "동기식 TDM": "데이터_통신",
    "동기식 데이터링크 프로토콜": "데이터_통신",
    "동기식 전송": "데이터_통신",
    "동기화": "데이터_통신",
    "동등": "데이터_통신",
    "Peer-to-Peer": "데이터_통신",
    "동적인 불완전성": "데이터_통신",
    "동축 케이블": "데이터_통신",
    "디지털 신호": "데이터_통신",
    "디지털 전송": "데이터_통신",
    "라디오 페이딩": "데이터_통신",
    "라우터": "데이터_통신",
    "Router": "데이터_통신",
    "라우팅": "데이터_통신",
    "리피터": "데이터_통신",
    "Repeater": "데이터_통신",
    "Ring": "데이터_통신",
    "매체 접근 제어": "데이터_통신",
    "맨체스터": "데이터_통신",
    "멀티미디어 통신": "데이터_통신",
    "메쉬": "데이터_통신",
    "Mesh": "데이터_통신",
    "메트로": "데이터_통신",
    "Metro": "데이터_통신",
    "이더넷": "데이터_통신",
    "메트칼프의 법칙": "데이터_통신",
    "모스부호": "데이터_통신",
    "무번호 프레임": "데이터_통신",
    "무선 LAN": "데이터_통신",
    "무선매체": "데이터_통신",
    "무선주파수 스펙트럼": "데이터_통신",
    "무손실": "데이터_통신",
    "lossless": "데이터_통신",
    "기법": "데이터_통신",
    "무어의 법칙": "데이터_통신",
    "문자 전송방식": "데이터_통신",
    "문자중심 데이터링크 프로토콜": "데이터_통신",
    "물리계층": "데이터_통신",
    "물리주소": "데이터_통신",
    "미국 국립 표준 기구": "데이터_통신",
    "ANSI": "데이터_통신",
    "바이어스": "데이터_통신",
    "반이중": "데이터_통신",
    "half duplex": "데이터_통신",
    "백색잡음": "데이터_통신",
    "버스": "데이터_통신",
    "Bus": "데이터_통신",
    "버스트 모드": "데이터_통신",
    "병렬 전송": "데이터_통신",
    "보안코딩": "데이터_통신",
    "보오율": "데이터_통신",
    "복호": "데이터_통신",
    "Decoding": "데이터_통신",
    "부호화": "데이터_통신",
    "Encoding": "데이터_통신",
    "불균형방식": "데이터_통신",
    "브리지": "데이터_통신",
    "Bridge": "데이터_통신",
    "블록 합 검사": "데이터_통신",
    "블루투스": "데이터_통신",
    "비동기식 TDM": "데이터_통신",
    "비동기식 데이터링크 프로토콜": "데이터_통신",
    "비동기식 전송": "데이터_통신",
    "비차폐 트위스티드 페어": "데이터_통신",
    "비트 전송방식": "데이터_통신",
    "비트율": "데이터_통신",
    "비트중심 데이터링크 프로토콜": "데이터_통신",
    "상승코드": "데이터_통신",
    "Convolutional Code": "데이터_통신",
    "상향 링크": "데이터_통신",
    "상호변조잡음": "데이터_통신",
    "샤논": "데이터_통신",
    "Shannon": "데이터_통신",
    "의 법칙": "데이터_통신",
    "선택적 재전송": "데이터_통신",
    "Selective Repeat ARQ": "데이터_통신",
    "세션계층": "데이터_통신",
    "셀렉션": "데이터_통신",
    "소스 라우팅 브리지": "데이터_통신",
    "소스코딩": "데이터_통신",
    "손실": "데이터_통신",
    "lossy": "데이터_통신",
    "순서화": "데이터_통신",
    "순수 ALOHA": "데이터_통신",
    "스위칭": "데이터_통신",
    "스위칭 LAN": "데이터_통신",
    "스위칭 허브": "데이터_통신",
    "Switching Hub": "데이터_통신",
    "스타": "데이터_통신",
    "Star": "데이터_통신",
    "스태커블 허브": "데이터_통신",
    "Stackable Hub": "데이터_통신",
    "스트로우저 교환기": "데이터_통신",
    "슬롯 ALOHA": "데이터_통신",
    "슬롯타임": "데이터_통신",
    "시도 임계치": "데이터_통신",
    "시분할 다중화": "데이터_통신",
    "TDM": "데이터_통신",
    "신호변환장비": "데이터_통신",
    "아날로그 신호": "데이터_통신",
    "아날로그 전송": "데이터_통신",
    "암호화": "데이터_통신",
    "압축": "데이터_통신",
    "양극형": "데이터_통신",
    "Bipolar": "데이터_통신",
    "양방향 전송": "데이터_통신",
    "양자화": "데이터_통신",
    "Quantization": "데이터_통신",
    "에러 검출": "데이터_통신",
    "에러 복구": "데이터_통신",
    "에러 제어": "데이터_통신",
    "에러율": "데이터_통신",
    "에코": "데이터_통신",
    "역다중화": "데이터_통신",
    "역캡슐화": "데이터_통신",
    "연결제어": "데이터_통신",
    "영상통신": "데이터_통신",
    "오프 후크": "데이터_통신",
    "온 후크": "데이터_통신",
    "원격 브리지": "데이터_통신",
    "위상": "데이터_통신",
    "위상변조방식": "데이터_통신",
    "PM": "데이터_통신",
    "위상의 변화": "데이터_통신",
    "위상편이변조": "데이터_통신",
    "PSK": "데이터_통신",
    "위성 마이크로파": "데이터_통신",
    "유니코드": "데이터_통신",
    "유선매체": "데이터_통신",
    "음성통신": "데이터_통신",
    "응용계층": "데이터_통신",
    "의미": "데이터_통신",
    "Semantics": "데이터_통신",
    "이동통신": "데이터_통신",
    "이리듐": "데이터_통신",
    "Iridium": "데이터_통신",
    "재결합": "데이터_통신",
    "재생": "데이터_통신",
    "Regeneration": "데이터_통신",
    "전반사": "데이터_통신",
    "전송계층": "데이터_통신",
    "전송지연": "데이터_통신",
    "전이중": "데이터_통신",
    "full duplex": "데이터_통신",
    "전진에러정정": "데이터_통신",
    "Forward Error Correction": "데이터_통신",
    "절차적 특성": "데이터_통신",
    "V.24": "데이터_통신",
    "점대점": "데이터_통신",
    "접근제어": "데이터_통신",
    "정보": "데이터_통신",
    "정보 프레임": "데이터_통신",
    "정보통신": "데이터_통신",
    "정적인 불완전성": "데이터_통신",
    "정현파": "데이터_통신",
    "제어 필드": "데이터_통신",
    "조파": "데이터_통신",
    "harmonic": "데이터_통신",
    "주기": "데이터_통신",
    "주소 필드": "데이터_통신",
    "주파수": "데이터_통신",
    "주파수 분할 다중화": "데이터_통신",
    "FDM": "데이터_통신",
    "주파수 스펙트럼": "데이터_통신",
    "주파수 편이": "데이터_통신",
    "주파수변조방식": "데이터_통신",
    "FM": "데이터_통신",
    "주파수편이변조": "데이터_통신",
    "FSK": "데이터_통신",
    "증폭기": "데이터_통신",
    "Amplifier": "데이터_통신",
    "지상 마이크로파": "데이터_통신",
    "지연왜곡": "데이터_통신",
    "직교 주파수 분할 다중화": "데이터_통신",
    "OFDM": "데이터_통신",
    "직교진폭변조": "데이터_통신",
    "QAM": "데이터_통신",
    "직렬 전송": "데이터_통신",
    "진폭": "데이터_통신",
    "진폭 변화": "데이터_통신",
    "진폭감쇄왜곡": "데이터_통신",
    "진폭변조방식": "데이터_통신",
    "AM": "데이터_통신",
    "진폭편이변조": "데이터_통신",
    "ASK": "데이터_통신",
    "차등 맨체스터": "데이터_통신",
    "차폐 트위스티드 페어": "데이터_통신",
    "채널용량": "데이터_통신",
    "채널코딩": "데이터_통신",
    "충격성 잡음": "데이터_통신",
    "충돌 윈도우": "데이터_통신",
    "캐리어 이더넷": "데이터_통신",
    "캐리어 확장": "데이터_통신",
    "캡슐화": "데이터_통신",
    "케이블 모뎀": "데이터_통신",
    "코덱": "데이터_통신",
    "Codec": "데이터_통신",
    "코드분할 다중화": "데이터_통신",
    "CDM": "데이터_통신",
    "코어": "데이터_통신",
    "코팅": "데이터_통신",
    "클라우드 컴퓨팅": "데이터_통신",
    "클라이언트-서버": "데이터_통신",
    "Client-Server": "데이터_통신",
    "클래딩": "데이터_통신",
    "타이밍": "데이터_통신",
    "Timing": "데이터_통신",
    "토큰 링": "데이터_통신",
    "토큰 버스": "데이터_통신",
    "토큰 패싱": "데이터_통신",
    "토폴로지": "데이터_통신",
    "톤 다이얼링": "데이터_통신",
    "통신": "데이터_통신",
    "통신의 분류": "데이터_통신",
    "통신제어장치": "데이터_통신",
    "투명 브리지": "데이터_통신",
    "트랜스폰더": "데이터_통신",
    "트레일러": "데이터_통신",
    "트리": "데이터_통신",
    "Tree": "데이터_통신",
    "트위스티드 페어": "데이터_통신",
    "트위스티드 페어 케이블": "데이터_통신",
    "특성왜곡": "데이터_통신",
    "파장 분할 다중화": "데이터_통신",
    "WDM": "데이터_통신",
    "패리티 검사": "데이터_통신",
    "패킷": "데이터_통신",
    "패킷교환": "데이터_통신",
    "펄스 다이얼링": "데이터_통신",
    "펄스코드변조": "데이터_통신",
    "PCM": "데이터_통신",
    "폴링": "데이터_통신",
    "표본화": "데이터_통신",
    "Sampling": "데이터_통신",
    "표현계층": "데이터_통신",
    "프레임": "데이터_통신",
    "프로그램": "데이터_통신",
    "프로세스": "데이터_통신",
    "프로토콜": "데이터_통신",
    "플래그 필드": "데이터_통신",
    "하향 링크": "데이터_통신",
    "해밍코드": "데이터_통신",
    "허브": "데이터_통신",
    "HUB": "데이터_통신",
    "허프만": "데이터_통신",
    "Huffman": "데이터_통신",
    "헤더": "데이터_통신",
    "혼선": "데이터_통신",
    "화상": "데이터_통신",
    "이미지": "데이터_통신",
    "회선 교환망": "데이터_통신",
    "회선경쟁방식": "데이터_통신",
    "회선교환": "데이터_통신",
    "회선제어권": "데이터_통신",
    "회선제어방식": "데이터_통신",
    "흐름 제어": "데이터_통신",
    "ABM": "데이터_통신",
    "ACK": "데이터_통신",
    "ADSL": "데이터_통신",
    "All - IP 망": "데이터_통신",
    "ALOHA": "데이터_통신",
    "AMI": "데이터_통신",
    "ARM": "데이터_통신",
    "ASCII": "데이터_통신",
    "ASN.1": "데이터_통신",
    "ATM": "데이터_통신",
    "교환 방식": "데이터_통신",
    "AWG": "데이터_통신",
    "American Wire Gauge": "데이터_통신",
    "B8ZS": "데이터_통신",
    "Biphase": "데이터_통신",
    "BNC": "데이터_통신",
    "Bayonet Neil-Concelman": "데이터_통신",
    "BSC": "데이터_통신",
    "CAP 방식": "데이터_통신",
    "CCITT": "데이터_통신",
    "CCN": "데이터_통신",
    "Cloud Computing Network": "데이터_통신",
    "CDN": "데이터_통신",
    "Contents Delivery Network": "데이터_통신",
    "Character suppression 압축 기법": "데이터_통신",
    "CRC": "데이터_통신",
    "CRC-16": "데이터_통신",
    "CRC-32": "데이터_통신",
    "CRC-CCITT": "데이터_통신",
    "CSMA/CD": "데이터_통신",
    "CSU": "데이터_통신",
    "Cut-Through 스위칭": "데이터_통신",
    "de facto 표준": "데이터_통신",
    "de jure 표준": "데이터_통신",
    "DMT 방식": "데이터_통신",
    "DS-0": "데이터_통신",
    "DS-1": "데이터_통신",
    "DS-2": "데이터_통신",
    "DS-3": "데이터_통신",
    "DS-4": "데이터_통신",
    "DSL": "데이터_통신",
    "Digital Subscriber Line": "데이터_통신",
    "모뎀": "데이터_통신",
    "DSU": "데이터_통신",
    "Dumb 터미널": "데이터_통신",
    "Dummy 모뎀": "데이터_통신",
    "E 디지털 계층": "데이터_통신",
    "E-carrier": "데이터_통신",
    "EBCDIC": "데이터_통신",
    "EIA": "데이터_통신",
    "EIA-232": "데이터_통신",
    "EIA-232D": "데이터_통신",
    "EIA-449": "데이터_통신",
    "EIA-530": "데이터_통신",
    "Ethernet": "데이터_통신",
    "FCS": "데이터_통신",
    "FDDI": "데이터_통신",
    "Fourier Analysis": "데이터_통신",
    "FTAM": "데이터_통신",
    "FTP 케이블": "데이터_통신",
    "FTT": "데이터_통신",
    "Fiber-To-The": "데이터_통신",
    "FTTC": "데이터_통신",
    "Fiber To The Curb": "데이터_통신",
    "FTTH": "데이터_통신",
    "Fiber To The Home": "데이터_통신",
    "FTTx": "데이터_통신",
    "Go-back-N ARQ": "데이터_통신",
    "H.261": "데이터_통신",
    "HDB3": "데이터_통신",
    "HDLC": "데이터_통신",
    "HDMI": "데이터_통신",
    "HDSL": "데이터_통신",
    "Hertz": "데이터_통신",
    "HIPPI": "데이터_통신",
    "HSSI": "데이터_통신",
    "ICI": "데이터_통신",
    "IDU": "데이터_통신",
    "IEEE": "데이터_통신",
    "Institute of Electrical and Electronics": "데이터_통신",
    "Engineers": "데이터_통신",
    "IEEE 802 표준안": "데이터_통신",
    "IEEE 802.11a": "데이터_통신",
    "IEEE 802.11ac": "데이터_통신",
    "IEEE 802.11ad": "데이터_통신",
    "IEEE 802.11b": "데이터_통신",
    "IEEE 802.11g": "데이터_통신",
    "IEEE 802.11n": "데이터_통신",
    "IEEE 1394": "데이터_통신",
    "IETF": "데이터_통신",
    "Intelsat": "데이터_통신",
    "ITU-T": "데이터_통신",
    "ITU-T 권고안": "데이터_통신",
    "JPEG": "데이터_통신",
    "KS/KICS 표준": "데이터_통신",
    "LAN": "데이터_통신",
    "LZW 압축 기법": "데이터_통신",
    "MAC 주소": "데이터_통신",
    "mBnB 형태의 블록코드형": "데이터_통신",
    "M-JPEG": "데이터_통신",
    "MPEG": "데이터_통신",
    "MPEG-1": "데이터_통신",
    "MPEG-2": "데이터_통신",
    "MPEG-4": "데이터_통신",
    "MPEG-7": "데이터_통신",
    "MPEG-21": "데이터_통신",
    "Multilevel형": "데이터_통신",
    "Multiple Access": "데이터_통신",
    "NIC": "데이터_통신",
    "Network Interface Card": "데이터_통신",
    "Non-persistent": "데이터_통신",
    "NRM": "데이터_통신",
    "NRZ": "데이터_통신",
    "NRZ-I": "데이터_통신",
    "NRZ-L": "데이터_통신",
    "Null 모뎀": "데이터_통신",
    "OSI": "데이터_통신",
    "OSI 참조모델": "데이터_통신",
    "OC-1": "데이터_통신",
    "OC-3": "데이터_통신",
    "OC-12": "데이터_통신",
    "OC-48": "데이터_통신",
    "OC-192": "데이터_통신",
    "Packed decimal 압축 기법": "데이터_통신",
    "PCI": "데이터_통신",
    "PDU": "데이터_통신",
    "P-persistent": "데이터_통신",
    "PPP": "데이터_통신",
    "Pull": "데이터_통신",
    "Push": "데이터_통신",
    "REJ": "데이터_통신",
    "Reject": "데이터_통신",
    "Relative Encoding 압축 기법": "데이터_통신",
    "RFC": "데이터_통신",
    "ringing": "데이터_통신",
    "RNR": "데이터_통신",
    "Receive Not Ready": "데이터_통신",
    "RR": "데이터_통신",
    "Receive Ready": "데이터_통신",
    "RTS/CTS": "데이터_통신",
    "RZ": "데이터_통신",
    "SDH": "데이터_통신",
    "SDSL": "데이터_통신",
    "SDU": "데이터_통신",
    "Segmentation": "데이터_통신",
    "Sequence Number": "데이터_통신",
    "Sliding-window": "데이터_통신",
    "SLIP": "데이터_통신",
    "SNA": "데이터_통신",
    "SONET": "데이터_통신",
    "SREJ": "데이터_통신",
    "Selective Reject": "데이터_통신",
    "Stop-and-Wait ARQ": "데이터_통신",
    "Store-and-Forward 스위칭": "데이터_통신",
    "STP 케이블": "데이터_통신",
    "STS-1": "데이터_통신",
    "STS-3": "데이터_통신",
    "STS-12": "데이터_통신",
    "STS-48": "데이터_통신",
    "STS-192": "데이터_통신",
    "T 디지털계층": "데이터_통신",
    "T-carrier": "데이터_통신",
    "TCP/IP": "데이터_통신",
    "TRIB": "데이터_통신",
    "UART": "데이터_통신",
    "USB": "데이터_통신",
    "USB 3.0": "데이터_통신",
    "UTP 케이블": "데이터_통신",
    "V.35": "데이터_통신",
    "VDSL": "데이터_통신",
    "VLAN": "데이터_통신",
    "Virtual LAN": "데이터_통신",
    "X.21": "데이터_통신",
    "X.400": "데이터_통신",
    "xDSL": "데이터_통신",
    "Xon/Xoff": "데이터_통신",
    "ZMODEM": "데이터_통신",
    "1-persistent": "데이터_통신",
    "2B1Q": "데이터_통신",
    "4B/5B": "데이터_통신",
    "4-QAM": "데이터_통신",
    "5세대": "데이터_통신",
    "8B/10B": "데이터_통신",
    "8-QAM": "데이터_통신",
    "10기가비트 이더넷": "데이터_통신",
    "10GbE": "데이터_통신",
    "10BASE2": "데이터_통신",
    "10BASE5": "데이터_통신",
    "10BASE-FP": "데이터_통신",
    "10BASE-T": "데이터_통신",
    "10BROD36": "데이터_통신",
    "40G 이더넷": "데이터_통신",
    "100BASE-T": "데이터_통신",
    "100G 이더넷": "데이터_통신",
    "802 프로젝트": "데이터_통신",
    "802.3": "데이터_통신",
    "1000BASE-CX": "데이터_통신",
    "1000BASE-LX": "데이터_통신",
    "1000BASE-SX": "데이터_통신",
    "1000BASE-T": "데이터_통신"
}