{
    "–9": "리눅스",
    "2진수": "리눅스",
    "adduser": "리눅스",
    "Apache": "리눅스",
    "Apache2": "리눅스",
    "APM": "리눅스",
    "APT": "리눅스",
    "APT 캐시 통계정보": "리눅스",
    "apt-cache": "리눅스",
    "apt-get": "리눅스",
    "APTITUDE": "리눅스",
    "aptitude": "리눅스",
    "arch": "리눅스",
    "ASCII": "리눅스",
    "autoremove": "리눅스",
    "blood_tbl": "리눅스",
    "break": "리눅스",
    "bunzip2": "리눅스",
    "bzcat": "리눅스",
    "bzip2": "리눅스",
    "C 셸": "리눅스",
    "cal": "리눅스",
    "case~esac": "리눅스",
    "cat": "리눅스",
    "cd": "리눅스",
    "chage": "리눅스",
    "chmod": "리눅스",
    "clean": "리눅스",
    "clear": "리눅스",
    "continue": "리눅스",
    "cp": "리눅스",
    "CPU": "리눅스",
    "create": "리눅스",
    "cvf": "리눅스",
    "date": "리눅스",
    "DB": "리눅스",
    "DBMS": "리눅스",
    "desc": "리눅스",
    "df": "리눅스",
    "dir": "리눅스",
    "DNS": "리눅스",
    "download": "리눅스",
    "DPKG": "리눅스",
    "dpkg": "리눅스",
    "du": "리눅스",
    "dump": "리눅스",
    "echo": "리눅스",
    "edquota": "리눅스",
    "env": "리눅스",
    "eval": "리눅스",
    "exit": "리눅스",
    "explain": "리눅스",
    "expr": "리눅스",
    "fdisk": "리눅스",
    "find": "리눅스",
    "for": "리눅스",
    "gcc": "리눅스",
    "geany": "리눅스",
    "GID": "리눅스",
    "GNU 프로젝트": "리눅스",
    "gpasswd": "리눅스",
    "grep": "리눅스",
    "groupadd": "리눅스",
    "groupdel": "리눅스",
    "gunzip": "리눅스",
    "gzip": "리눅스",
    "healthcare_db": "리눅스",
    "hostname": "리눅스",
    "id": "리눅스",
    "if": "리눅스",
    "if~else": "리눅스",
    "ifconfig": "리눅스",
    "I-node": "리눅스",
    "I-node 번호": "리눅스",
    "insert": "리눅스",
    "install": "리눅스",
    "IP 주소": "리눅스",
    "IPv4": "리눅스",
    "IPv6": "리눅스",
    "jobs": "리눅스",
    "kill": "리눅스",
    "ln": "리눅스",
    "logname": "리눅스",
    "ls": "리눅스",
    "LTS 버전": "리눅스",
    "MAC 주소": "리눅스",
    "man": "리눅스",
    "MariaDB": "리눅스",
    "mariadb-server": "리눅스",
    "mkdir": "리눅스",
    "more": "리눅스",
    "mv": "리눅스",
    "mysql": "리눅스",
    "MySQL": "리눅스",
    "mysql-server": "리눅스",
    "newgrp": "리눅스",
    "nslookup": "리눅스",
    "Null": "리눅스",
    "patient_tbl": "리눅스",
    "pgrep": "리눅스",
    "PHP": "리눅스",
    "PID": "리눅스",
    "ping": "리눅스",
    "pkgnames": "리눅스",
    "pkill": "리눅스",
    "PPID": "리눅스",
    "printf": "리눅스",
    "ps": "리눅스",
    "purge": "리눅스",
    "PuTTY": "리눅스",
    "pwd": "리눅스",
    "quota": "리눅스",
    "quotacheck": "리눅스",
    "quotaon": "리눅스",
    "RDBMS": "리눅스",
    "remove": "리눅스",
    "repquota": "리눅스",
    "return": "리눅스",
    "rm": "리눅스",
    "rmdir": "리눅스",
    "root 계정": "리눅스",
    "rvf": "리눅스",
    "SATA": "리눅스",
    "SCSI": "리눅스",
    "search": "리눅스",
    "select": "리눅스",
    "seq": "리눅스",
    "sh": "리눅스",
    "show": "리눅스",
    "shutdown": "리눅스",
    "sleep": "리눅스",
    "source": "리눅스",
    "spacezone": "리눅스",
    "SQL": "리눅스",
    "SQL 명령문": "리눅스",
    "SSH": "리눅스",
    "stats": "리눅스",
    "su": "리눅스",
    "sudo": "리눅스",
    "tail –3": "리눅스",
    "timedatectl": "리눅스",
    "touch": "리눅스",
    "tvf": "리눅스",
    "UID": "리눅스",
    "uname": "리눅스",
    "until": "리눅스",
    "update": "리눅스",
    "upgrade": "리눅스",
    "userdel": "리눅스",
    "usermod": "리눅스",
    "users": "리눅스",
    "uvf": "리눅스",
    "vdir": "리눅스",
    "vi 에디터": "리눅스",
    "vmdk": "리눅스",
    "VMware": "리눅스",
    "whereis": "리눅스",
    "which": "리눅스",
    "while": "리눅스",
    "who": "리눅스",
    "whoami": "리눅스",
    "X 윈도 화면": "리눅스",
    "XE": "리눅스",
    "xinetd": "리눅스",
    "xvf": "리눅스",
    "zcat": "리눅스",
    "가상 디스크 파일": "리눅스",
    "가상머신": "리눅스",
    "가상머신 구동": "리눅스",
    "가상머신 생성하기": "리눅스",
    "가상머신 제거하기": "리눅스",
    "가상화 기능 활성화 설정": "리눅스",
    "거주 지역 설정": "리눅스",
    "게이트웨이": "리눅스",
    "고아 프로세스": "리눅스",
    "관리자 계정": "리눅스",
    "그래픽 사용자 인터페이스": "리눅스",
    "GUI": "리눅스",
    "기본 키": "리눅스",
    "내부명령": "리눅스",
    "내용편집 키": "리눅스",
    "뉴스그룹": "리눅스",
    "대시 셸": "리눅스",
    "데몬 프로세스": "리눅스",
    "데이터 블록": "리눅스",
    "데이터 정의어": "리눅스",
    "데이터 조작어": "리눅스",
    "데이터베이스": "리눅스",
    "도움말": "리눅스",
    "디렉터리 계층 구조": "리눅스",
    "디렉터리 복사": "리눅스",
    "디렉터리 삭제": "리눅스",
    "디렉터리 상세정보": "리눅스",
    "디렉터리 생성": "리눅스",
    "디렉터리 파일": "리눅스",
    "디렉터리의 자체정보": "리눅스",
    "디스크 공간 정리": "리눅스",
    "라인 번호": "리눅스",
    "레코드": "리눅스",
    "로그인 ID": "리눅스",
    "로그인 셸": "리눅스",
    "로그인 한 모든 사용자 계정": "리눅스",
    "로컬 호스트": "리눅스",
    "리눅스": "리눅스",
    "리스트": "리눅스",
    "링크 파일": "리눅스",
    "마운트 자동화 설정": "리눅스",
    "마운트 포인터": "리눅스",
    "명령 모드": "리눅스",
    "명령어 디렉터리 경로": "리눅스",
    "명령어 리스트": "리눅스",
    "명령어 형식 지정": "리눅스",
    "모듈": "리눅스",
    "모든 패키지 이름 출력": "리눅스",
    "문서 파일": "리눅스",
    "문자열": "리눅스",
    "문자열 치환 키": "리눅스",
    "문자열 표준 출력": "리눅스",
    "반복문": "리눅스",
    "방화벽": "리눅스",
    "배시 셸": "리눅스",
    "백그라운드 작업": "리눅스",
    "백그라운드 작업 종료": "리눅스",
    "변수명": "리눅스",
    "본 셸": "리눅스",
    "부모-자식 관계의 프로세스": "리눅스",
    "분기문": "리눅스",
    "브로드캐스트": "리눅스",
    "비교 연산자": "리눅스",
    "빈 파일 생성": "리눅스",
    "사용 중인 로그인 네임": "리눅스",
    "사용자 계정": "리눅스",
    "사용자 계정 삭제": "리눅스",
    "사용자 계정 생성": "리눅스",
    "사용자 정의 함수": "리눅스",
    "상대 경로": "리눅스",
    "상대 경로명": "리눅스",
    "상시 구동": "리눅스",
    "상태정보": "리눅스",
    "서브 디렉터리": "리눅스",
    "서브 명령": "리눅스",
    "서브넷 마스크": "리눅스",
    "세미콜론": "리눅스",
    "셸 변수": "리눅스",
    "셸 스크립트": "리눅스",
    "셸 스크립트 프로그래밍": "리눅스",
    "소프트웨어 업데이트": "리눅스",
    "숨김 파일": "리눅스",
    "숫자 모드": "리눅스",
    "시간 동기화": "리눅스",
    "시그널": "리눅스",
    "시스템 정보 출력": "리눅스",
    "심볼릭 링크": "리눅스",
    "심볼릭 링크 만들기": "리눅스",
    "심볼릭 모드": "리눅스",
    "아카이브": "리눅스",
    "아카이브 내용 출력": "리눅스",
    "아카이브 업데이트": "리눅스",
    "아카이브 풀기": "리눅스",
    "아카이브에 파일 추가": "리눅스",
    "파일 압축": "리눅스",
    "암호": "리눅스",
    "암호저장 항목": "리눅스",
    "압축 파일 내용 보기": "리눅스",
    "압출 파일 풀기": "리눅스",
    "앰퍼샌드": "리눅스",
    "역따옴표": "리눅스",
    "연간 달력 출력": "리눅스",
    "연동": "리눅스",
    "예약어": "리눅스",
    "우분투 다운로드": "리눅스",
    "우분투 리눅스 설치": "리눅스",
    "우분투 설치 사양": "리눅스",
    "우분투 시스템 종료": "리눅스",
    "웹 사이트 구축": "리눅스",
    "유닉스": "리눅스",
    "이스케이프 문자": "리눅스",
    "이진 파일": "리눅스",
    "인자": "리눅스",
    "인텔 CPU": "리눅스",
    "일반 파일": "리눅스",
    "입력 모드": "리눅스",
    "자료형": "리눅스",
    "작업 디렉터리": "리눅스",
    "작업 목록": "리눅스",
    "작업 번호": "리눅스",
    "작업 전환": "리눅스",
    "작업 제어": "리눅스",
    "절대 경로": "리눅스",
    "접근 권한": "리눅스",
    "접속한 사용자의 아이디": "리눅스",
    "좀비 프로세스": "리눅스",
    "지니": "리눅스",
    "최상위 디렉터리": "리눅스",
    "충족요건": "리눅스",
    "커널": "리눅스",
    "컨트롤러": "리눅스",
    "컴파일": "리눅스",
    "컴파일러": "리눅스",
    "컴퓨터 이름 변경": "리눅스",
    "콘 셸": "리눅스",
    "쿼터": "리눅스",
    "쿼터 DB": "리눅스",
    "쿼터 속성": "리눅스",
    "키보드 한글 입력방식 설정": "리눅스",
    "터미널 창": "리눅스",
    "테이블": "리눅스",
    "텔넷": "리눅스",
    "텔넷 포트": "리눅스",
    "트리": "리눅스",
    "특수 파일": "리눅스",
    "특정 명령 위치 검색": "리눅스",
    "특정 문자열 검색": "리눅스",
    "특정 패키지 다운로드": "리눅스",
    "파라미터": "리눅스",
    "파라미터 변수": "리눅스",
    "파일 관련 조건": "리눅스",
    "파일 내용 연속출력": "리눅스",
    "파일 링크": "리눅스",
    "파일 복사": "리눅스",
    "파일 삭제": "리눅스",
    "파일 이동": "리눅스",
    "파일 이름": "리눅스",
    "파일 접근 권한 변경": "리눅스",
    "파일 접근 권한 숫자 환산": "리눅스",
    "파일 종류": "리눅스",
    "파일 찾기": "리눅스",
    "파일": "리눅스",
    "디렉터리명 생성규칙": "리눅스",
    "파일의 구성요소": "리눅스",
    "파일의 속성": "리눅스",
    "파일의 존재 확인": "리눅스",
    "파일의 종류": "리눅스",
    "파티션": "리눅스",
    "패키지 검색": "리눅스",
    "패키지 상세정보": "리눅스",
    "패키지 설치": "리눅스",
    "패키지 업그레이드": "리눅스",
    "패키지 업데이트": "리눅스",
    "패키지 자동 정리 및 삭제": "리눅스",
    "패키지 정보 업데이트": "리눅스",
    "패키지 정보 출력": "리눅스",
    "퍼미션": "리눅스",
    "포그라운드 작업": "리눅스",
    "포그라운드 작업 종류": "리눅스",
    "포트 번호": "리눅스",
    "프로세스 목록 출력": "리눅스",
    "프로세스 번호": "리눅스",
    "프로세스 종료": "리눅스",
    "프롬프트": "리눅스",
    "필드": "리눅스",
    "하드 링크": "리눅스",
    "하드 링크 만들기": "리눅스",
    "하드웨어 정보 출력": "리눅스",
    "하위 디렉터리": "리눅스",
    "한국어": "리눅스",
    "Hangul": "리눅스",
    "함수": "리눅스",
    "현재 시각": "리눅스",
    "날짜 출력": "리눅스",
    "현재 우분투 사용자 확인": "리눅스",
    "혈압 테이블": "리눅스",
    "호스트 네임": "리눅스",
    "호스트 네임 출력": "리눅스",
    "홈 디렉터리": "리눅스",
    "화면 단위로 파일 내용 출력": "리눅스",
    "화면 지우기": "리눅스",
    "화면 해상도 조절": "리눅스",
    "환경변수": "리눅스",
    "환경변수 확인": "리눅스",
    "환자 테이블": "리눅스",
    "가상 머신": "리눅스",
    "Virtual Machine": "리눅스",
    "간접 블록 포인터": "리눅스",
    "indirect block pointer": "리눅스",
    "강제 잠금": "리눅스",
    "mandatory locking": "리눅스",
    "경로명": "리눅스",
    "pathname": "리눅스",
    "공유 메모리": "리눅스",
    "shared memory": "리눅스",
    "공유 메모리 생성": "리눅스",
    "공유 메모리 연결": "리눅스",
    "공유 메모리 연결 해제": "리눅스",
    "공유 메모리 제어": "리눅스",
    "공유 잠금": "리눅스",
    "Shared Lock": "리눅스",
    "구조체": "리눅스",
    "권고 잠금": "리눅스",
    "advisory locking": "리눅스",
    "그룹 추가": "리눅스",
    "네트워크 바이트 순서": "리눅스",
    "network byte order": "리눅스",
    "다중 모듈 프로그램": "리눅스",
    "다중 모듈 프로그램 컴파일": "리눅스",
    "단어 세기": "리눅스",
    "단일 모듈 프로그램": "리눅스",
    "단일 모듈 프로그램 컴파일": "리눅스",
    "대문자 변환 서버": "리눅스",
    "대화형 옵션": "리눅스",
    "데스크톱": "리눅스",
    "데이터": "리눅스",
    "data": "리눅스",
    "데이터 영역": "리눅스",
    "data segment": "리눅스",
    "동적 i-노드 테이블": "리눅스",
    "active i-node table": "리눅스",
    "동적 변수": "리눅스",
    "dynamic variable": "리눅스",
    "뒷부분 보기": "리눅스",
    "디렉터리": "리눅스",
    "directory": "리눅스",
    "디렉터리 계층구조": "리눅스",
    "디렉터리 리스트": "리눅스",
    "레드햇 리눅스": "리눅스",
    "Red Hat Linux": "리눅스",
    "레코드 잠금": "리눅스",
    "record locking": "리눅스",
    "링크": "리눅스",
    "맥 OS": "리눅스",
    "Mac OS": "리눅스",
    "메모리 관리 함수": "리눅스",
    "메모리 맵핑 함수": "리눅스",
    "메이크파일": "리눅스",
    "메일 서버": "리눅스",
    "command mode": "리눅스",
    "명령어 그룹": "리눅스",
    "command group": "리눅스",
    "명령어 실행 함수": "리눅스",
    "명령어 열": "리눅스",
    "command sequence": "리눅스",
    "명령어 처리기": "리눅스",
    "command processor": "리눅스",
    "명령줄 인수": "리눅스",
    "문자 단위 입출력": "리눅스",
    "포인터": "리눅스",
    "문자열 처리 함수": "리눅스",
    "문자 장치 파일": "리눅스",
    "character special file": "리눅스",
    "문자 처리 함수": "리눅스",
    "문자형의 이차원 배열": "리눅스",
    "바탕화면": "리눅스",
    "배열": "리눅스",
    "배열 할당": "리눅스",
    "배타 잠금": "리눅스",
    "Exclusive Lock": "리눅스",
    "버퍼": "리눅스",
    "버퍼 미사용": "리눅스",
    "unbuffered": "리눅스",
    "버퍼 방식": "리눅스",
    "버퍼 비우기": "리눅스",
    "버퍼 설정 함수": "리눅스",
    "버퍼 입출력": "리눅스",
    "부모 프로세스": "리눅스",
    "parent process": "리눅스",
    "블록 장치 파일": "리눅스",
    "block special file": "리눅스",
    "블록 포인터": "리눅스",
    "비지역 점프": "리눅스",
    "사용자 계정 추가": "리눅스",
    "사용자 계정 추가 명령어": "리눅스",
    "사용자 모드": "리눅스",
    "user mode": "리눅스",
    "삼중 간접 블록 포인터": "리눅스",
    "triple indirect block pointer": "리눅스",
    "상단 바": "리눅스",
    "relative path name": "리눅스",
    "서버 프로세스": "리눅스",
    "설정": "리눅스",
    "소유자 및 그룹 변경": "리눅스",
    "소켓": "리눅스",
    "socket": "리눅스",
    "소켓 만들기": "리눅스",
    "소켓에 연결 요청": "리눅스",
    "소켓에 이름": "리눅스",
    "주소": "리눅스",
    "주기": "리눅스",
    "소켓 연결": "리눅스",
    "소켓 연결 요청 수락": "리눅스",
    "소켓을 통한 데이터 송수신": "리눅스",
    "소켓 큐 생성": "리눅스",
    "솔라리스": "리눅스",
    "순차 접근": "리눅스",
    "sequential access": "리눅스",
    "Shell": "리눅스",
    "쉘 파이프 구현": "리눅스",
    "슈퍼 유저": "리눅스",
    "스택": "리눅스",
    "stack": "리눅스",
    "스택 프레임": "리눅스",
    "stact frame": "리눅스",
    "스트림": "리눅스",
    "stream": "리눅스",
    "시간 서버": "리눅스",
    "시그널 무시": "리눅스",
    "시그널 보내기": "리눅스",
    "시그널을 이용한 프로세스 제어": "리눅스",
    "시그널 종류": "리눅스",
    "시그널 처리기": "리눅스",
    "signal handler": "리눅스",
    "시그널 처리기 등록": "리눅스",
    "시스템 V": "리눅스",
    "시스템 부팅": "리눅스",
    "시스템 설정": "리눅스",
    "시스템 호출": "리눅스",
    "system call": "리눅스",
    "실제 사용자 ID": "리눅스",
    "real user ID": "리눅스",
    "실행시간 스택": "리눅스",
    "runtime stack": "리눅스",
    "symbolic link": "리눅스",
    "심볼릭 링크 파일": "리눅스",
    "쓰기 잠금": "리눅스",
    "Write Lock": "리눅스",
    "안드로이드": "리눅스",
    "Android": "리눅스",
    "알람 시그널": "리눅스",
    "연결리스트": "리눅스",
    "linked list": "리눅스",
    "온라인 매뉴얼": "리눅스",
    "완전 버퍼": "리눅스",
    "fully buffered": "리눅스",
    "우분투": "리눅스",
    "Ubuntu": "리눅스",
    "웹 서버": "리눅스",
    "유니버설 USB 인스톨러": "리눅스",
    "Universal USB Installer": "리눅스",
    "Unix": "리눅스",
    "유닉스 버전": "리눅스",
    "유닉스 소켓": "리눅스",
    "AF_UNIX": "리눅스",
    "유닉스 시스템 구조": "리눅스",
    "유닉스 역사": "리눅스",
    "유닉스의 설계 철학": "리눅스",
    "유닉스의 특징": "리눅스",
    "유효 사용자 ID": "리눅스",
    "effective user ID": "리눅스",
    "이름 있는 파이프": "리눅스",
    "named pipe": "리눅스",
    "이중 간접 블록 포인터": "리눅스",
    "double indirect block pointer": "리눅스",
    "binary file": "리눅스",
    "이차원 배열": "리눅스",
    "이클립스 통합개발환경": "리눅스",
    "인터넷 소켓": "리눅스",
    "AF_INET": "리눅스",
    "인터넷 소켓 만들기": "리눅스",
    "regular file": "리눅스",
    "읽기 잠금": "리눅스",
    "Read Lock": "리눅스",
    "임의 접근": "리눅스",
    "random access": "리눅스",
    "임의 접근 파일": "리눅스",
    "random access file": "리눅스",
    "input mode": "리눅스",
    "입력 재지정": "리눅스",
    "input redirection": "리눅스",
    "자기 참조 구조체": "리눅스",
    "self reference structure": "리눅스",
    "자식 프로세스": "리눅스",
    "child process": "리눅스",
    "작업": "리눅스",
    "job": "리눅스",
    "잠금 함수": "리눅스",
    "장치 파일": "리눅스",
    "전면 처리": "리눅스",
    "절대 경로명": "리눅스",
    "absolute pathname": "리눅스",
    "접근권한": "리눅스",
    "permission mode": "리눅스",
    "접근권한 변경": "리눅스",
    "접근 및 수정 시간 변경": "리눅스",
    "종료 코드": "리눅스",
    "exit status code": "리눅스",
    "주소참조": "리눅스",
    "dereferencing": "리눅스",
    "줄 단위 입출력": "리눅스",
    "줄 버퍼": "리눅스",
    "line buffered": "리눅스",
    "직접 블록 포인터": "리눅스",
    "direct block pointer": "리눅스",
    "채팅 서버 프로그램": "리눅스",
    "채팅 클라이언트 프로그램": "리눅스",
    "출력 재지정": "리눅스",
    "output redirection": "리눅스",
    "출력 추가": "리눅스",
    "kernel": "리눅스",
    "커널 모드": "리눅스",
    "kernel mode": "리눅스",
    "텍스트": "리눅스",
    "text": "리눅스",
    "텍스트 영역": "리눅스",
    "text segment": "리눅스",
    "텍스트 파일": "리눅스",
    "text file": "리눅스",
    "텍스트 편집기": "리눅스",
    "텔넷 서버": "리눅스",
    "파이프": "리눅스",
    "파이프 만들기": "리눅스",
    "파이프 열기": "리눅스",
    "파일 관리자": "리눅스",
    "파일 내용 보기": "리눅스",
    "파일 닫기": "리눅스",
    "파일 디스크립터": "리눅스",
    "file descriptor": "리눅스",
    "파일 디스크립터 배열": "리눅스",
    "file descriptor array": "리눅스",
    "파일 디스크립터 복제": "리눅스",
    "파일 및 디렉터리 삭제": "리눅스",
    "파일 복사 예제": "리눅스",
    "파일 상태": "리눅스",
    "file status": "리눅스",
    "파일 생성": "리눅스",
    "파일 서버": "리눅스",
    "파일 소유자 변경": "리눅스",
    "파일 속성": "리눅스",
    "파일 시스템": "리눅스",
    "파일 쓰기": "리눅스",
    "파일 앞부분": "리눅스",
    "파일에 블록 쓰기": "리눅스",
    "파일 열기": "리눅스",
    "파일 열기 함수": "리눅스",
    "파일 위치 포인터": "리눅스",
    "file position pointer": "리눅스",
    "파일 읽기": "리눅스",
    "파일 입출력 함수": "리눅스",
    "파일 잠금": "리눅스",
    "파일 타입": "리눅스",
    "파일 테이블": "리눅스",
    "file table": "리눅스",
    "페이지 단위로 파일 내용 보기": "리눅스",
    "포맷 입출력": "리눅스",
    "포인터 배열": "리눅스",
    "포인터 변수": "리눅스",
    "포인터의 포인터": "리눅스",
    "표준오류": "리눅스",
    "표준입력": "리눅스",
    "표준출력": "리눅스",
    "프로그램 실행": "리눅스",
    "프로그램 편집": "리눅스",
    "프로그램 표시": "리눅스",
    "프로세스 ID": "리눅스",
    "프로세스": "리눅스",
    "process": "리눅스",
    "프로세스 그룹": "리눅스",
    "process group": "리눅스",
    "프로세스 그룹 리더": "리눅스",
    "process group leader": "리눅스",
    "프로세스 리스트": "리눅스",
    "프로세스 생성": "리눅스",
    "프로세스 이미지": "리눅스",
    "process image": "리눅스",
    "프로세스 정지": "리눅스",
    "프로세스 제어": "리눅스",
    "hard link": "리눅스",
    "함수 리턴": "리눅스",
    "함수 정의": "리눅스",
    "함수 호출": "리눅스",
    "현재 작업 디렉터리": "리눅스",
    "current working directory": "리눅스",
    "현재 파일 위치": "리눅스",
    "current file position": "리눅스",
    "현재 활동": "리눅스",
    "home directory": "리눅스",
    "환경 변수": "리눅스",
    "후면 처리": "리눅스",
    "heap": "리눅스",
    "alarm": "리눅스",
    "argv": "리눅스",
    "bind": "리눅스",
    "BSD 유닉스": "리눅스",
    "calloc": "리눅스",
    "cat 명령어": "리눅스",
    "cd 명령어": "리눅스",
    "CentOS": "리눅스",
    "Community ENTerprise Operating System": "리눅스",
    "chdir": "리눅스",
    "chgrp": "리눅스",
    "change group": "리눅스",
    "명령어": "리눅스",
    "chown": "리눅스",
    "chang owner": "리눅스",
    "close": "리눅스",
    "connect": "리눅스",
    "cp 명령어": "리눅스",
    "creat": "리눅스",
    "C 언어 요약": "리눅스",
    "date 명령어": "리눅스",
    "DIR 구조체": "리눅스",
    "Domain Name System": "리눅스",
    "DNS 검색 함수": "리눅스",
    "dup": "리눅스",
    "dup2": "리눅스",
    "exec": "리눅스",
    "execl": "리눅스",
    "execlp": "리눅스",
    "execv": "리눅스",
    "execvp": "리눅스",
    "exit 처리기": "리눅스",
    "fclose": "리눅스",
    "fcntl": "리눅스",
    "feof": "리눅스",
    "fflush": "리눅스",
    "fgetc": "리눅스",
    "fgets": "리눅스",
    "fg 명령어": "리눅스",
    "FIFO 파일": "리눅스",
    "FILE 구조체": "리눅스",
    "FILE 포인터": "리눅스",
    "FILE pointer": "리눅스",
    "fopen": "리눅스",
    "fork": "리눅스",
    "fprintf": "리눅스",
    "fputc": "리눅스",
    "fputs": "리눅스",
    "fread": "리눅스",
    "free": "리눅스",
    "fscanf": "리눅스",
    "fseek": "리눅스",
    "ftell": "리눅스",
    "ftp 서버": "리눅스",
    "fwrite": "리눅스",
    "gdb 디버거": "리눅스",
    "gedit 텍스트 편집기": "리눅스",
    "getegid": "리눅스",
    "getenv": "리눅스",
    "geteuid": "리눅스",
    "getgid": "리눅스",
    "getgrgid": "리눅스",
    "gethostbyname": "리눅스",
    "getpgrp": "리눅스",
    "getpid": "리눅스",
    "getppid": "리눅스",
    "getpwuid": "리눅스",
    "gets": "리눅스",
    "getty": "리눅스",
    "getty 프로세스": "리눅스",
    "getuid": "리눅스",
    "GNOME 데스크톱": "리눅스",
    "GNU 소프트웨어": "리눅스",
    "head 명령어": "리눅스",
    "hostname 명령어": "리눅스",
    "inet_nota 함수": "리눅스",
    "init": "리눅스",
    "초기화 프로세스": "리눅스",
    "init 프로세스": "리눅스",
    "iOS": "리눅스",
    "i-노드": "리눅스",
    "i-node": "리눅스",
    "kill 명령어": "리눅스",
    "link": "리눅스",
    "listen": "리눅스",
    "ln 명령어": "리눅스",
    "lockf": "리눅스",
    "login 프로세스": "리눅스",
    "longjmp": "리눅스",
    "lseek": "리눅스",
    "ls 명령어": "리눅스",
    "make 시스템": "리눅스",
    "malloc": "리눅스",
    "memchr": "리눅스",
    "memcmp": "리눅스",
    "memcpy": "리눅스",
    "memmove": "리눅스",
    "memset": "리눅스",
    "mkdir 명령어": "리눅스",
    "mkfifo": "리눅스",
    "mknod 명령어": "리눅스",
    "more 명령어": "리눅스",
    "munmap": "리눅스",
    "mv 명령어": "리눅스",
    "open": "리눅스",
    "opendir": "리눅스",
    "passwd 명령어": "리눅스",
    "pause": "리눅스",
    "pipe": "리눅스",
    "popen": "리눅스",
    "ps 명령어": "리눅스",
    "putenv": "리눅스",
    "pwd 명령어": "리눅스",
    "raise": "리눅스",
    "read": "리눅스",
    "readdir": "리눅스",
    "readlink": "리눅스",
    "realloc": "리눅스",
    "recv": "리눅스",
    "rewind": "리눅스",
    "rmdir 명령어": "리눅스",
    "rm 명령어": "리눅스",
    "scanf": "리눅스",
    "send": "리눅스",
    "setbuf": "리눅스",
    "setegid": "리눅스",
    "setenv": "리눅스",
    "seteuid": "리눅스",
    "setgid": "리눅스",
    "setjmp": "리눅스",
    "setpgrp": "리눅스",
    "setuid": "리눅스",
    "set-user-id 실행권한 설정": "리눅스",
    "setvbuf": "리눅스",
    "shell 프로세스": "리눅스",
    "shmat": "리눅스",
    "shmdt": "리눅스",
    "shmctl": "리눅스",
    "sigaction": "리눅스",
    "signal": "리눅스",
    "sleep 명령어": "리눅스",
    "sshd": "리눅스",
    "stat": "리눅스",
    "strcmp": "리눅스",
    "switch user": "리눅스",
    "swapper": "리눅스",
    "스케줄러 프로세스": "리눅스",
    "system": "리눅스",
    "함수 구현": "리눅스",
    "tail 명령어": "리눅스",
    "uname 명령어": "리눅스",
    "ungetc": "리눅스",
    "unlink": "리눅스",
    "unsetenv": "리눅스",
    "utime": "리눅스",
    "U-영역": "리눅스",
    "user-area": "리눅스",
    "VirtualBox": "리눅스",
    "VMWare": "리눅스",
    "vmware.com": "리눅스",
    "VMware Workstation Player": "리눅스",
    "wait": "리눅스",
    "waitpid": "리눅스",
    "wc 명령어": "리눅스",
    "whoami 명령어": "리눅스",
    "who 명령어": "리눅스",
    "write": "리눅스",
    "Wubi": "리눅스",
    "Windows-based Ubuntu Installer": "리눅스",
    "가상 데스크톱": "리눅스",
    "가상 머신에 리눅스 설치": "리눅스",
    "Gateway": "리눅스",
    "구글 크롬": "리눅스",
    "네트워크 설정": "리눅스",
    "단순 변수": "리눅스",
    "대표문자": "리눅스",
    "wildcard character": "리눅스",
    "데비안": "리눅스",
    "Debian": "리눅스",
    "데스크톱 환경": "리눅스",
    "Desktop Environment": "리눅스",
    "Data block": "리눅스",
    "도메인 이름": "리눅스",
    "domain name": "리눅스",
    "독자형": "리눅스",
    "standalone": "리눅스",
    "데몬": "리눅스",
    "디렉터리 구현": "리눅스",
    "디버깅": "리눅스",
    "라우터": "리눅스",
    "router": "리눅스",
    "런레벨": "리눅스",
    "로그인 쉘": "리눅스",
    "login shell": "리눅스",
    "Linux": "리눅스",
    "리스트 변수": "리눅스",
    "리커전": "리눅스",
    "recursion": "리눅스",
    "마운트 설정": "리눅스",
    "명령 재실행": "리눅스",
    "명령어 대치": "리눅스",
    "command substitution": "리눅스",
    "목적 파일": "리눅스",
    "object file": "리눅스",
    "무선 액세스 포인트": "리눅스",
    "Wireless Access Point": "리눅스",
    "WAP": "리눅스",
    "문서 내 입력": "리눅스",
    "here document": "리눅스",
    "별명": "리눅스",
    "본 쉘": "리눅스",
    "Bourne shell": "리눅스",
    "부울 연산": "리눅스",
    "부트 블록": "리눅스",
    "Boot block": "리눅스",
    "비교 연산": "리눅스",
    "사용자 프로세스": "리눅스",
    "user process": "리눅스",
    "사전 정의 지역 변수": "리눅스",
    "predefined local variable": "리눅스",
    "사전 정의 환경변수": "리눅스",
    "predefined environment variable": "리눅스",
    "사파리": "리눅스",
    "소프트웨어 설치 도구": "리눅스",
    "Solaris": "리눅스",
    "쉘 프로세스": "리눅스",
    "슈퍼 블록": "리눅스",
    "Super block": "리눅스",
    "슈퍼데몬": "리눅스",
    "superdaemon": "리눅스",
    "슈퍼유저": "리눅스",
    "superuser": "리눅스",
    "System V": "리눅스",
    "시스템 종료": "리눅스",
    "시큐어 쉘": "리눅스",
    "secure shel": "리눅스",
    "실행 파일": "리눅스",
    "executable file": "리눅스",
    "아파치 웹 서버": "리눅스",
    "우분투 데스크톱 환경": "리눅스",
    "우분투 소프트웨어 센터": "리눅스",
    "원격 데스크톱 프로토콜": "리눅스",
    "Remote Desktop Protocol": "리눅스",
    "원격 로그인": "리눅스",
    "원격 접속 서버 SSH": "리눅스",
    "월드": "리눅스",
    "이드 웹": "리눅스",
    "World Wide Web": "리눅스",
    "WWW": "리눅스",
    "W3": "리눅스",
    "웹 브라우저": "리눅스",
    "web browser": "리눅스",
    "웹 페이지": "리눅스",
    "web page": "리눅스",
    "윈도우 관리자": "리눅스",
    "Window Manager": "리눅스",
    "인터넷": "리눅스",
    "Internet": "리눅스",
    "ordinary file": "리눅스",
    "장치파일": "리눅스",
    "device file": "리눅스",
    "저장소": "리눅스",
    "repository": "리눅스",
    "foreground processing": "리눅스",
    "정규식": "리눅스",
    "regular expression": "리눅스",
    "조건 명령어 열": "리눅스",
    "conditional command sequence": "리눅스",
    "중첩 if 문": "리눅스",
    "지에디트": "리눅스",
    "gedit": "리눅스",
    "지역변수": "리눅스",
    "local variable": "리눅스",
    "직접 로그인": "리눅스",
    "커널 데몬": "리눅스",
    "커널 스레드 데몬": "리눅스",
    "kthreadd": "리눅스",
    "커널 프로세스": "리눅스",
    "kernel process": "리눅스",
    "콘 쉘": "리눅스",
    "Korn shell": "리눅스",
    "파이어폭스": "리눅스",
    "파일 관련 연산": "리눅스",
    "파일 관련 연산자": "리눅스",
    "file-oriented operator": "리눅스",
    "파일 소유자": "리눅스",
    "file attribute": "리눅스",
    "파일 전송 프로토콜": "리눅스",
    "File Transfer Protocol": "리눅스",
    "FTP": "리눅스",
    "파일 크기": "리눅스",
    "파일의 그룹": "리눅스",
    "파일의 최종 수정 시간": "리눅스",
    "페도라": "리눅스",
    "Fedora": "리눅스",
    "standard error": "리눅스",
    "표준오류 재지정": "리눅스",
    "standard error redirection": "리눅스",
    "standard output": "리눅스",
    "하드 링크 개수": "리눅스",
    "하이퍼텍스트": "리눅스",
    "hypertext": "리눅스",
    "호스트명": "리눅스",
    "environment variable": "리눅스",
    "background processing": "리눅스",
    "히스토리": "리눅스",
    "alias 명령어": "리눅스",
    "apt": "리눅스",
    "at 명령어": "리눅스",
    "at 시스템": "리눅스",
    "atq 명령어": "리눅스",
    "awk 내장 함수": "리눅스",
    "awk 유틸리티": "리눅스",
    "Bash": "리눅스",
    "Bourne again shell": "리눅스",
    "Bash 쉘": "리눅스",
    "Bash 쉘의 시작": "리눅스",
    "bg 명령어": "리눅스",
    "BSD": "리눅스",
    "Berkeley Software Distribution": "리눅스",
    "C 라이브러리 함수": "리눅스",
    "C 쉘": "리눅스",
    "C shell": "리눅스",
    "case 문": "리눅스",
    "cat 명령어를 이용한 파일 합병": "리눅스",
    "chgrp 명령어": "리눅스",
    "change mode": "리눅스",
    "chown 명령어": "리눅스",
    "chsh 명령어": "리눅스",
    "cmp 명령어": "리눅스",
    "compress 명령어": "리눅스",
    "cron": "리눅스",
    "crontab 명령어": "리눅스",
    "crontab 파일": "리눅스",
    "declare 명령어": "리눅스",
    "df 명령어": "리눅스",
    "DHCP": "리눅스",
    "diff 명령어": "리눅스",
    "dir 명령어": "리눅스",
    "du 명령어": "리눅스",
    "du 유틸리티": "리눅스",
    "ext 파일 시스템": "리눅스",
    "ext4 파일 시스템": "리눅스",
    "file 명령어": "리눅스",
    "FileZilla": "리눅스",
    "find 명령어": "리눅스",
    "finger 명령어": "리눅스",
    "for 문": "리눅스",
    "ftp 명령어": "리눅스",
    "FTP 서버": "리눅스",
    "gcc 컴파일러": "리눅스",
    "GNOME": "리눅스",
    "GNU Network Object Model Environment": "리눅스",
    "grep 명령어": "리눅스",
    "groupadd 명령어": "리눅스",
    "groupdel 명령어": "리눅스",
    "GRUB": "리눅스",
    "GRand Unified Bootloader": "리눅스",
    "gzip 명령어": "리눅스",
    "history 명령어": "리눅스",
    "HTML": "리눅스",
    "Hyper Text Markup Language": "리눅스",
    "id 명령어": "리눅스",
    "if 문": "리눅스",
    "IP": "리눅스",
    "Internet Protocol": "리눅스",
    "ip 명령어": "리눅스",
    "i-리스트": "리눅스",
    "i-list": "리눅스",
    "jobs 명령어": "리눅스",
    "LAN": "리눅스",
    "Local Area Network": "리눅스",
    "let 명령어": "리눅스",
    "nice 값": "리눅스",
    "nice 명령어": "리눅스",
    "nohup 명령어": "리눅스",
    "name server lookup": "리눅스",
    "paste 명령어": "리눅스",
    "pgrep 명령어": "리눅스",
    "Process Identification": "리눅스",
    "ping 명령어": "리눅스",
    "Parent Process Identification": "리눅스",
    "pstree 명령어": "리눅스",
    "RDP": "리눅스",
    "read 명령어": "리눅스",
    "renice 명령어": "리눅스",
    "rpm 유틸리티": "리눅스",
    "runlevel 명령어": "리눅스",
    "service": "리눅스",
    "service 유틸리티": "리눅스",
    "set-group-id": "리눅스",
    "set group ID upon execution": "리눅스",
    "set-user-id": "리눅스",
    "set userID upon execution": "리눅스",
    "sftp": "리눅스",
    "secure ftp": "리눅스",
    "shift 명령어": "리눅스",
    "shutdown 명령어": "리눅스",
    "size 명령어": "리눅스",
    "sort 명령어": "리눅스",
    "split 명령어": "리눅스",
    "ssh": "리눅스",
    "stat 명령어": "리눅스",
    "su 명령어": "리눅스",
    "systemctl 명령어": "리눅스",
    "systemd": "리눅스",
    "systemd 프로세스": "리눅스",
    "tar 명령어": "리눅스",
    "TCP": "리눅스",
    "Transport Control Protocol": "리눅스",
    "telnet": "리눅스",
    "top 유틸리티": "리눅스",
    "touch 명령어": "리눅스",
    "unalias": "리눅스",
    "uncompress 명령어": "리눅스",
    "URL": "리눅스",
    "Uniform Resource Locator": "리눅스",
    "useradd 명령어": "리눅스",
    "userdel 명령어": "리눅스",
    "w 명령어": "리눅스",
    "whatis 명령어": "리눅스",
    "which 명령어": "리눅스",
    "while 문": "리눅스",
    "X 윈도우 시스템": "리눅스",
    "32bit": "리눅스",
    "3D graphics": "리눅스",
    "64bit": "리눅스",
    "80번 포트": "리눅스",
    "alter": "리눅스",
    "AMD": "리눅스",
    "at": "리눅스",
    "badblocks": "리눅스",
    "BIOS": "리눅스",
    "break 문": "리눅스",
    "bus-hangul": "리눅스",
    "bzip": "리눅스",
    "case~": "리눅스",
    "esac 문": "리눅스",
    "CLI": "리눅스",
    "Continue": "리눅스",
    "continue 문": "리눅스",
    "CRON": "리눅스",
    "crontab": "리눅스",
    "delete": "리눅스",
    "DNF": "리눅스",
    "dnf": "리눅스",
    "DNF 명": "리눅스",
    "drop": "리눅스",
    "dumpe2fs": "리눅스",
    "e2fsk": "리눅스",
    "EST": "리눅스",
    "export": "리눅스",
    "ext": "리눅스",
    "Finish": "리눅스",
    "firewall-cmd": "리눅스",
    "firewalld": "리눅스",
    "in 문": "리눅스",
    "fsck": "리눅스",
    "FSF": "리눅스",
    "GNU 프로": "리눅스",
    "GPG": "리눅스",
    "GPL": "리눅스",
    "grant": "리눅스",
    "GROUP": "리눅스",
    "groups": "리눅스",
    "hangul": "리눅스",
    "history": "리눅스",
    "HTTP": "리눅스",
    "httpd": "리눅스",
    "httpd.conf": "리눅스",
    "IBM": "리눅스",
    "ID": "리눅스",
    "IDE": "리눅스",
    "index.html": "리눅스",
    "insert into": "리눅스",
    "iptables": "리눅스",
    "IPv": "리눅스",
    "ISO": "리눅스",
    "ISO 파일": "리눅스",
    "INDEX": "리눅스",
    "K 윈도": "리눅스",
    "KST": "리눅스",
    "VM": "리눅스",
    "VM 명": "리눅스",
    "VM 삭제": "리눅스",
    "mke2fs": "리눅스",
    "mkfs": "리눅스",
    "mount": "리눅스",
    "NOME": "리눅스",
    "NVMe": "리눅스",
    "OTHER": "리눅스",
    "passwd": "리눅스",
    "TH": "리눅스",
    "PCB": "리눅스",
    "php-fpm": "리눅스",
    "proc": "리눅스",
    "pstree": "리눅스",
    "public": "리눅스",
    "Pu": "리눅스",
    "TTY": "리눅스",
    "PV": "리눅스",
    "reboot": "리눅스",
    "reload": "리눅스",
    "return 문": "리눅스",
    "RHEL": "리눅스",
    "root": "리눅스",
    "RPM": "리눅스",
    "RTC": "리눅스",
    "SELINUX": "리눅스",
    "Seoul": "리눅스",
    "Server": "리눅스",
    "SetGid": "리눅스",
    "SetUid": "리눅스",
    "Sticky Bit": "리눅스",
    "system clear": "리눅스",
    "systemctl": "리눅스",
    "tail": "리눅스",
    "tar": "리눅스",
    "then": "리눅스",
    "timezone": "리눅스",
    "umask": "리눅스",
    "umount": "리눅스",
    "until 문": "리눅스",
    "USB": "리눅스",
    "use": "리눅스",
    "USER": "리눅스",
    "useradd": "리눅스",
    "UTC": "리눅스",
    "UTF-": "리눅스",
    "varchar": "리눅스",
    "VFS": "리눅스",
    "VG": "리눅스",
    "VMware Player": "리눅스",
    "Windows NT": "리눅스",
    "XFS": "리눅스",
    "XWindows": "리눅스",
    "um": "리눅스",
    "가상 머신 프로그": "리눅스",
    "가상 터미": "리눅스",
    "가상 파일 시스템": "리눅스",
    "가상콘솔": "리눅스",
    "가상화 기능": "리눅스",
    "가상화 옵션": "리눅스",
    "경로": "리눅스",
    "계정": "리눅스",
    "계정 이름": "리눅스",
    "계층적 디": "리눅스",
    "렉터": "리눅스",
    "리의 구조": "리눅스",
    "공백": "리눅스",
    "계 연산자": "리눅스",
    "관리자": "리눅스",
    "관리자 계정암호": "리눅스",
    "구분자": "리눅스",
    "구조화 질의어": "리눅스",
    "권한 묶음": "리눅스",
    "권한변경": "리눅스",
    "권한설정": "리눅스",
    "권한제거": "리눅스",
    "그놈": "리눅스",
    "그룹 디스크": "리눅스",
    "립터 테이블": "리눅스",
    "그룹 소유권": "리눅스",
    "그룹 암호": "리눅스",
    "그룹변경": "리눅스",
    "기본 접근 권한": "리눅스",
    "기본 환경": "리눅스",
    "깨움": "리눅스",
    "내용 삭제": "리눅스",
    "네트워크": "리눅스",
    "네트워크 인터페이스": "리눅스",
    "네티즌": "리눅스",
    "러스": "리눅스",
    "논리 볼륨": "리눅스",
    "느낌표": "리눅스",
    "다운로드": "리눅스",
    "다중 사용자": "리눅스",
    "다중 작업": "리눅스",
    "단말기": "리눅스",
    "단일 인터페이스": "리눅스",
    "단축키": "리눅스",
    "달력": "리눅스",
    "대괄호": "리눅스",
    "대화식 방법": "리눅스",
    "데이터 보안": "리눅스",
    "데이터 수정": "리눅스",
    "데이터의 실체": "리눅스",
    "독립된 플랫폼": "리눅스",
    "일 그룹": "리눅스",
    "드래그 앤 드롭": "리눅스",
    "리 중간단": "리눅스",
    "디스크 사용량": "리눅스",
    "디스크 용량": "리눅스",
    "디스크 용량 단위": "리눅스",
    "디스크 파일": "리눅스",
    "디스패치": "리눅스",
    "디스플레이 설정": "리눅스",
    "라이선스": "리눅스",
    "라이선스 동의": "리눅스",
    "라인 모드": "리눅스",
    "런처": "리눅스",
    "레드": "리눅스",
    "햇 엔터프라이즈": "리눅스",
    "로그네임": "리눅스",
    "로그": "리눅스",
    "인 ID": "리눅스",
    "인 셸": "리눅스",
    "인 정보": "리눅스",
    "루트": "리눅스",
    "루트 디": "리눅스",
    "리누스 토발즈": "리눅스",
    "리눅스 버전": "리눅스",
    "리눅스 시스템": "리눅스",
    "마스크값": "리눅스",
    "마스터": "리눅스",
    "마운트": "리눅스",
    "마운트 포": "리눅스",
    "인트": "리눅스",
    "마운트 형식": "리눅스",
    "티 부팅": "리눅스",
    "티태스킹": "리눅스",
    "령 모드": "리눅스",
    "령어 형식 지정": "리눅스",
    "령키": "리눅스",
    "모드 전환": "리눅스",
    "문자열 치환": "리눅스",
    "물리 볼륨": "리눅스",
    "래의 연도": "리눅스",
    "방화벽 영역": "리눅스",
    "배경 바꾸": "리눅스",
    "배경 화면": "리눅스",
    "배드 블록": "리눅스",
    "배포": "리눅스",
    "배포판": "리눅스",
    "백그라운드": "리눅스",
    "백업 관리": "리눅스",
    "백업 유틸": "리눅스",
    "리티": "리눅스",
    "버그": "리눅스",
    "버전": "리눅스",
    "번역": "리눅스",
    "범용 운영체제": "리눅스",
    "변수": "리눅스",
    "변천사": "리눅스",
    "보류": "리눅스",
    "안요소": "리눅스",
    "안의식": "리눅스",
    "복사": "리눅스",
    "볼륨 그룹": "리눅스",
    "블록 그룹": "리눅스",
    "비공": "리눅스",
    "개형": "리눅스",
    "빌드": "리눅스",
    "사용자 계정정보": "리눅스",
    "삭제": "리눅스",
    "세정보": "리눅스",
    "상용화": "리눅스",
    "새 그룹": "리눅스",
    "생성": "리눅스",
    "생성규칙": "리눅스",
    "서버": "리눅스",
    "서브": "리눅스",
    "서브 디": "리눅스",
    "넷 마스크": "리눅스",
    "서비스": "리눅스",
    "서비스 유닛": "리눅스",
    "서울": "리눅스",
    "설치": "리눅스",
    "설치 목적지": "리눅스",
    "설치 미디어": "리눅스",
    "세션 이름": "리눅스",
    "셸 스크": "리눅스",
    "립트": "리눅스",
    "소속 그룹": "리눅스",
    "소유그룹": "리눅스",
    "소프트웨어": "리눅스",
    "소프트웨어 시계": "리눅스",
    "수정된 일자": "리눅스",
    "수정시각": "리눅스",
    "수행한 명": "리눅스",
    "령 취소": "리눅스",
    "숫자 계산": "리눅스",
    "슈퍼키": "리눅스",
    "스니퍼": "리눅스",
    "스타일": "리눅스",
    "시각의 표시형식": "리눅스",
    "시간 동": "리눅스",
    "기화": "리눅스",
    "시간 및 날짜": "리눅스",
    "시간제한": "리눅스",
    "시스템 점검": "리눅스",
    "행 관리자": "리눅스",
    "행 권한": "리눅스",
    "쓰기 권한": "리눅스",
    "아시아": "리눅스",
    "아이콘": "리눅스",
    "아파치": "리눅스",
    "업그레이드": "리눅스",
    "업데이트": "리눅스",
    "에일": "리눅스",
    "리어스": "리눅스",
    "엔터프라이즈": "리눅스",
    "엔트리": "리눅스",
    "연도지정": "리눅스",
    "오늘 날짜": "리눅스",
    "오토매틱": "리눅스",
    "픈형": "리눅스",
    "온라인 계정": "리눅스",
    "옵션": "리눅스",
    "옵션 –": "리눅스",
    "일드카드": "리눅스",
    "운영체제": "리눅스",
    "워크스테이션용": "리눅스",
    "유선 인터": "리눅스",
    "이더": "리눅스",
    "이동": "리눅스",
    "이미지 파일": "리눅스",
    "인터페이스": "리눅스",
    "일회성 작업": "리눅스",
    "읽기 권한": "리눅스",
    "력 모드": "리눅스",
    "력 모드 전환": "리눅스",
    "력 모드 전환키": "리눅스",
    "자료": "리눅스",
    "자원": "리눅스",
    "자유 소프트웨어": "리눅스",
    "체정보": "리눅스",
    "작업 디": "리눅스",
    "작업순서": "리눅스",
    "재배포": "리눅스",
    "재부팅": "리눅스",
    "전원": "리눅스",
    "접속변경": "리눅스",
    "정규 파일": "리눅스",
    "정보": "리눅스",
    "제어": "리눅스",
    "주기억장치": "리눅스",
    "중앙처": "리눅스",
    "리장치": "리눅스",
    "초기화면": "리눅스",
    "최상위 디": "리눅스",
    "추천": "리눅스",
    "출력형식 지정": "리눅스",
    "카테고리": "리눅스",
    "널 업그레이드": "리눅스",
    "널 컴파일": "리눅스",
    "커서": "리눅스",
    "커서 이동하": "리눅스",
    "컴퓨터 주변장치": "리눅스",
    "쿼터 명": "리눅스",
    "령어": "리눅스",
    "크롬": "리눅스",
    "클라이언트": "리눅스",
    "키보드": "리눅스",
    "키워드": "리눅스",
    "터미": "리눅스",
    "테마": "리눅스",
    "테이블 구조": "리눅스",
    "테이블 필드": "리눅스",
    "트래픽": "리눅스",
    "특수접근 권한": "리눅스",
    "특정 IP": "리눅스",
    "특정 연도": "리눅스",
    "틸드": "리눅스",
    "파일 내용 수정": "리눅스",
    "파일 단위": "리눅스",
    "파일 묶음": "리눅스",
    "파일 시스템 검사": "리눅스",
    "파일목록": "리눅스",
    "파일의 위치": "리눅스",
    "파일의 크기": "리눅스",
    "파티션 나누기": "리눅스",
    "패치 버전": "리눅스",
    "패키지": "리눅스",
    "패킷": "리눅스",
    "리성": "리눅스",
    "편집": "리눅스",
    "포그라운드": "리눅스",
    "표준 출력": "리눅스",
    "프로세스 상태 전이": "리눅스",
    "프로세스 스케줄러": "리눅스",
    "프로세스 스케줄링": "리눅스",
    "프록시": "리눅스",
    "프록시 설정": "리눅스",
    "프롬프트 기호": "리눅스",
    "플랫폼": "리눅스",
    "필터": "리눅스",
    "하드디스크 삭제": "리눅스",
    "하드웨어": "리눅스",
    "하드웨어 사양": "리눅스",
    "하드웨어 시계": "리눅스",
    "하드웨어 정보": "리눅스",
    "하위 디": "리눅스",
    "리 삭제": "리눅스",
    "한국 표준시": "리눅스",
    "한글 입": "리눅스",
    "력방식": "리눅스",
    "함수의 파라미터": "리눅스",
    "해상도": "리눅스",
    "허가 거부": "리눅스",
    "현재 시스템": "리눅스",
    "협정 세계 표준시": "리눅스",
    "호스트": "리눅스",
    "호환성": "리눅스",
    "홈 디": "리눅스",
    "화면 이동하": "리눅스",
    "확장명": "리눅스",
    "환경": "리눅스",
    "환경설정": "리눅스",
    "활동 요약": "리눅스",
    "게스트 운영체제": "리눅스",
    "Guest OS": "리눅스",
    "Path": "리눅스",
    "그놈 백업 프로그램": "리눅스",
    "그놈 압축 관리자": "리눅스",
    "그룹 변경": "리눅스",
    "네트워크 관리자": "리눅스",
    "Network Manager": "리눅스",
    "네트워크 어댑터": "리눅스",
    "Network Adapter": "리눅스",
    "네트워크 연결 설정": "리눅스",
    "Network Interface": "리눅스",
    "논리 연산자": "리눅스",
    "logical operators": "리눅스",
    "simple variable": "리눅스",
    "daemon": "리눅스",
    "도메인명": "리눅스",
    "Domain Name": "리눅스",
    "Dock": "리눅스",
    "독자형 데몬": "리눅스",
    "standalone daemon": "리눅스",
    "디렉터리 이동": "리눅스",
    "디스크 사용량 보기": "리눅스",
    "디스크 사용량 분석기": "리눅스",
    "Disk Usage Analyzer": "리눅스",
    "디스크 사용 정보": "리눅스",
    "디스크 이미지 버너": "리눅스",
    "isoburn": "리눅스",
    "runlevel": "리눅스",
    "루트 디렉터리": "리눅스",
    "리눅스 서버": "리눅스",
    "list variable": "리눅스",
    "마지막 줄 모드": "리눅스",
    "바이오스": "리눅스",
    "Basic Input/Output System": "리눅스",
    "array": "리눅스",
    "부트 로더": "리눅스",
    "ISOLINUX": "리눅스",
    "브리지 연결": "리눅스",
    "relational operator": "리눅스",
    "사전 정의 지역변수": "리눅스",
    "상태 영역": "리눅스",
    "System status area": "리눅스",
    "서비스 데몬 프로세스": "리눅스",
    "서비스 제어": "리눅스",
    "소유자 변경": "리눅스",
    "쉘 스크립트": "리눅스",
    "shell script": "리눅스",
    "쉘의 명령어 처리 원리": "리눅스",
    "쉘 재우기": "리눅스",
    "시스템 프로세스": "리눅스",
    "시작 파일": "리눅스",
    "startup file": "리눅스",
    "알림 영역": "리눅스",
    "Notification area": "리눅스",
    "압축 관리자": "리눅스",
    "Archive Manager": "리눅스",
    "연관 배열": "리눅스",
    "associative array": "리눅스",
    "예약 실행": "리눅스",
    "완전한 호스트명": "리눅스",
    "FQDN": "리눅스",
    "Fully Qualified Host Name": "리눅스",
    "우분투 앱 센터": "리눅스",
    "App Center": "리눅스",
    "원격 데스크톱 서버": "리눅스",
    "원격 데스크톱 연결": "리눅스",
    "원격 명령 실행": "리눅스",
    "원격 접속": "리눅스",
    "원격 파일 복사": "리눅스",
    "자동 빌드 도구": "리눅스",
    "전면 작업의 후면 전환": "리눅스",
    "조건문": "리눅스",
    "주기적 실행": "리눅스",
    "컴퓨터 네트워크": "리눅스",
    "태스크": "리눅스",
    "task": "리눅스",
    "터미널에서 실행": "리눅스",
    "파일명 대치": "리눅스",
    "filename substitution": "리눅스",
    "파일 비교": "리눅스",
    "File system": "리눅스",
    "파일 시스템 마운트": "리눅스",
    "포트": "리눅스",
    "port": "리눅스",
    "폴더": "리눅스",
    "folder": "리눅스",
    "프로세스 관리 도구": "리눅스",
    "프로세스 기다리기": "리눅스",
    "프로세스 끝내기": "리눅스",
    "프로세스 우선순위 조정": "리눅스",
    "프로세스의 실제 사용자 ID": "리눅스",
    "프로세스의 유효 사용자 ID": "리눅스",
    "프로세스 트리 출력": "리눅스",
    "프로토콜": "리눅스",
    "Protocol": "리눅스",
    "하이퍼바이저": "리눅스",
    "hypervisor": "리눅스",
    "한영 입력 아이콘": "리눅스",
    "Activities": "리눅스",
    "버튼": "리눅스",
    "host": "리눅스",
    "호스트 운영체제": "리눅스",
    "Host OS": "리눅스",
    "호스트 전용 네트워크": "리눅스",
    "Host-only Network": "리눅스",
    "홈페이지": "리눅스",
    "home page": "리눅스",
    "후면 작업의 전면 전환": "리눅스",
    "alias": "리눅스",
    "Advanced Package Tool": "리눅스",
    "apt install": "리눅스",
    "bash.bashrc": "리눅스",
    "bg": "리눅스",
    "Calc": "리눅스",
    "chsh": "리눅스",
    "cmp": "리눅스",
    "CREATE DATABASE": "리눅스",
    "CREATE TABLE": "리눅스",
    "CREATE USER": "리눅스",
    "declare": "리눅스",
    "Deja Dup": "리눅스",
    "DELETE": "리눅스",
    "diff": "리눅스",
    "DROP": "리눅스",
    "EXPLAIN": "리눅스",
    "Ext4": "리눅스",
    "fg": "리눅스",
    "file": "리눅스",
    "FLUSH PRIVILEGES": "리눅스",
    "foreach 문": "리눅스",
    "ftp": "리눅스",
    "GDM": "리눅스",
    "GNOME Display Manager": "리눅스",
    "gdm 프로세스": "리눅스",
    "GET 방식": "리눅스",
    "gftp": "리눅스",
    "gFTP": "리눅스",
    "GNOME 데스크톱 환경": "리눅스",
    "GRANT ALL PRIVILEGES": "리눅스",
    "GNU GRand Unified Bootloader": "리눅스",
    "gufw": "리눅스",
    "head": "리눅스",
    "HyperText Markup Language": "리눅스",
    "HTML 태그": "리눅스",
    "HTML 폼": "리눅스",
    "form": "리눅스",
    "Hyper Text Transfer Protocol": "리눅스",
    "HTTPS": "리눅스",
    "HTTP Secure": "리눅스",
    "Impress": "리눅스",
    "INSERT": "리눅스",
    "ip addr": "리눅스",
    "ip link": "리눅스",
    "ip route": "리눅스",
    "Internet Protocol version 4": "리눅스",
    "Internet Protocol version 6": "리눅스",
    "Internet Protocol Address": "리눅스",
    "KDE": "리눅스",
    "K Desktop Environment": "리눅스",
    "let": "리눅스",
    "LibreOffice": "리눅스",
    "MAC": "리눅스",
    "Media Access Control": "리눅스",
    "make": "리눅스",
    "makefile": "리눅스",
    "NAT": "리눅스",
    "Network Address Translation": "리눅스",
    "연결": "리눅스",
    "nice": "리눅스",
    "nmcli": "리눅스",
    "NetworkManager Command Line Interface": "리눅스",
    "PATH": "리눅스",
    "PHP 내장 변수": "리눅스",
    "POST 방식": "리눅스",
    "printf 문": "리눅스",
    "profile": "리눅스",
    "SCP": "리눅스",
    "Secure Copy Protocol": "리눅스",
    "SELECT": "리눅스",
    "set user ID upon execution": "리눅스",
    "sort": "리눅스",
    "Secure Shell": "리눅스",
    "superuser do": "리눅스",
    "systemd-analyze": "리눅스",
    "tape archive": "리눅스",
    "TERM": "리눅스",
    "top": "리눅스",
    "UFW": "리눅스",
    "Uncomplicated Firewall": "리눅스",
    "USE": "리눅스",
    "vim": "리눅스",
    "wc": "리눅스",
    "whatis": "리눅스",
    "Writer": "리눅스",
    "xclock": "리눅스",
    "X 서버": "리눅스",
    "X 윈도우": "리눅스",
    "X window": "리눅스",
    "X 클라이언트": "리눅스",
    "X 프로토콜": "리눅스",
    "X protocol": "리눅스",
    ".bash_profile": "리눅스",
    ".bashrc": "리눅스"
}