{
    "개인정보보호 가이드라인": "빅데이터",
    "개인정보보호법": "빅데이터",
    "결정계수": "빅데이터",
    "결측값": "빅데이터",
    "구간추정": "빅데이터",
    "군집분석": "빅데이터",
    "기술통계 분석": "빅데이터",
    "네트워크 다이어그램": "빅데이터",
    "단어 구름": "빅데이터",
    "단측검정": "빅데이터",
    "대푯값": "빅데이터",
    "데이터 3법": "빅데이터",
    "데이터 마이닝": "빅데이터",
    "데이터 마이닝 기반 분석 모형": "빅데이터",
    "덴드로그램": "빅데이터",
    "딥러닝": "빅데이터",
    "라이브러리": "빅데이터",
    "랜덤 포레스트": "빅데이터",
    "로지스틱 회귀": "빅데이터",
    "리스트": "빅데이터",
    "마이데이터": "빅데이터",
    "막대그래프": "빅데이터",
    "머신러닝": "빅데이터",
    "머신러닝 기반 분석 모형": "빅데이터",
    "머신러닝 알고리즘": "빅데이터",
    "모수": "빅데이터",
    "모수 검정": "빅데이터",
    "모집단": "빅데이터",
    "배열": "빅데이터",
    "범위": "빅데이터",
    "분산": "빅데이터",
    "블록": "빅데이터",
    "비모수 검정": "빅데이터",
    "빅데이터": "빅데이터",
    "빅데이터 분석": "빅데이터",
    "인공지능": "빅데이터",
    "사분위 범위": "빅데이터",
    "사분위수": "빅데이터",
    "사분위수 편차": "빅데이터",
    "산점도": "빅데이터",
    "산점도 행렬": "빅데이터",
    "산포도": "빅데이터",
    "상관계수": "빅데이터",
    "상관분석": "빅데이터",
    "상자 도형": "빅데이터",
    "선 그래프": "빅데이터",
    "순환": "빅데이터",
    "스크레이핑": "빅데이터",
    "스크리도표": "빅데이터",
    "시각화 기법": "빅데이터",
    "시계열 데이터": "빅데이터",
    "신뢰구간": "빅데이터",
    "신뢰수준": "빅데이터",
    "양측검정": "빅데이터",
    "연관성 분석": "빅데이터",
    "연산자": "빅데이터",
    "오픈 API": "빅데이터",
    "유의수준": "빅데이터",
    "의사결정나무": "빅데이터",
    "이스케이프 시퀀스": "빅데이터",
    "인자분석": "빅데이터",
    "점추정": "빅데이터",
    "제1종의 오류": "빅데이터",
    "제2종의 오류": "빅데이터",
    "제어문": "빅데이터",
    "주석": "빅데이터",
    "주성분분석": "빅데이터",
    "주피터 노트북": "빅데이터",
    "주피터 랩": "빅데이터",
    "중심극한정리": "빅데이터",
    "중앙값": "빅데이터",
    "직교변환": "빅데이터",
    "척도": "빅데이터",
    "최빈값": "빅데이터",
    "추론통계 분석": "빅데이터",
    "추정": "빅데이터",
    "크롤러": "빅데이터",
    "크롤링": "빅데이터",
    "탐색적 데이터 분석": "빅데이터",
    "텍스트 마이닝": "빅데이터",
    "텍스트 파일": "빅데이터",
    "통계적 가설검정": "빅데이터",
    "파이 차트": "빅데이터",
    "판별분석": "빅데이터",
    "평균": "빅데이터",
    "표준편차": "빅데이터",
    "함수": "빅데이터",
    "회귀분석": "빅데이터",
    "히스토그램": "빅데이터",
    "히트맵": "빅데이터",
    "add": "빅데이터",
    "API": "빅데이터",
    "array": "빅데이터",
    "catplot": "빅데이터",
    "concat": "빅데이터",
    "count": "빅데이터",
    "countplot": "빅데이터",
    "crosstab": "빅데이터",
    "CSV 파일": "빅데이터",
    "DataFrame": "빅데이터",
    "DataFrame.from_dict": "빅데이터",
    "describe": "빅데이터",
    "df.describe": "빅데이터",
    "df.head": "빅데이터",
    "divide": "빅데이터",
    "dot": "빅데이터",
    "dropna": "빅데이터",
    "escape sequence": "빅데이터",
    "fillna": "빅데이터",
    "for 문": "빅데이터",
    "get_dataset_names": "빅데이터",
    "groupby": "빅데이터",
    "hisplot": "빅데이터",
    "hist": "빅데이터",
    "IDLE": "빅데이터",
    "import": "빅데이터",
    "info": "빅데이터",
    "input": "빅데이터",
    "int": "빅데이터",
    "isna": "빅데이터",
    "isnull": "빅데이터",
    "json": "빅데이터",
    "JSON": "빅데이터",
    "K-means 알고리즘": "빅데이터",
    "K-means 클러스터링": "빅데이터",
    "K-최접근 이웃": "빅데이터",
    "load_dataset": "빅데이터",
    "map": "빅데이터",
    "median": "빅데이터",
    "melt": "빅데이터",
    "merge": "빅데이터",
    "min": "빅데이터",
    "multiply": "빅데이터",
    "NaN": "빅데이터",
    "ndarray": "빅데이터",
    "notnull": "빅데이터",
    "np.average": "빅데이터",
    "np.mean": "빅데이터",
    "np.median": "빅데이터",
    "np.unique": "빅데이터",
    "ols": "빅데이터",
    "pairplot": "빅데이터",
    "pearsonr": "빅데이터",
    "pie": "빅데이터",
    "pivot": "빅데이터",
    "pivot_table": "빅데이터",
    "plt.bar": "빅데이터",
    "plt.barh": "빅데이터",
    "plt.title": "빅데이터",
    "plt.xlabel": "빅데이터",
    "plt.ylabel": "빅데이터",
    "print": "빅데이터",
    "range": "빅데이터",
    "read_csv": "빅데이터",
    "read_excel": "빅데이터",
    "regplot": "빅데이터",
    "replace": "빅데이터",
    "return 문": "빅데이터",
    "r.json": "빅데이터",
    "RSS": "빅데이터",
    "scatter": "빅데이터",
    "sns.catplot": "빅데이터",
    "sns.countplot": "빅데이터",
    "sns.FacetGrid": "빅데이터",
    "stats.mode": "빅데이터",
    "subtract": "빅데이터",
    "value_count": "빅데이터",
    "while 문": "빅데이터",
    "5V의 특성": "빅데이터",
    "가지치기": "빅데이터",
    "감성 분석": "빅데이터",
    "감성 사전": "빅데이터",
    "계층적 군집 분석": "빅데이터",
    "고수준 그래프 함수": "빅데이터",
    "고유벡터 중심성": "빅데이터",
    "공간 시각화": "빅데이터",
    "공공데이터포털": "빅데이터",
    "적합": "빅데이터",
    "학적 시각화": "빅데이터",
    "관계 시각화": "빅데이터",
    "교차분석": "빅데이터",
    "구글맵": "빅데이터",
    "구문 분석": "빅데이터",
    "국가통계포털": "빅데이터",
    "군집 분석": "빅데이터",
    "그래프 이론": "빅데이터",
    "그룹 분석": "빅데이터",
    "그룹화 막대그래프": "빅데이터",
    "근접 중심성": "빅데이터",
    "기계학습": "빅데이터",
    "기술 분석": "빅데이터",
    "기술통계": "빅데이터",
    "논리연산": "빅데이터",
    "누적 막대그래프": "빅데이터",
    "누적 영역 그래프": "빅데이터",
    "다차원 척도법": "빅데이터",
    "단순 베이즈 분류": "빅데이터",
    "단어 빈도-역문서 빈도": "빅데이터",
    "단어-문서 행렬": "빅데이터",
    "대응 표본 평균 차이 분석": "빅데이터",
    "데이터마이닝": "빅데이터",
    "데이터프레임": "빅데이터",
    "독립 표본 평균 차이 분석": "빅데이터",
    "독립변수": "빅데이터",
    "동시 출현 네트워크": "빅데이터",
    "동시 출현 단어 분석": "빅데이터",
    "등간척도": "빅데이터",
    "맨해튼 거리 측정법": "빅데이터",
    "메타데이터": "빅데이터",
    "명목척도": "빅데이터",
    "문서-단어 행렬": "빅데이터",
    "민코우스키 거리 측정법": "빅데이터",
    "박스 플롯": "빅데이터",
    "반복문": "빅데이터",
    "반복측정 분산분석": "빅데이터",
    "반응 변수": "빅데이터",
    "반정형 데이터": "빅데이터",
    "버블 차트": "빅데이터",
    "범주형 자료": "빅데이터",
    "벡터": "빅데이터",
    "벡터 공간 모델": "빅데이터",
    "R 활용": "빅데이터",
    "변동계수": "빅데이터",
    "변수의 할당": "빅데이터",
    "분류 분석": "빅데이터",
    "분산분석": "빅데이터",
    "분포 시각화": "빅데이터",
    "비교 시각화": "빅데이터",
    "비교연산": "빅데이터",
    "비모수 방식": "빅데이터",
    "비율 차이 분석": "빅데이터",
    "비율척도": "빅데이터",
    "비정형 데이터": "빅데이터",
    "비지도 학습": "빅데이터",
    "빈도분석": "빅데이터",
    "빈도표": "빅데이터",
    "사분위편차": "빅데이터",
    "사용자 정의 함수": "빅데이터",
    "산술연산": "빅데이터",
    "상관관계 분석": "빅데이터",
    "서열척도": "빅데이터",
    "서포트 벡터 머신": "빅데이터",
    "선그래프": "빅데이터",
    "소셜네트워크 분석": "빅데이터",
    "스칼라": "빅데이터",
    "스피어만": "빅데이터",
    "spearman": "빅데이터",
    "시간 시각화": "빅데이터",
    "시계열 그래프": "빅데이터",
    "신경망 분석": "빅데이터",
    "신뢰도": "빅데이터",
    "연결 정도 중심성": "빅데이터",
    "연관 분석": "빅데이터",
    "연속형 자료": "빅데이터",
    "예측 변수": "빅데이터",
    "예측 분석": "빅데이터",
    "오픈소스": "빅데이터",
    "오피니언마이닝": "빅데이터",
    "드 연결법": "빅데이터",
    "왜도": "빅데이터",
    "요인": "빅데이터",
    "워드클라우드": "빅데이터",
    "원-모드 소셜네트워크": "빅데이터",
    "웹 스크래핑": "빅데이터",
    "유클리드 거리 측정법": "빅데이터",
    "유클리드 제곱 거리 측정법": "빅데이터",
    "의미 분석": "빅데이터",
    "의사결정나무 분석": "빅데이터",
    "이상치": "빅데이터",
    "outlier": "빅데이터",
    "인터랙티브 그래프": "빅데이터",
    "인포그래픽": "빅데이터",
    "일원 배치 분산분석": "빅데이터",
    "입력층": "빅데이터",
    "자연어 처리": "빅데이터",
    "자유도": "빅데이터",
    "잠재 디리클레 할당": "빅데이터",
    "장바구니 분석": "빅데이터",
    "저수준 그래프 함수": "빅데이터",
    "정규분포": "빅데이터",
    "정보 시각화": "빅데이터",
    "정형 데이터": "빅데이터",
    "조건문": "빅데이터",
    "종속변수": "빅데이터",
    "주제어 분석": "빅데이터",
    "줄기 잎 도표": "빅데이터",
    "중개 중심성": "빅데이터",
    "중심 연결법": "빅데이터",
    "중심성 분석": "빅데이터",
    "중앙값 연결법": "빅데이터",
    "지도 맵핑": "빅데이터",
    "지도 학습": "빅데이터",
    "지지도": "빅데이터",
    "차원의 저주": "빅데이터",
    "체르노프 페이스": "빅데이터",
    "체비셰프 거리 측정법": "빅데이터",
    "최단 연결법": "빅데이터",
    "최빈수 값": "빅데이터",
    "최장 연결법": "빅데이터",
    "추론통계": "빅데이터",
    "출력층": "빅데이터",
    "카이스퀘어 분포": "빅데이터",
    "캐글": "빅데이터",
    "캔버라 거리 측정법": "빅데이터",
    "커널 함수": "빅데이터",
    "켄들": "빅데이터",
    "kendall": "빅데이터",
    "코퍼스": "빅데이터",
    "탐색적 자료 분석 도구": "빅데이터",
    "텍스트마이닝": "빅데이터",
    "토픽 모델링": "빅데이터",
    "투-모드 소셜 네트워크": "빅데이터",
    "트리 맵": "빅데이터",
    "티블": "빅데이터",
    "파이썬": "빅데이터",
    "편도": "빅데이터",
    "평균 연결법": "빅데이터",
    "평균 차이 분석": "빅데이터",
    "평균값": "빅데이터",
    "표준화 계수": "빅데이터",
    "피어슨": "빅데이터",
    "pearson": "빅데이터",
    "하둡": "빅데이터",
    "학습 데이터": "빅데이터",
    "행렬": "빅데이터",
    "향상도": "빅데이터",
    "형태소 분석": "빅데이터",
    "화용 분석": "빅데이터",
    "확률분포": "빅데이터",
    "활성화 함수": "빅데이터",
    "훈련 데이터": "빅데이터",
    "히든층": "빅데이터",
    "히트 맵": "빅데이터",
    "ANOVA": "빅데이터",
    "CRAN": "빅데이터",
    "the Comprehensive R Archive Network": "빅데이터",
    "Document-Term Matrix": "빅데이터",
    "dplyr 패키지": "빅데이터",
    "Exploratory Data Analysis": "빅데이터",
    "F-분포": "빅데이터",
    "Gephi": "빅데이터",
    "ggplot2 패키지": "빅데이터",
    "GNU GPL": "빅데이터",
    "General Public License": "빅데이터",
    "if 문": "빅데이터",
    "ifelse 문": "빅데이터",
    "igraph 패키지": "빅데이터",
    "installed.packages": "빅데이터",
    "k-NN": "빅데이터",
    "KoNLP": "빅데이터",
    "K-최근접 이웃 분석": "빅데이터",
    "K-평균 군집 분석": "빅데이터",
    "Latent Dirichlet Allocation": "빅데이터",
    "library": "빅데이터",
    "Market basket analysis": "빅데이터",
    "NoSQL": "빅데이터",
    "par": "빅데이터",
    "plot": "빅데이터",
    "plotly 패키지": "빅데이터",
    "Q-Q 도표": "빅데이터",
    "R Console": "빅데이터",
    "R 패키지": "빅데이터",
    "repeat 문": "빅데이터",
    "REST": "빅데이터",
    "Representational State Transfer": "빅데이터",
    "Rtools": "빅데이터",
    "sentiment analysis": "빅데이터",
    "SHP 파일": "빅데이터",
    "SOAP": "빅데이터",
    "Simple Object Access Protocol": "빅데이터",
    "Term Frequency-Inverse Document": "빅데이터",
    "Frequency": "빅데이터",
    "Term-Document Matrix": "빅데이터",
    "t-test": "빅데이터",
    "t-검정": "빅데이터",
    "t-분포": "빅데이터",
    "x2-분포": "빅데이터"
}