{
    "가상 사설 네트워크": "소프트웨어_공학",
    "가정 분석": "소프트웨어_공학",
    "간트 차트": "소프트웨어_공학",
    "Gantt chart": "소프트웨어_공학",
    "개념 수준": "소프트웨어_공학",
    "개념적": "소프트웨어_공학",
    "conceptual": "소프트웨어_공학",
    "모델": "소프트웨어_공학",
    "경계 클래스": "소프트웨어_공학",
    "경영 목표": "소프트웨어_공학",
    "관찰": "소프트웨어_공학",
    "교정형 유지보수": "소프트웨어_공학",
    "구조적 관점": "소프트웨어_공학",
    "structural view": "소프트웨어_공학",
    "구조적 모델": "소프트웨어_공학",
    "구조적 방법론": "소프트웨어_공학",
    "구현 수준": "소프트웨어_공학",
    "권한": "소프트웨어_공학",
    "그래픽 사용자 인터페이스": "소프트웨어_공학",
    "기능 점수 방법": "소프트웨어_공학",
    "기본키": "소프트웨어_공학",
    "기술적 타당성": "소프트웨어_공학",
    "네트워크 보안": "소프트웨어_공학",
    "다중도": "소프트웨어_공학",
    "대역폭": "소프트웨어_공학",
    "데이터 마이닝": "소프트웨어_공학",
    "데이터베이스 관리자": "소프트웨어_공학",
    "DBA": "소프트웨어_공학",
    "데이터 변환": "소프트웨어_공학",
    "데이터 조작 언어": "소프트웨어_공학",
    "Data Manipulation Language": "소프트웨어_공학",
    "동적 모델": "소프트웨어_공학",
    "디자인 패턴": "소프트웨어_공학",
    "라이프라인": "소프트웨어_공학",
    "랜덤 구조": "소프트웨어_공학",
    "레코드": "소프트웨어_공학",
    "리스트 박스": "소프트웨어_공학",
    "마스터 파일": "소프트웨어_공학",
    "마일스톤": "소프트웨어_공학",
    "milestone": "소프트웨어_공학",
    "메시지": "소프트웨어_공학",
    "메타포": "소프트웨어_공학",
    "명령어 인터페이스": "소프트웨어_공학",
    "명명 속성": "소프트웨어_공학",
    "명세": "소프트웨어_공학",
    "명세 수준": "소프트웨어_공학",
    "명세적": "소프트웨어_공학",
    "specification": "소프트웨어_공학",
    "명세 클래스": "소프트웨어_공학",
    "모델 검증": "소프트웨어_공학",
    "모델 검토": "소프트웨어_공학",
    "모델링 도구": "소프트웨어_공학",
    "문자 코드": "소프트웨어_공학",
    "미션 선언문": "소프트웨어_공학",
    "mission statement": "소프트웨어_공학",
    "반응 시간": "소프트웨어_공학",
    "response time": "소프트웨어_공학",
    "방법론": "소프트웨어_공학",
    "methodology": "소프트웨어_공학",
    "방화벽": "소프트웨어_공학",
    "firewall": "소프트웨어_공학",
    "배치 다이어그램": "소프트웨어_공학",
    "백업": "소프트웨어_공학",
    "백업 파일": "소프트웨어_공학",
    "벤치마킹": "소프트웨어_공학",
    "병렬 개발 폭포수 모델": "소프트웨어_공학",
    "병행 운영": "소프트웨어_공학",
    "보조키": "소프트웨어_공학",
    "복합 상태": "소프트웨어_공학",
    "복합 속성값": "소프트웨어_공학",
    "브리지 패턴": "소프트웨어_공학",
    "블록 순차 코드": "소프트웨어_공학",
    "비즈니스 룰": "소프트웨어_공학",
    "rule": "소프트웨어_공학",
    "비즈니스 목표 설정": "소프트웨어_공학",
    "비즈니스 프로세스 개선": "소프트웨어_공학",
    "Business Process": "소프트웨어_공학",
    "Improvement": "소프트웨어_공학",
    "비즈니스 프로세스 리엔지니어링": "소프트웨어_공학",
    "Business": "소프트웨어_공학",
    "Process Reengineering": "소프트웨어_공학",
    "비즈니스 프로세스 자동화": "소프트웨어_공학",
    "Automation": "소프트웨어_공학",
    "사용자": "소프트웨어_공학",
    "사용자 인터페이스": "소프트웨어_공학",
    "UI": "소프트웨어_공학",
    "상태": "소프트웨어_공학",
    "상태 다이어그램": "소프트웨어_공학",
    "서브 상태의 구현": "소프트웨어_공학",
    "서브시스템": "소프트웨어_공학",
    "서비스": "소프트웨어_공학",
    "서술적 속성": "소프트웨어_공학",
    "설계 목표": "소프트웨어_공학",
    "분석": "소프트웨어_공학",
    "outcome analysis": "소프트웨어_공학",
    "성능 계획": "소프트웨어_공학",
    "소프트웨어 아키텍처": "소프트웨어_공학",
    "속성": "소프트웨어_공학",
    "속성 찾기": "소프트웨어_공학",
    "속성 타입": "소프트웨어_공학",
    "손익분기점": "소프트웨어_공학",
    "순차 구조": "소프트웨어_공학",
    "순차 접근": "소프트웨어_공학",
    "순차 코드": "소프트웨어_공학",
    "스윔레인": "소프트웨어_공학",
    "swimlane": "소프트웨어_공학",
    "스크럼": "소프트웨어_공학",
    "스키마": "소프트웨어_공학",
    "스타일": "소프트웨어_공학",
    "스텁": "소프트웨어_공학",
    "stub": "소프트웨어_공학",
    "스프린트": "소프트웨어_공학",
    "시나리오": "소프트웨어_공학",
    "시스템 개발 생명주기": "소프트웨어_공학",
    "시스템 개발 요청": "소프트웨어_공학",
    "시스템 경계": "소프트웨어_공학",
    "시스템 보안": "소프트웨어_공학",
    "시스템 전환": "소프트웨어_공학",
    "changeover": "소프트웨어_공학",
    "시스템 지원": "소프트웨어_공학",
    "시퀀스 다이어그램": "소프트웨어_공학",
    "아키텍처 유형": "소프트웨어_공학",
    "암호 코드": "소프트웨어_공학",
    "애자일 모델": "소프트웨어_공학",
    "액션": "소프트웨어_공학",
    "action": "소프트웨어_공학",
    "액션 코드": "소프트웨어_공학",
    "액터": "소프트웨어_공학",
    "actor": "소프트웨어_공학",
    "액티비티": "소프트웨어_공학",
    "activity": "소프트웨어_공학",
    "약자 코드": "소프트웨어_공학",
    "엔티티": "소프트웨어_공학",
    "엔티티 클래스": "소프트웨어_공학",
    "역할": "소프트웨어_공학",
    "연관": "소프트웨어_공학",
    "association": "소프트웨어_공학",
    "연관 찾기": "소프트웨어_공학",
    "연관 클래스": "소프트웨어_공학",
    "연속 구조": "소프트웨어_공학",
    "예방형 유지보수": "소프트웨어_공학",
    "오퍼레이션": "소프트웨어_공학",
    "완전형 유지보수": "소프트웨어_공학",
    "외부키": "소프트웨어_공학",
    "요구": "소프트웨어_공학",
    "요구 정의": "소프트웨어_공학",
    "요구 추출": "소프트웨어_공학",
    "워크스루": "소프트웨어_공학",
    "웹 인터페이스": "소프트웨어_공학",
    "위임": "소프트웨어_공학",
    "delegation": "소프트웨어_공학",
    "유도 코드": "소프트웨어_공학",
    "유스케이스": "소프트웨어_공학",
    "유스케이스 다이어그램": "소프트웨어_공학",
    "유스케이스 점수 방법": "소프트웨어_공학",
    "유효 숫자 코드": "소프트웨어_공학",
    "의사결정 지원 시스템": "소프트웨어_공학",
    "인덱스 순차 접근": "소프트웨어_공학",
    "인덱스 파일": "소프트웨어_공학",
    "인스펙션": "소프트웨어_공학",
    "인터랙션": "소프트웨어_공학",
    "인터페이스": "소프트웨어_공학",
    "일반화": "소프트웨어_공학",
    "임계 경로": "소프트웨어_공학",
    "임시 파일": "소프트웨어_공학",
    "작업": "소프트웨어_공학",
    "task": "소프트웨어_공학",
    "작업 분할 구조": "소프트웨어_공학",
    "재귀 연관": "소프트웨어_공학",
    "저장소": "소프트웨어_공학",
    "repository": "소프트웨어_공학",
    "유형": "소프트웨어_공학",
    "저장소 아키텍처": "소프트웨어_공학",
    "적응형 유지보수": "소프트웨어_공학",
    "전략적 계획": "소프트웨어_공학",
    "strategic plan": "소프트웨어_공학",
    "전략적 정렬": "소프트웨어_공학",
    "strategic alignment": "소프트웨어_공학",
    "전략 패턴": "소프트웨어_공학",
    "전파": "소프트웨어_공학",
    "propagation": "소프트웨어_공학",
    "현상": "소프트웨어_공학",
    "점증적 백업": "소프트웨어_공학",
    "incremental backup": "소프트웨어_공학",
    "정규화": "소프트웨어_공학",
    "normalization": "소프트웨어_공학",
    "정보공학 방법론": "소프트웨어_공학",
    "정보 시스템": "소프트웨어_공학",
    "정보 시스템의 특징": "소프트웨어_공학",
    "정적인 모델": "소프트웨어_공학",
    "제어 클래스": "소프트웨어_공학",
    "직접 접근": "소프트웨어_공학",
    "진화적 모델": "소프트웨어_공학",
    "질의어": "소프트웨어_공학",
    "query language": "소프트웨어_공학",
    "집합 관계": "소프트웨어_공학",
    "집합 연관": "소프트웨어_공학",
    "짜보고 고치기": "소프트웨어_공학",
    "code-and-fix": "소프트웨어_공학",
    "참조 속성": "소프트웨어_공학",
    "처리량": "소프트웨어_공학",
    "추상 클래스": "소프트웨어_공학",
    "추상 팩토리 패턴": "소프트웨어_공학",
    "출력 설계": "소프트웨어_공학",
    "카테고리 코드": "소프트웨어_공학",
    "커뮤니케이션": "소프트웨어_공학",
    "컴포넌트 다이어그램": "소프트웨어_공학",
    "컴포지트 패턴": "소프트웨어_공학",
    "코드 표준": "소프트웨어_공학",
    "coding standard": "소프트웨어_공학",
    "콤보 박스": "소프트웨어_공학",
    "클라이언트 서버 유형": "소프트웨어_공학",
    "클래스": "소프트웨어_공학",
    "class": "소프트웨어_공학",
    "클래스 다이어그램": "소프트웨어_공학",
    "타당성 분석": "소프트웨어_공학",
    "테이블": "소프트웨어_공학",
    "텍스트 사용자 인터페이스": "소프트웨어_공학",
    "트랜젝션 파일": "소프트웨어_공학",
    "트랜지션": "소프트웨어_공학",
    "파라미타 파일": "소프트웨어_공학",
    "파라미터 클래스": "소프트웨어_공학",
    "파이프 필터": "소프트웨어_공학",
    "파일럿 운영": "소프트웨어_공학",
    "파일 시스템": "소프트웨어_공학",
    "파일 처리": "소프트웨어_공학",
    "패스워드 보호": "소프트웨어_공학",
    "패키지": "소프트웨어_공학",
    "패키지 다이어그램": "소프트웨어_공학",
    "포함 관계": "소프트웨어_공학",
    "폭포수": "소프트웨어_공학",
    "waterfall": "소프트웨어_공학",
    "프레임": "소프트웨어_공학",
    "프로젝트 관리 도구": "소프트웨어_공학",
    "프로젝트 네트워크": "소프트웨어_공학",
    "프로토타이핑 모델": "소프트웨어_공학",
    "필드": "소프트웨어_공학",
    "합성 관계": "소프트웨어_공학",
    "헝가리언 표기법": "소프트웨어_공학",
    "헬프 데스크": "소프트웨어_공학",
    "형상 관리": "소프트웨어_공학",
    "configuration management": "소프트웨어_공학",
    "확장 관계": "소프트웨어_공학",
    "회귀 연관": "소프트웨어_공학",
    "후보키": "소프트웨어_공학",
    "CP/M 네트워크": "소프트웨어_공학",
    "CRC 카드": "소프트웨어_공학",
    "DBMS": "소프트웨어_공학",
    "MVC": "소프트웨어_공학",
    "Peer-to-Peer": "소프트웨어_공학",
    "ROI": "소프트웨어_공학",
    "UI 컨트롤": "소프트웨어_공학",
    "WBS": "소프트웨어_공학",
    "1차 정규형": "소프트웨어_공학",
    "2차 정규형": "소프트웨어_공학",
    "가시성": "소프트웨어_공학",
    "visibility": "소프트웨어_공학",
    "강인성": "소프트웨어_공학",
    "robustness": "소프트웨어_공학",
    "개방 폐쇄의 원리": "소프트웨어_공학",
    "객체": "소프트웨어_공학",
    "객체 영속": "소프트웨어_공학",
    "object-persistence": "소프트웨어_공학",
    "시스템": "소프트웨어_공학",
    "객체지향 품질 메트릭": "소프트웨어_공학",
    "검증": "소프트웨어_공학",
    "verification": "소프트웨어_공학",
    "검증 기준": "소프트웨어_공학",
    "검토": "소프트웨어_공학",
    "결정 테이블": "소프트웨어_공학",
    "decision table": "소프트웨어_공학",
    "결함": "소프트웨어_공학",
    "defect": "소프트웨어_공학",
    "결함 제거 용이성": "소프트웨어_공학",
    "결합": "소프트웨어_공학",
    "coupling": "소프트웨어_공학",
    "결합도": "소프트웨어_공학",
    "경곗값 분석": "소프트웨어_공학",
    "경로 커버리지": "소프트웨어_공학",
    "계량적 관리": "소프트웨어_공학",
    "Quantified Managed": "소프트웨어_공학",
    "단계": "소프트웨어_공학",
    "계층적 분할": "소프트웨어_공학",
    "hierarchical decompositions": "소프트웨어_공학",
    "계층형": "소프트웨어_공학",
    "고객 공급자 프로세스": "소프트웨어_공학",
    "고장": "소프트웨어_공학",
    "failure": "소프트웨어_공학",
    "공통 결합": "소프트웨어_공학",
    "common coupling": "소프트웨어_공학",
    "관리": "소프트웨어_공학",
    "Managed": "소프트웨어_공학",
    "관리 프로세스": "소프트웨어_공학",
    "관점": "소프트웨어_공학",
    "교환적": "소프트웨어_공학",
    "communicational": "소프트웨어_공학",
    "응집": "소프트웨어_공학",
    "구조적 테스트": "소프트웨어_공학",
    "기능 요구": "소프트웨어_공학",
    "Functional requirements": "소프트웨어_공학",
    "기능적": "소프트웨어_공학",
    "functional": "소프트웨어_공학",
    "기능 점수": "소프트웨어_공학",
    "function point": "소프트웨어_공학",
    "기능 테스트": "소프트웨어_공학",
    "기본 구조 설계": "소프트웨어_공학",
    "기억용이성": "소프트웨어_공학",
    "Memorability": "소프트웨어_공학",
    "나선형 모델": "소프트웨어_공학",
    "내부 논리 파일": "소프트웨어_공학",
    "Internal Logical File": "소프트웨어_공학",
    "내용 결합": "소프트웨어_공학",
    "content coupling": "소프트웨어_공학",
    "논리적": "소프트웨어_공학",
    "logical": "소프트웨어_공학",
    "논리 흐름도": "소프트웨어_공학",
    "logic-flow diagram": "소프트웨어_공학",
    "다이얼로그 박스": "소프트웨어_공학",
    "다중성": "소프트웨어_공학",
    "Multiplicity": "소프트웨어_공학",
    "다형성": "소프트웨어_공학",
    "polymorphism": "소프트웨어_공학",
    "단계적 프로세스": "소프트웨어_공학",
    "단순성": "소프트웨어_공학",
    "simplicity": "소프트웨어_공학",
    "단위 테스트": "소프트웨어_공학",
    "단일 책임의 원리": "소프트웨어_공학",
    "대안 흐름": "소프트웨어_공학",
    "대화형": "소프트웨어_공학",
    "interactive": "소프트웨어_공학",
    "덩어리화": "소프트웨어_공학",
    "chunking": "소프트웨어_공학",
    "데드락": "소프트웨어_공학",
    "deadlock": "소프트웨어_공학",
    "데이터 결합": "소프트웨어_공학",
    "data coupling": "소프트웨어_공학",
    "데이터 중심 아키텍처": "소프트웨어_공학",
    "데코레이터 패턴": "소프트웨어_공학",
    "도메인 분석": "소프트웨어_공학",
    "도메인 전문가": "소프트웨어_공학",
    "동기화 오류": "소프트웨어_공학",
    "동등 분할 기법": "소프트웨어_공학",
    "동등 클래스": "소프트웨어_공학",
    "equivalence class": "소프트웨어_공학",
    "동적 모델링": "소프트웨어_공학",
    "드롭다운 리스트 박스": "소프트웨어_공학",
    "라디오 버튼": "소프트웨어_공학",
    "랜덤 테스트": "소프트웨어_공학",
    "레거시": "소프트웨어_공학",
    "legacy": "소프트웨어_공학",
    "레이스 컨디션": "소프트웨어_공학",
    "루프 테스트": "소프트웨어_공학",
    "리그레션 테스트": "소프트웨어_공학",
    "리뷰": "소프트웨어_공학",
    "리스코프 교체의 원리": "소프트웨어_공학",
    "리스크 관리": "소프트웨어_공학",
    "리스크 매트릭스": "소프트웨어_공학",
    "리스크 평가": "소프트웨어_공학",
    "리엔지니어링": "소프트웨어_공학",
    "reengineering": "소프트웨어_공학",
    "리파지토리": "소프트웨어_공학",
    "리팩토링": "소프트웨어_공학",
    "마법사": "소프트웨어_공학",
    "wizard": "소프트웨어_공학",
    "매트릭스 조직": "소프트웨어_공학",
    "메뉴": "소프트웨어_공학",
    "메모리 누수": "소프트웨어_공학",
    "leak": "소프트웨어_공학",
    "메서드": "소프트웨어_공학",
    "메서드 이동": "소프트웨어_공학",
    "메서드 추출": "소프트웨어_공학",
    "메트릭": "소프트웨어_공학",
    "멘탈 모델": "소프트웨어_공학",
    "명령 버튼": "소프트웨어_공학",
    "모델링": "소프트웨어_공학",
    "모듈": "소프트웨어_공학",
    "모듈성": "소프트웨어_공학",
    "modularity": "소프트웨어_공학",
    "모듈화": "소프트웨어_공학",
    "모의": "소프트웨어_공학",
    "mock-up": "소프트웨어_공학",
    "문장 커버리지": "소프트웨어_공학",
    "반복자": "소프트웨어_공학",
    "iterator": "소프트웨어_공학",
    "패턴": "소프트웨어_공학",
    "반복적": "소프트웨어_공학",
    "iterative": "소프트웨어_공학",
    "반복적 개선 모델": "소프트웨어_공학",
    "methodo-logy": "소프트웨어_공학",
    "백로그": "소프트웨어_공학",
    "버전 관리 시스템": "소프트웨어_공학",
    "Version Control System": "소프트웨어_공학",
    "버퍼 오버플로": "소프트웨어_공학",
    "번다운 차트": "소프트웨어_공학",
    "베이스라인": "소프트웨어_공학",
    "베타 테스트": "소프트웨어_공학",
    "변경 용이성": "소프트웨어_공학",
    "변환": "소프트웨어_공학",
    "transformational": "소프트웨어_공학",
    "별칭": "소프트웨어_공학",
    "alias": "소프트웨어_공학",
    "보안성": "소프트웨어_공학",
    "보안 테스트": "소프트웨어_공학",
    "복잡도": "소프트웨어_공학",
    "복잡도 증가의 법칙": "소프트웨어_공학",
    "분기 커버리지": "소프트웨어_공학",
    "분류": "소프트웨어_공학",
    "classification": "소프트웨어_공학",
    "분할 정복의 원리": "소프트웨어_공학",
    "불변조건": "소프트웨어_공학",
    "invariant": "소프트웨어_공학",
    "뷰포인트": "소프트웨어_공학",
    "브레인스토밍": "소프트웨어_공학",
    "블랙박스 테스트": "소프트웨어_공학",
    "블랙보드": "소프트웨어_공학",
    "블록 문장": "소프트웨어_공학",
    "비가시성": "소프트웨어_공학",
    "invisibility": "소프트웨어_공학",
    "비기능 요구": "소프트웨어_공학",
    "Non-functional requirements": "소프트웨어_공학",
    "비만 인터페이스": "소프트웨어_공학",
    "fat interface": "소프트웨어_공학",
    "비용 승수": "소프트웨어_공학",
    "cost-driver": "소프트웨어_공학",
    "비정형 인터뷰": "소프트웨어_공학",
    "빅뱅 통합": "소프트웨어_공학",
    "사용성": "소프트웨어_공학",
    "사용성 테스트": "소프트웨어_공학",
    "사용용이성": "소프트웨어_공학",
    "사용자 스토리": "소프트웨어_공학",
    "사후 분석": "소프트웨어_공학",
    "postmortem analysis": "소프트웨어_공학",
    "상세 설계": "소프트웨어_공학",
    "상속": "소프트웨어_공학",
    "inheritance": "소프트웨어_공학",
    "상태기반 테스트": "소프트웨어_공학",
    "상태 패턴": "소프트웨어_공학",
    "상향식 통합": "소프트웨어_공학",
    "bottom-up": "소프트웨어_공학",
    "상호운용성": "소프트웨어_공학",
    "interoperability": "소프트웨어_공학",
    "서브 클래스": "소프트웨어_공학",
    "subclass": "소프트웨어_공학",
    "설계 관점": "소프트웨어_공학",
    "설계 메트릭": "소프트웨어_공학",
    "설계 복구": "소프트웨어_공학",
    "design recovery": "소프트웨어_공학",
    "설문": "소프트웨어_공학",
    "설치 테스트": "소프트웨어_공학",
    "성능": "소프트웨어_공학",
    "성능 테스트": "소프트웨어_공학",
    "소프트웨어": "소프트웨어_공학",
    "소프트웨어 공학": "소프트웨어_공학",
    "소프트웨어 공학 지식 체계": "소프트웨어_공학",
    "SWEBOK": "소프트웨어_공학",
    "소프트웨어 생명주기": "소프트웨어_공학",
    "소프트웨어 위기": "소프트웨어_공학",
    "software crisis": "소프트웨어_공학",
    "소프트웨어 품질 보증": "소프트웨어_공학",
    "software quality assurance": "소프트웨어_공학",
    "소프트웨어 형상 항목": "소프트웨어_공학",
    "Software Configuration Item": "소프트웨어_공학",
    "attribute": "소프트웨어_공학",
    "수정형 유지보수": "소프트웨어_공학",
    "corrective maintenance": "소프트웨어_공학",
    "순수 현재 가치": "소프트웨어_공학",
    "슈퍼 클래스": "소프트웨어_공학",
    "superclass": "소프트웨어_공학",
    "스케줄링": "소프트웨어_공학",
    "스크럼 마스터": "소프트웨어_공학",
    "스탬프 결합": "소프트웨어_공학",
    "stamp coupling": "소프트웨어_공학",
    "스트레스 테스트": "소프트웨어_공학",
    "시간적": "소프트웨어_공학",
    "temporal": "소프트웨어_공학",
    "시나리오 기반": "소프트웨어_공학",
    "시스템 테스트": "소프트웨어_공학",
    "신뢰성": "소프트웨어_공학",
    "reliability": "소프트웨어_공학",
    "싱글톤 패턴": "소프트웨어_공학",
    "싸이클로매틱 복잡도": "소프트웨어_공학",
    "아이콘": "소프트웨어_공학",
    "아키텍처": "소프트웨어_공학",
    "아키텍처 스타일": "소프트웨어_공학",
    "아키텍처의 역할": "소프트웨어_공학",
    "아키텍처 평가": "소프트웨어_공학",
    "안정성 유지의 법칙": "소프트웨어_공학",
    "알파 테스트": "소프트웨어_공학",
    "애자일 조직": "소프트웨어_공학",
    "애자일 프로세스": "소프트웨어_공학",
    "액티비티 다이어그램": "소프트웨어_공학",
    "어닝 밸류 분석": "소프트웨어_공학",
    "Earning Value Analysis": "소프트웨어_공학",
    "어댑터 패턴": "소프트웨어_공학",
    "엔지니어링 프로세스": "소프트웨어_공학",
    "엔트로피": "소프트웨어_공학",
    "연관 관계": "소프트웨어_공학",
    "연산": "소프트웨어_공학",
    "operation": "소프트웨어_공학",
    "연쇄식 통합": "소프트웨어_공학",
    "preventive maintenance": "소프트웨어_공학",
    "예측가능성": "소프트웨어_공학",
    "predictability": "소프트웨어_공학",
    "오류": "소프트웨어_공학",
    "error": "소프트웨어_공학",
    "오류처리": "소프트웨어_공학",
    "오염된 인터페이스": "소프트웨어_공학",
    "polluted interface": "소프트웨어_공학",
    "옵서버 패턴": "소프트웨어_공학",
    "perfective maintenance": "소프트웨어_공학",
    "외부 인터페이스 파일": "소프트웨어_공학",
    "External Interface File": "소프트웨어_공학",
    "외부 입력": "소프트웨어_공학",
    "External Input": "소프트웨어_공학",
    "외부 조회": "소프트웨어_공학",
    "External Query": "소프트웨어_공학",
    "외부 출력": "소프트웨어_공학",
    "External Output": "소프트웨어_공학",
    "requirements": "소프트웨어_공학",
    "요구 검증": "소프트웨어_공학",
    "요구 관리": "소프트웨어_공학",
    "requirement management": "소프트웨어_공학",
    "요구 메트릭": "소프트웨어_공학",
    "요구 모델링": "소프트웨어_공학",
    "요구분석 명세서": "소프트웨어_공학",
    "SRS": "소프트웨어_공학",
    "Software Requirement": "소프트웨어_공학",
    "Specification": "소프트웨어_공학",
    "요구 정보 출처": "소프트웨어_공학",
    "requirement elicitation": "소프트웨어_공학",
    "요구 품질": "소프트웨어_공학",
    "우연적": "소프트웨어_공학",
    "coincidental": "소프트웨어_공학",
    "원인 결": "소프트웨어_공학",
    "그래프": "소프트웨어_공학",
    "윈도우": "소프트웨어_공학",
    "use case": "소프트웨어_공학",
    "use case diagram": "소프트웨어_공학",
    "유스케이스 명세": "소프트웨어_공학",
    "유지보수": "소프트웨어_공학",
    "유지보수성": "소프트웨어_공학",
    "maintainability": "소프트웨어_공학",
    "유지보수 프로세스": "소프트웨어_공학",
    "cohesion": "소프트웨어_공학",
    "응집도": "소프트웨어_공학",
    "의존": "소프트웨어_공학",
    "dependency": "소프트웨어_공학",
    "의존 관계 역전의 원리": "소프트웨어_공학",
    "이동경로": "소프트웨어_공학",
    "breadcrumbs": "소프트웨어_공학",
    "이벤트 기반 아키텍처": "소프트웨어_공학",
    "이벤트 중심": "소프트웨어_공학",
    "event-driven": "소프트웨어_공학",
    "이벤트 흐름": "소프트웨어_공학",
    "이식성": "소프트웨어_공학",
    "portability": "소프트웨어_공학",
    "이해 당사자 - 이해 당사자": "소프트웨어_공학",
    "stakeholder": "소프트웨어_공학",
    "익스트림 프로그래밍": "소프트웨어_공학",
    "인수 테스트": "소프트웨어_공학",
    "acceptance test": "소프트웨어_공학",
    "인스턴스 속성": "소프트웨어_공학",
    "인터페이스 분리의 원리": "소프트웨어_공학",
    "인터페이스 추출": "소프트웨어_공학",
    "일관성 체크": "소프트웨어_공학",
    "임베디드 소프트웨어": "소프트웨어_공학",
    "입력 오류": "소프트웨어_공학",
    "입력 퍼징": "소프트웨어_공학",
    "input fuzzing": "소프트웨어_공학",
    "자기 통제의 법칙": "소프트웨어_공학",
    "자료 변칙": "소프트웨어_공학",
    "data anomaly": "소프트웨어_공학",
    "자원 관리": "소프트웨어_공학",
    "작업 결": "소프트웨어_공학",
    "작업 사본": "소프트웨어_공학",
    "working copy": "소프트웨어_공학",
    "재문서화": "소프트웨어_공학",
    "redocumentation": "소프트웨어_공학",
    "재사용성": "소프트웨어_공학",
    "reusability": "소프트웨어_공학",
    "재사용 중심 모델": "소프트웨어_공학",
    "adaptive maintenance": "소프트웨어_공학",
    "절차적": "소프트웨어_공학",
    "procedural": "소프트웨어_공학",
    "정보 은닉": "소프트웨어_공학",
    "information hiding": "소프트웨어_공학",
    "정보적": "소프트웨어_공학",
    "informational": "소프트웨어_공학",
    "Defined": "소프트웨어_공학",
    "정적 모델링": "소프트웨어_공학",
    "정적 분석": "소프트웨어_공학",
    "static analysis": "소프트웨어_공학",
    "정적 속성": "소프트웨어_공학",
    "정형적 인터뷰": "소프트웨어_공학",
    "제약 사항": "소프트웨어_공학",
    "제어 결합": "소프트웨어_공학",
    "control coupling": "소프트웨어_공학",
    "제어 모델링": "소프트웨어_공학",
    "조직 프로세스": "소프트웨어_공학",
    "주문형 소프트웨어": "소프트웨어_공학",
    "주석": "소프트웨어_공학",
    "즉시 수정 모델": "소프트웨어_공학",
    "지속적 성장의 법칙": "소프트웨어_공학",
    "지속적인 변경의 원칙": "소프트웨어_공학",
    "지원 프로세스": "소프트웨어_공학",
    "직능별 조직": "소프트웨어_공학",
    "진화적": "소프트웨어_공학",
    "evolutionary": "소프트웨어_공학",
    "짝 프로그래밍": "소프트웨어_공학",
    "pair programming": "소프트웨어_공학",
    "체크 박스": "소프트웨어_공학",
    "최적화": "소프트웨어_공학",
    "Optimizing": "소프트웨어_공학",
    "추상화": "소프트웨어_공학",
    "abstraction": "소프트웨어_공학",
    "친근성 유지의 법칙": "소프트웨어_공학",
    "카멜 케이스": "소프트웨어_공학",
    "캡슐화": "소프트웨어_공학",
    "커밋 변경": "소프트웨어_공학",
    "commit change": "소프트웨어_공학",
    "커서": "소프트웨어_공학",
    "컴포넌트": "소프트웨어_공학",
    "코딩 작업": "소프트웨어_공학",
    "코딩 표준": "소프트웨어_공학",
    "클래스 추출": "소프트웨어_공학",
    "태스크 분석": "소프트웨어_공학",
    "테스트가능성": "소프트웨어_공학",
    "테스트 드라이버": "소프트웨어_공학",
    "테스트 오라클": "소프트웨어_공학",
    "test oracle": "소프트웨어_공학",
    "테스트 주도 개발": "소프트웨어_공학",
    "Test-Driven Development": "소프트웨어_공학",
    "테스트 중심 개발": "소프트웨어_공학",
    "테스트 케이스": "소프트웨어_공학",
    "테스트 하니스": "소프트웨어_공학",
    "test harness": "소프트웨어_공학",
    "테스팅": "소프트웨어_공학",
    "텍스트 박스": "소프트웨어_공학",
    "토글 버튼": "소프트웨어_공학",
    "통합 테스트": "소프트웨어_공학",
    "투자 회수 기간": "소프트웨어_공학",
    "팀 역할": "소프트웨어_공학",
    "파이프 필터 아키텍처": "소프트웨어_공학",
    "패러다임": "소프트웨어_공학",
    "paradigm": "소프트웨어_공학",
    "패키지형 소프트웨어": "소프트웨어_공학",
    "패턴의 역할": "소프트웨어_공학",
    "팩토리 메소드 패턴": "소프트웨어_공학",
    "팬 아웃": "소프트웨어_공학",
    "팬 인": "소프트웨어_공학",
    "페어 프로그래밍": "소프트웨어_공학",
    "폭포수 모델": "소프트웨어_공학",
    "품질 계획": "소프트웨어_공학",
    "품질 관리": "소프트웨어_공학",
    "품질 메트릭": "소프트웨어_공학",
    "품질 모델": "소프트웨어_공학",
    "품질 목표": "소프트웨어_공학",
    "품질 보증": "소프트웨어_공학",
    "품질 보증 조직": "소프트웨어_공학",
    "품질 저하의 법칙": "소프트웨어_공학",
    "품질 제어": "소프트웨어_공학",
    "품질 측정": "소프트웨어_공학",
    "프로그램 이해": "소프트웨어_공학",
    "프로덕트 표준": "소프트웨어_공학",
    "프로세스": "소프트웨어_공학",
    "프로세스 개선": "소프트웨어_공학",
    "프로세스 관리 그룹": "소프트웨어_공학",
    "프로세스 관리 프로세스": "소프트웨어_공학",
    "프로세스 명세": "소프트웨어_공학",
    "프로세스 모델": "소프트웨어_공학",
    "프로세스 표준": "소프트웨어_공학",
    "프로젝트 가치": "소프트웨어_공학",
    "프로젝트 계획": "소프트웨어_공학",
    "프로젝트 관리": "소프트웨어_공학",
    "프로젝트 관리 삼각형": "소프트웨어_공학",
    "프로젝트 리스크": "소프트웨어_공학",
    "프로젝트 모니터링": "소프트웨어_공학",
    "프로젝트 범위": "소프트웨어_공학",
    "프로젝트별 조직": "소프트웨어_공학",
    "프로젝트 엔지니어링 프로세스": "소프트웨어_공학",
    "프로토타이핑": "소프트웨어_공학",
    "피드백": "소프트웨어_공학",
    "피드백 시스템의 법칙": "소프트웨어_공학",
    "필드 변수": "소프트웨어_공학",
    "필드 테스팅": "소프트웨어_공학",
    "field testing": "소프트웨어_공학",
    "하향식 통합": "소프트웨어_공학",
    "top-down": "소프트웨어_공학",
    "학습용이성": "소프트웨어_공학",
    "Learnability": "소프트웨어_공학",
    "헝가리안 표기법": "소프트웨어_공학",
    "협동 다이어그램": "소프트웨어_공학",
    "형상 감사": "소프트웨어_공학",
    "형상 변경 제어": "소프트웨어_공학",
    "화이트박스 테스트": "소프트웨어_공학",
    "확인": "소프트웨어_공학",
    "validation": "소프트웨어_공학",
    "활성막대": "소프트웨어_공학",
    "효율성": "소프트웨어_공학",
    "efficiency": "소프트웨어_공학",
    "A - Z": "소프트웨어_공학",
    "Architecture Trade-off Analysis Method": "소프트웨어_공학",
    "ATAM": "소프트웨어_공학",
    "CMMi": "소프트웨어_공학",
    "Capability Maturity Model Integration": "소프트웨어_공학",
    "COCOMO-81": "소프트웨어_공학",
    "COCOMO II": "소프트웨어_공학",
    "CPM": "소프트웨어_공학",
    "Critical Path Method": "소프트웨어_공학",
    "네트워크": "소프트웨어_공학",
    "GUI 프레임워크": "소프트웨어_공학",
    "ISO 9001": "소프트웨어_공학",
    "ISO 품질 표준": "소프트웨어_공학",
    "Lehman의 법칙": "소프트웨어_공학",
    "Model-View-Controller": "소프트웨어_공학",
    "Peer-to-Peer 스타일": "소프트웨어_공학",
    "PERT": "소프트웨어_공학",
    "Program Evaluation and Review": "소프트웨어_공학",
    "Technique": "소프트웨어_공학",
    "Return of Investment": "소프트웨어_공학",
    "SAAM": "소프트웨어_공학",
    "Software Architecture Analysis Method": "소프트웨어_공학",
    "SAAD": "소프트웨어_공학",
    "SPICE": "소프트웨어_공학",
    "Software Process Improvement and": "소프트웨어_공학",
    "Capability dEtermination": "소프트웨어_공학",
    "SWOT": "소프트웨어_공학",
    "UI 설계 원리": "소프트웨어_공학",
    "UI 테스트": "소프트웨어_공학",
    "UML": "소프트웨어_공학",
    "Unified Modeling Language": "소프트웨어_공학",
    "Unified Process": "소프트웨어_공학",
    "Verification": "소프트웨어_공학",
    "Work Breakdown Structure": "소프트웨어_공학",
    "개념 데이터 모델": "소프트웨어_공학",
    "개발 프로세스": "소프트웨어_공학",
    "객체지향 방법론": "소프트웨어_공학",
    "객체지향 분석": "소프트웨어_공학",
    "객체지향 설계": "소프트웨어_공학",
    "결합력": "소프트웨어_공학",
    "구조적 분석": "소프트웨어_공학",
    "설계": "소프트웨어_공학",
    "구조적 설계": "소프트웨어_공학",
    "기본 설계": "소프트웨어_공학",
    "기본 설계서": "소프트웨어_공학",
    "논리 데이터 모델": "소프트웨어_공학",
    "논리 데이터 설계": "소프트웨어_공학",
    "논리적 설계": "소프트웨어_공학",
    "단일 책임의 원칙": "소프트웨어_공학",
    "데이터 설계": "소프트웨어_공학",
    "데이터 이관": "소프트웨어_공학",
    "데일리 스크럼": "소프트웨어_공학",
    "독립 엔티티": "소프트웨어_공학",
    "드라이버": "소프트웨어_공학",
    "디버거": "소프트웨어_공학",
    "리소스 엔티티": "소프트웨어_공학",
    "릴리스 자동화 도구": "소프트웨어_공학",
    "마스터 데이터": "소프트웨어_공학",
    "Model": "소프트웨어_공학",
    "모듈 명세서": "소프트웨어_공학",
    "모듈 분할 원리": "소프트웨어_공학",
    "목업": "소프트웨어_공학",
    "Mockup": "소프트웨어_공학",
    "몹 프로그래밍": "소프트웨어_공학",
    "문서화": "소프트웨어_공학",
    "문제 구조화": "소프트웨어_공학",
    "문제 정의": "소프트웨어_공학",
    "물리 데이터 설계": "소프트웨어_공학",
    "물리적 데이터 모델": "소프트웨어_공학",
    "물리적 보안": "소프트웨어_공학",
    "물리적 설계": "소프트웨어_공학",
    "배포": "소프트웨어_공학",
    "백본": "소프트웨어_공학",
    "backbone": "소프트웨어_공학",
    "번 다운 보고서": "소프트웨어_공학",
    "벨로시티": "소프트웨어_공학",
    "Velocity": "소프트웨어_공학",
    "분산 트랜잭션 처리": "소프트웨어_공학",
    "View": "소프트웨어_공학",
    "빌드": "소프트웨어_공학",
    "빌드 자동화 도구": "소프트웨어_공학",
    "빌드 파이프라인": "소프트웨어_공학",
    "시스템 분석 설계 with 애자일": "소프트웨어_공학",
    "사용자 교육": "소프트웨어_공학",
    "산출물": "소프트웨어_공학",
    "서브시스템 분할": "소프트웨어_공학",
    "서비스 지향 아키텍처": "소프트웨어_공학",
    "SOA": "소프트웨어_공학",
    "순서도": "소프트웨어_공학",
    "스토리보드": "소프트웨어_공학",
    "Story Board": "소프트웨어_공학",
    "스토리 포인트": "소프트웨어_공학",
    "스프린트 계획": "소프트웨어_공학",
    "스프린트 리뷰": "소프트웨어_공학",
    "스프린트 백로그": "소프트웨어_공학",
    "스프린트 회고": "소프트웨어_공학",
    "스프린트 회의": "소프트웨어_공학",
    "아키텍처 설계": "소프트웨어_공학",
    "아키텍트": "소프트웨어_공학",
    "애자일 계획": "소프트웨어_공학",
    "agile model": "소프트웨어_공학",
    "애자일 선언문": "소프트웨어_공학",
    "애자일 팀": "소프트웨어_공학",
    "애플리케이션 보안": "소프트웨어_공학",
    "어피니티 다이어그램": "소프트웨어_공학",
    "Affinity Diagram": "소프트웨어_공학",
    "업무 프로세스": "소프트웨어_공학",
    "업무 프로세스 분석": "소프트웨어_공학",
    "업무 흐름도": "소프트웨어_공학",
    "에픽": "소프트웨어_공학",
    "Epics": "소프트웨어_공학",
    "엔터프라이즈 시스템": "소프트웨어_공학",
    "엘리베이터 피치": "소프트웨어_공학",
    "온라인 지원": "소프트웨어_공학",
    "온라인 처리": "소프트웨어_공학",
    "이어프레임": "소프트웨어_공학",
    "Wireframe": "소프트웨어_공학",
    "완료": "소프트웨어_공학",
    "Done": "소프트웨어_공학",
    "의 정의": "소프트웨어_공학",
    "외부 인터페이스": "소프트웨어_공학",
    "요구 분석": "소프트웨어_공학",
    "요구 분석 명세서": "소프트웨어_공학",
    "유스 케이스": "소프트웨어_공학",
    "유스 케이스 다이어그램": "소프트웨어_공학",
    "유저 스토리": "소프트웨어_공학",
    "유저 스토리 매핑": "소프트웨어_공학",
    "응집력": "소프트웨어_공학",
    "의사결정시스템": "소프트웨어_공학",
    "이벤트 엔티티": "소프트웨어_공학",
    "인셉션 덱": "소프트웨어_공학",
    "인쇄물 레이아웃": "소프트웨어_공학",
    "인터프리터": "소프트웨어_공학",
    "일괄 처리": "소프트웨어_공학",
    "입력 검증 기능": "소프트웨어_공학",
    "자료 사전": "소프트웨어_공학",
    "자료 흐름의 균형": "소프트웨어_공학",
    "balancing": "소프트웨어_공학",
    "작업 절차": "소프트웨어_공학",
    "저니 맵": "소프트웨어_공학",
    "Journey Map": "소프트웨어_공학",
    "전환 정책": "소프트웨어_공학",
    "점증적 모델": "소프트웨어_공학",
    "incremental model": "소프트웨어_공학",
    "접근 권한": "소프트웨어_공학",
    "정보 기술": "소프트웨어_공학",
    "정보 시스템의 종류": "소프트웨어_공학",
    "제안 요청서": "소프트웨어_공학",
    "종속 엔티티": "소프트웨어_공학",
    "주제 영역 모델": "소프트웨어_공학",
    "처리 로직 설계": "소프트웨어_공학",
    "칸반": "소프트웨어_공학",
    "Kanban": "소프트웨어_공학",
    "보드": "소프트웨어_공학",
    "컨트롤러": "소프트웨어_공학",
    "Controller": "소프트웨어_공학",
    "컴파일러": "소프트웨어_공학",
    "코드 설계": "소프트웨어_공학",
    "태스크 보드": "소프트웨어_공학",
    "테스트 자동화": "소프트웨어_공학",
    "테스트 피라미드": "소프트웨어_공학",
    "트랜잭션": "소프트웨어_공학",
    "트랜잭션 데이터": "소프트웨어_공학",
    "트랜잭션 처리 시스템": "소프트웨어_공학",
    "파일 보안": "소프트웨어_공학",
    "퍼소나": "소프트웨어_공학",
    "Persona": "소프트웨어_공학",
    "waterfall model": "소프트웨어_공학",
    "프로덕트 박스": "소프트웨어_공학",
    "프로덕트 백로그": "소프트웨어_공학",
    "프로덕트 백로그 검토": "소프트웨어_공학",
    "프로덕트 오너": "소프트웨어_공학",
    "프로세스 로직": "소프트웨어_공학",
    "프로토타입": "소프트웨어_공학",
    "Prototype": "소프트웨어_공학",
    "프로파일러": "소프트웨어_공학",
    "플래닝 포커": "소프트웨어_공학",
    "화면 레이아웃 설계": "소프트웨어_공학",
    "화면 흐름도": "소프트웨어_공학",
    "As-Is": "소프트웨어_공학",
    "DFD": "소프트웨어_공학",
    "Data Flow Diagram": "소프트웨어_공학",
    "EA": "소프트웨어_공학",
    "Enterprise Architecture": "소프트웨어_공학",
    "Elito Method": "소프트웨어_공학",
    "ERP": "소프트웨어_공학",
    "Enterprise Resource Planning": "소프트웨어_공학",
    "ER 다이어그램": "소프트웨어_공학",
    "E-조달": "소프트웨어_공학",
    "E-커머스": "소프트웨어_공학",
    "GUI 디자이너": "소프트웨어_공학",
    "IDE": "소프트웨어_공학",
    "IPO 차트": "소프트웨어_공학",
    "MVC 모델": "소프트웨어_공학",
    "M-커머스": "소프트웨어_공학",
    "Not 리스트": "소프트웨어_공학",
    "N-S 차트": "소프트웨어_공학",
    "STS 분할법": "소프트웨어_공학",
    "SW 배포": "소프트웨어_공학",
    "SW 분석가": "소프트웨어_공학",
    "To-Be": "소프트웨어_공학",
    "TR 분할법": "소프트웨어_공학",
    "UI 설계": "소프트웨어_공학",
    "WIP": "소프트웨어_공학",
    "Work In Progress": "소프트웨어_공학"
}