{
    "456    찾아보기": "알고리즘",
    "가변 크기 축소": "알고리즘",
    "가변길이": "알고리즘",
    "variable-length": "알고리즘",
    "가중치 그래프": "알고리즘",
    "가중치 그래프의 표현": "알고리즘",
    "가지치기": "알고리즘",
    "간선 지향 전략": "알고리즘",
    "간선": "알고리즘",
    "edge": "알고리즘",
    "value": "알고리즘",
    "거듭제곱 문제": "알고리즘",
    "거스름돈 동전 최소화": "알고리즘",
    "결정 문제": "알고리즘",
    "겹치는 부분 문제": "알고리즘",
    "경로": "알고리즘",
    "계산 기하학": "알고리즘",
    "고정 비율 축소": "알고리즘",
    "고정 크기 축소": "알고리즘",
    "고정길이": "알고리즘",
    "fixed-length": "알고리즘",
    "공간 효율성": "알고리즘",
    "그래프 문제": "알고리즘",
    "그래프 색칠": "알고리즘",
    "그래프": "알고리즘",
    "graph": "알고리즘",
    "근사 비율": "알고리즘",
    "근사": "알고리즘",
    "approximation": "알고리즘",
    "알고리즘": "알고리즘",
    "기본 연산": "알고리즘",
    "기수": "알고리즘",
    "radix": "알고리즘",
    "기수 정렬": "알고리즘",
    "기하학적 문제": "알고리즘",
    "깊이 우선 탐색": "알고리즘",
    "나쁜 분할": "알고리즘",
    "나쁜 심벌 휴리스틱": "알고리즘",
    "너비 우선 탐색": "알고리즘",
    "노드": "알고리즘",
    "node": "알고리즘",
    "다음 적합": "알고리즘",
    "다항식 시간": "알고리즘",
    "단순 경로": "알고리즘",
    "동의어": "알고리즘",
    "synonym": "알고리즘",
    "동적 계획법": "알고리즘",
    "동적 프로그래밍": "알고리즘",
    "등비수열의 합 공식": "알고리즘",
    "레벨": "알고리즘",
    "level": "알고리즘",
    "레코드": "알고리즘",
    "record": "알고리즘",
    "리스트": "알고리즘",
    "list": "알고리즘",
    "링크": "알고리즘",
    "link": "알고리즘",
    "링크 표현법": "알고리즘",
    "마스터 정리": "알고리즘",
    "map": "알고리즘",
    "메모이제이션": "알고리즘",
    "명령어": "알고리즘",
    "instruction set": "알고리즘",
    "모순유도증명법": "알고리즘",
    "무방향 그래프": "알고리즘",
    "무한대": "알고리즘",
    "문자열": "알고리즘",
    "string": "알고리즘",
    "문자열 매칭": "알고리즘",
    "string matching": "알고리즘",
    "문제 변환": "알고리즘",
    "미로탐색": "알고리즘",
    "반복 알고리즘": "알고리즘",
    "방향 그래프": "알고리즘",
    "배낭 채우기 문제": "알고리즘",
    "배열 구조": "알고리즘",
    "백트래킹": "알고리즘",
    "버킷": "알고리즘",
    "bucket": "알고리즘",
    "변환정복 기법": "알고리즘",
    "병합": "알고리즘",
    "combine": "알고리즘",
    "병합 알고리즘": "알고리즘",
    "병합 정렬": "알고리즘",
    "보간 탐색": "알고리즘",
    "보이어 무어": "알고리즘",
    "Boyer-Moore": "알고리즘",
    "복잡도 분석": "알고리즘",
    "부분집합의 합": "알고리즘",
    "분기 한정": "알고리즘",
    "분배기반": "알고리즘",
    "분할 가능한 배낭 채우기": "알고리즘",
    "분할 문제": "알고리즘",
    "분할 정복 기법": "알고리즘",
    "분할": "알고리즘",
    "divide": "알고리즘",
    "비교기반": "알고리즘",
    "비교기반 정렬": "알고리즘",
    "빅세타 표기법": "알고리즘",
    "빅오 표기법": "알고리즘",
    "빅오메가 표기법": "알고리즘",
    "사이클": "알고리즘",
    "cycle": "알고리즘",
    "삼각 부등식의 원리": "알고리즘",
    "삼진 탐색": "알고리즘",
    "삽입 정렬": "알고리즘",
    "상태": "알고리즘",
    "state": "알고리즘",
    "상태공간트리": "알고리즘",
    "서로소 집합": "알고리즘",
    "선택 문제": "알고리즘",
    "선택 정렬": "알고리즘",
    "선형 자료구조": "알고리즘",
    "선형 조사법": "알고리즘",
    "선형 탐색": "알고리즘",
    "셸 정렬": "알고리즘",
    "shell sort": "알고리즘",
    "순서 접근": "알고리즘",
    "순열 생성": "알고리즘",
    "순차 탐색": "알고리즘",
    "순환": "알고리즘",
    "순환 관계식": "알고리즘",
    "순환 알고리즘": "알고리즘",
    "순회": "알고리즘",
    "traversal": "알고리즘",
    "쉬트라쎈 알고리즘": "알고리즘",
    "스택": "알고리즘",
    "stack": "알고리즘",
    "슬라이스 기능": "알고리즘",
    "슬롯": "알고리즘",
    "slot": "알고리즘",
    "시간 복잡도 함수": "알고리즘",
    "시간 효율성": "알고리즘",
    "시프트 테이블": "알고리즘",
    "실험적 분석": "알고리즘",
    "안정성": "알고리즘",
    "stability": "알고리즘",
    "algorithm": "알고리즘",
    "알고리즘 설계 기법": "알고리즘",
    "압축률": "알고리즘",
    "억지 기법": "알고리즘",
    "brute-force": "알고리즘",
    "엔트리": "알고리즘",
    "entry": "알고리즘",
    "연결 그래프": "알고리즘",
    "연결된 구조": "알고리즘",
    "연속 대치법": "알고리즘",
    "오버플로": "알고리즘",
    "overflow": "알고리즘",
    "오프라인": "알고리즘",
    "Offline": "알고리즘",
    "완전 그래프": "알고리즘",
    "완전 탐색": "알고리즘",
    "Exhaustive search": "알고리즘",
    "외판원 문제": "알고리즘",
    "458    찾아보기": "알고리즘",
    "우선순위 큐": "알고리즘",
    "위상 순서": "알고리즘",
    "위상 정렬": "알고리즘",
    "위조 동전 찾기": "알고리즘",
    "유사코드": "알고리즘",
    "pseudo code": "알고리즘",
    "유용한 합 공식": "알고리즘",
    "유클리드 거리": "알고리즘",
    "유클리드 알고리즘": "알고리즘",
    "이분 그래프": "알고리즘",
    "이중 피벗 퀵 정렬": "알고리즘",
    "dual pivot quick sort": "알고리즘",
    "이중 해싱법": "알고리즘",
    "이진 탐색": "알고리즘",
    "이진탐색트리": "알고리즘",
    "이진트리": "알고리즘",
    "이진트리의 높이": "알고리즘",
    "이진트리의 표준 순회": "알고리즘",
    "이차 조사법": "알고리즘",
    "이항계수": "알고리즘",
    "이행적 폐쇄": "알고리즘",
    "인접 리스트": "알고리즘",
    "인접 정점": "알고리즘",
    "인접 행렬": "알고리즘",
    "일 배정 문제": "알고리즘",
    "일반 트리": "알고리즘",
    "입력의 크기": "알고리즘",
    "자료구조": "알고리즘",
    "data structure": "알고리즘",
    "자연어": "알고리즘",
    "자유트리": "알고리즘",
    "적재 밀도": "알고리즘",
    "전위 순회": "알고리즘",
    "전처리": "알고리즘",
    "preprocessing": "알고리즘",
    "점근적 표기": "알고리즘",
    "접두어 없는": "알고리즘",
    "prefix-free": "알고리즘",
    "정렬 키": "알고리즘",
    "sort key": "알고리즘",
    "정렬": "알고리즘",
    "sorting": "알고리즘",
    "정복": "알고리즘",
    "conquer": "알고리즘",
    "정점": "알고리즘",
    "vertex": "알고리즘",
    "정점 지향 전략": "알고리즘",
    "정점 커버 문제": "알고리즘",
    "정지 문제": "알고리즘",
    "halting problem": "알고리즘",
    "제산 함수": "알고리즘",
    "제자리": "알고리즘",
    "in-place": "알고리즘",
    "조사": "알고리즘",
    "probing": "알고리즘",
    "조합 객체": "알고리즘",
    "조합 문제": "알고리즘",
    "좋은 분할": "알고리즘",
    "좋은 접미어 이동량 표": "알고리즘",
    "좋은 접미어 휴리스틱": "알고리즘",
    "중간 제곱 함수": "알고리즘",
    "중간값": "알고리즘",
    "median": "알고리즘",
    "중위 순회": "알고리즘",
    "증가 속도": "알고리즘",
    "증명적인 분석": "알고리즘",
    "지도 색칠 문제": "알고리즘",
    "지수 시간": "알고리즘",
    "직교 좌표계": "알고리즘",
    "직접 접근": "알고리즘",
    "집합": "알고리즘",
    "Set": "알고리즘",
    "체이닝": "알고리즘",
    "초기 조건": "알고리즘",
    "총 비트 수 계산": "알고리즘",
    "최고가치": "알고리즘",
    "maximum profit": "알고리즘",
    "최근접 쌍의 거리": "알고리즘",
    "최단 경로 문제": "알고리즘",
    "최단거리 행렬": "알고리즘",
    "최대 공약수 문제": "알고리즘",
    "최대비용 신장트리": "알고리즘",
    "최선 적합": "알고리즘",
    "최선의 경우": "알고리즘",
    "최소 공배수": "알고리즘",
    "최소비용 신장트리": "알고리즘",
    "최악 적합": "알고리즘",
    "최악의 경우": "알고리즘",
    "최장 경로": "알고리즘",
    "Longest Path": "알고리즘",
    "최장 공통 부분순서": "알고리즘",
    "최적 부분 구조": "알고리즘",
    "최적우선 분기 한정": "알고리즘",
    "최적우선탐색": "알고리즘",
    "최적해": "알고리즘",
    "최적화 문제": "알고리즘",
    "최초 적합": "알고리즘",
    "축소 정복 기법": "알고리즘",
    "충돌": "알고리즘",
    "collision": "알고리즘",
    "카운팅 정렬": "알고리즘",
    "코드 효율성": "알고리즘",
    "퀵 정렬": "알고리즘",
    "queue": "알고리즘",
    "key": "알고리즘",
    "키워드 인수": "알고리즘",
    "탐색": "알고리즘",
    "searching": "알고리즘",
    "탐색-교환": "알고리즘",
    "탐색키": "알고리즘",
    "탐욕적 기법": "알고리즘",
    "테이블화": "알고리즘",
    "통 채우기 문제": "알고리즘",
    "트리": "알고리즘",
    "tree": "알고리즘",
    "트리의 차수": "알고리즘",
    "틱택토": "알고리즘",
    "Tic-Tac-Toe": "알고리즘",
    "게임": "알고리즘",
    "팩토리얼 계산 문제": "알고리즘",
    "팩토리얼 시간": "알고리즘",
    "편집 거리 문제": "알고리즘",
    "평균적인 경우": "알고리즘",
    "폴딩 함수": "알고리즘",
    "피벗": "알고리즘",
    "pivot": "알고리즘",
    "피보나치수열": "알고리즘",
    "필드": "알고리즘",
    "field": "알고리즘",
    "하노이의 탑": "알고리즘",
    "하이브리드": "알고리즘",
    "hybrid": "알고리즘",
    "한계가치": "알고리즘",
    "bounded profit": "알고리즘",
    "합이 M인 모든 부분집합": "알고리즘",
    "해밀토니안 사이클": "알고리즘",
    "해시 주소": "알고리즘",
    "해시 테이블": "알고리즘",
    "해시 함수": "알고리즘",
    "해싱": "알고리즘",
    "Hashing": "알고리즘",
    "행렬 곱셈 문제": "알고리즘",
    "행렬의 거듭제곱": "알고리즘",
    "허프만 코드": "알고리즘",
    "허프만 트리": "알고리즘",
    "Huffman tree": "알고리즘",
    "호스풀": "알고리즘",
    "Horspool": "알고리즘",
    "호어": "알고리즘",
    "Hoare": "알고리즘",
    "후위 순회": "알고리즘",
    "흐름도": "알고리즘",
    "flowchart": "알고리즘",
    "희소 그래프": "알고리즘",
    "희소 행렬": "알고리즘",
    "heap": "알고리즘",
    "Dijkstra 알고리즘": "알고리즘",
    "Floyd 알고리즘": "알고리즘",
    "Kruskal 알고리즘": "알고리즘",
    "460    찾아보기": "알고리즘",
    "LCS 추적": "알고리즘",
    "NP 문제": "알고리즘",
    "NP-완전": "알고리즘",
    "NP-하드": "알고리즘",
    "N-Queen": "알고리즘",
    "P 문제": "알고리즘",
    "Prim의 알고리즘": "알고리즘",
    "TSP 근사 알고리즘": "알고리즘",
    "Union-Find 알고리즘": "알고리즘",
    "0-1 배낭 채우기 문제": "알고리즘",
    "파이썬": "알고리즘",
    "깊은 복사": "알고리즘",
    "내장함수": "알고리즘",
    "딕셔너리": "알고리즘",
    "dictionary": "알고리즘",
    "람다 함수": "알고리즘",
    "튜플": "알고리즘",
    "파이썬 클래스": "알고리즘",
    "copy 모듈": "알고리즘",
    "heapq 모듈": "알고리즘",
    "math 모듈": "알고리즘",
    "numpy 모듈": "알고리즘",
    "random 모듈": "알고리즘",
    "time 모듈": "알고리즘",
    "zip": "알고리즘",
    "함수": "알고리즘",
    "2차원 배열": "알고리즘",
    "pruning": "알고리즘",
    "감소순최선적합": "알고리즘",
    "Best Fit Decrease": "알고리즘",
    "감소순최초적합": "알고리즘",
    "First Fit Decrease": "알고리즘",
    "결정": "알고리즘",
    "decision": "알고리즘",
    "결정적알고리즘": "알고리즘",
    "deterministic algorithm": "알고리즘",
    "결정적": "알고리즘",
    "deterministic": "알고리즘",
    "선택알고리즘": "알고리즘",
    "결정트리": "알고리즘",
    "decision tree": "알고리즘",
    "공간복잡도": "알고리즘",
    "space complexity": "알고리즘",
    "공제선문제": "알고리즘",
    "교차": "알고리즘",
    "crossover": "알고리즘",
    "연산": "알고리즘",
    "교차율": "알고리즘",
    "crossover rate": "알고리즘",
    "귀납법": "알고리즘",
    "그래프색칠하기": "알고리즘",
    "Graph Coloring": "알고리즘",
    "그리디": "알고리즘",
    "Greedy": "알고리즘",
    "극대매칭": "알고리즘",
    "maximal matching": "알고리즘",
    "근사비율": "알고리즘",
    "approximation ratio": "알고리즘",
    "Approximation": "알고리즘",
    "근사해": "알고리즘",
    "approximation solution": "알고리즘",
    "기수정렬": "알고리즘",
    "Radix Sort": "알고리즘",
    "긴작업을우선": "알고리즘",
    "Longest job first": "알고리즘",
    "배정": "알고리즘",
    "내부정렬": "알고리즘",
    "Internal sort": "알고리즘",
    "냉각률": "알고리즘",
    "cooling ratio": "알고리즘",
    "다단계합병": "알고리즘",
    "Polyphase Merge": "알고리즘",
    "다방향": "알고리즘",
    "Multi-way 또는p-way Merge": "알고리즘",
    "합병알고리즘": "알고리즘",
    "다음적합": "알고리즘",
    "Next Fit": "알고리즘",
    "다익스트라": "알고리즘",
    "Dijkstra": "알고리즘",
    "최단경로알고리즘": "알고리즘",
    "다항식시간": "알고리즘",
    "polynomial time": "알고리즘",
    "다항식시간에변환": "알고리즘",
    "polynomial time reduction": "알고리즘",
    "독립집합": "알고리즘",
    "Independence Set": "알고리즘",
    "돌연변이": "알고리즘",
    "mutation": "알고리즘",
    "돌연변이율": "알고리즘",
    "mutation rate": "알고리즘",
    "동적계획": "알고리즘",
    "Dynamic Programming1": "알고리즘",
    "동전거스름돈": "알고리즘",
    "Coin Change": "알고리즘",
    "랜덤": "알고리즘",
    "Random": "알고리즘",
    "로그선형시간": "알고리즘",
    "log-linear time": "알고리즘",
    "로그": "알고리즘",
    "대수": "알고리즘",
    "logarithmic time": "알고리즘",
    "룰렛휠": "알고리즘",
    "roulette wheel": "알고리즘",
    "방법": "알고리즘",
    "마스터정리": "알고리즘",
    "master theorem": "알고리즘",
    "매칭": "알고리즘",
    "matching": "알고리즘",
    "모든쌍최단경로": "알고리즘",
    "All Pairs Shortest Paths": "알고리즘",
    "모의담금질": "알고리즘",
    "Simulated Annealing": "알고리즘",
    "기법": "알고리즘",
    "문제의변환": "알고리즘",
    "반복적합병": "알고리즘",
    "Iterative Merge": "알고리즘",
    "배낭": "알고리즘",
    "Knapsack": "알고리즘",
    "Backtracking": "알고리즘",
    "버블정렬": "알고리즘",
    "Bubbble Sort": "알고리즘",
    "병렬": "알고리즘",
    "Parallel": "알고리즘",
    "보간탐색": "알고리즘",
    "Interpolation Search": "알고리즘",
    "부분배낭": "알고리즘",
    "Fractional Knapsack": "알고리즘",
    "부분집합의합문제": "알고리즘",
    "부분집합의합": "알고리즘",
    "Subset Sum": "알고리즘",
    "부분문제": "알고리즘",
    "subproblem": "알고리즘",
    "부분해": "알고리즘",
    "분기한정": "알고리즘",
    "Branch-and-Bound": "알고리즘",
    "분산": "알고리즘",
    "Distributed": "알고리즘",
    "분할문제": "알고리즘",
    "분할정복": "알고리즘",
    "Divide-and-Conquer": "알고리즘",
    "Partition": "알고리즘",
    "ALGORITHM": "알고리즘",
    "비교정렬": "알고리즘",
    "comparison sort": "알고리즘",
    "빠른시작시간작업우선": "알고리즘",
    "Earliest start time": "알고리즘",
    "first": "알고리즘",
    "빠른종료시간작업우선": "알고리즘",
    "Earliest finish time": "알고리즘",
    "삼각부등식특성": "알고리즘",
    "삽입정렬": "알고리즘",
    "Insertion Sort": "알고리즘",
    "상각분석": "알고리즘",
    "amortized analysis": "알고리즘",
    "상수시간": "알고리즘",
    "constant time": "알고리즘",
    "state space tree": "알고리즘",
    "상호배타집합": "알고리즘",
    "disjoint set": "알고리즘",
    "서양장기": "알고리즘",
    "Chess": "알고리즘",
    "의여왕말": "알고리즘",
    "n-Queens": "알고리즘",
    "선택정렬": "알고리즘",
    "Selection Sort": "알고리즘",
    "선택": "알고리즘",
    "Selection": "알고리즘",
    "selection": "알고리즘",
    "선형시간": "알고리즘",
    "linear time": "알고리즘",
    "세대": "알고리즘",
    "generation": "알고리즘",
    "순차탐색": "알고리즘",
    "Sequential Search": "알고리즘",
    "순환관계": "알고리즘",
    "recurrence relation": "알고리즘",
    "순환트리법": "알고리즘",
    "쉘정렬": "알고리즘",
    "Shell Sort": "알고리즘",
    "스트라센의행렬곱셈알고리즘": "알고리즘",
    "시간복잡도": "알고리즘",
    "time complexity": "알고리즘",
    "안정한정렬": "알고리즘",
    "stable sort": "알고리즘",
    "양자": "알고리즘",
    "Quantum": "알고리즘",
    "언덕오르기": "알고리즘",
    "Hill Climbing": "알고리즘",
    "여행자문제": "알고리즘",
    "Traveling Salesman Problem": "알고리즘",
    "TSP": "알고리즘",
    "연결성분": "알고리즘",
    "connected component": "알고리즘",
    "연속대치법": "알고리즘",
    "연속행렬곱셈": "알고리즘",
    "Chained Matrix Multiplications": "알고리즘",
    "오른손법칙": "알고리즘",
    "오일러서킷": "알고리즘",
    "Euler Circuit": "알고리즘",
    "완전탐색": "알고리즘",
    "Exhaustive Search": "알고리즘",
    "완전이진트리": "알고리즘",
    "Complete Binary Tree": "알고리즘",
    "외부정렬": "알고리즘",
    "External sort": "알고리즘",
    "유전자알고리즘": "알고리즘",
    "Genetic Algorithm": "알고리즘",
    "GA": "알고리즘",
    "유클리드": "알고리즘",
    "Euclid": "알고리즘",
    "최대공약수알고리즘": "알고리즘",
    "음수사이클": "알고리즘",
    "negative cycle": "알고리즘",
    "의사코드": "알고리즘",
    "의존적관계": "알고리즘",
    "이웃해": "알고리즘",
    "이진탐색": "알고리즘",
    "Binary Search": "알고리즘",
    "이차시간": "알고리즘",
    "quadratic time": "알고리즘",
    "입력에민감하지않은": "알고리즘",
    "input insensitive": "알고리즘",
    "작업배정": "알고리즘",
    "Job Assignment": "알고리즘",
    "작업스케줄링": "알고리즘",
    "Job Scheduling": "알고리즘",
    "Task Scheduling": "알고리즘",
    "적합도": "알고리즘",
    "fitness value": "알고리즘",
    "전역최적해": "알고리즘",
    "global optimum": "알고리즘",
    "점근적표기": "알고리즘",
    "asymptotic notation": "알고리즘",
    "점의쌍찾기문제": "알고리즘",
    "접근시간": "알고리즘",
    "접두부특성": "알고리즘",
    "prefix property": "알고리즘",
    "정점커버": "알고리즘",
    "Vertex Cover": "알고리즘",
    "정지문제": "알고리즘",
    "Halting problem": "알고리즘",
    "지수시간": "알고리즘",
    "exponential time": "알고리즘",
    "지역최적해": "알고리즘",
    "local optimum": "알고리즘",
    "집합커버": "알고리즘",
    "Set Cover": "알고리즘",
    "짧은작업우선": "알고리즘",
    "Shortest job first": "알고리즘",
    "최근접점의쌍": "알고리즘",
    "Closest Pair": "알고리즘",
    "최단경로": "알고리즘",
    "Shortest Path": "알고리즘",
    "최대매칭": "알고리즘",
    "maximum matching": "알고리즘",
    "최대공약수": "알고리즘",
    "최대힙": "알고리즘",
    "maximum heap": "알고리즘",
    "최선경우분석": "알고리즘",
    "best case analysis": "알고리즘",
    "최선우선탐색": "알고리즘",
    "Best First Search": "알고리즘",
    "최선적합": "알고리즘",
    "Best Fit": "알고리즘",
    "INDEX": "알고리즘",
    "최소신장트리알고리즘": "알고리즘",
    "최소신장트리": "알고리즘",
    "Minimum Spanning Tree": "알고리즘",
    "최소힙": "알고리즘",
    "minimum heap": "알고리즘",
    "최악경우분석": "알고리즘",
    "worst case analysis": "알고리즘",
    "최악적합": "알고리즘",
    "Worst Fit": "알고리즘",
    "최장경로": "알고리즘",
    "최적부분구조": "알고리즘",
    "optimal substructure": "알고리즘",
    "145.": "알고리즘",
    "최적": "알고리즘",
    "optimal": "알고리즘",
    "최적성원칙": "알고리즘",
    "principle of optimality": "알고리즘",
    "최적화": "알고리즘",
    "optimization": "알고리즘",
    "최초적합": "알고리즘",
    "First Fit": "알고리즘",
    "최후적합": "알고리즘",
    "Last Fit": "알고리즘",
    "퀵정렬": "알고리즘",
    "Quick Sort": "알고리즘",
    "크러스컬알고리즘": "알고리즘",
    "큰정수의곱셈": "알고리즘",
    "클러스터링": "알고리즘",
    "Clustering": "알고리즘",
    "클리크": "알고리즘",
    "Clique": "알고리즘",
    "통채우기": "알고리즘",
    "Bin Packing": "알고리즘",
    "파일압축": "알고리즘",
    "file compression": "알고리즘",
    "패스": "알고리즘",
    "pass": "알고리즘",
    "편집거리문제": "알고리즘",
    "편집거리": "알고리즘",
    "edit distance": "알고리즘",
    "평균경우분석": "알고리즘",
    "average case analysis": "알고리즘",
    "프림": "알고리즘",
    "Prim": "알고리즘",
    "의최소신장트리알고리즘": "알고리즘",
    "플로차트": "알고리즘",
    "flow chart": "알고리즘",
    "플로이드알고리즘": "알고리즘",
    "플로이드-워셜알고리즘": "알고리즘",
    "피보나치수": "알고리즘",
    "피보나치힙": "알고리즘",
    "피봇": "알고리즘",
    "하한": "알고리즘",
    "lower bound": "알고리즘",
    "한정값": "알고리즘",
    "함축적순서": "알고리즘",
    "합병정렬": "알고리즘",
    "Merge Sort": "알고리즘",
    "합병": "알고리즘",
    "merge": "알고리즘",
    "해밀토니안사이클": "알고리즘",
    "Hamiltonian Cycle": "알고리즘",
    "허프만코드": "알고리즘",
    "허프만": "알고리즘",
    "Huffman": "알고리즘",
    "압축": "알고리즘",
    "환원": "알고리즘",
    "reduction": "알고리즘",
    "후보해": "알고리즘",
    "candidate solution": "알고리즘",
    "힙정렬": "알고리즘",
    "Heap Sort": "알고리즘",
    "힙조건": "알고리즘",
    "Art Gallery 문제": "알고리즘",
    "Boltzmann 상수k": "알고리즘",
    "Least Significant Digit": "알고리즘",
    "LSD": "알고리즘",
    "LR": "알고리즘",
    "Left-to-right": "알고리즘",
    "Most Significant Digit": "알고리즘",
    "MSD": "알고리즘",
    "NP 문제집합": "알고리즘",
    "NP 알고리즘": "알고리즘",
    "NP-완전문제집합": "알고리즘",
    "hard": "알고리즘",
    "문제집합": "알고리즘",
    "Big-Oh": "알고리즘",
    "-표기": "알고리즘",
    "polynomial": "알고리즘",
    "RL": "알고리즘",
    "Right-to-Left": "알고리즘",
    "SAT": "알고리즘",
    "Satisfiablility": "알고리즘",
    "Stirling의근사식": "알고리즘",
    "0-1 배낭": "알고리즘",
    "1-점": "알고리즘",
    "point": "알고리즘",
    "교차연산": "알고리즘",
    "2-way 합병": "알고리즘",
    "3차시간": "알고리즘",
    "cubic time": "알고리즘",
    "Theta": "알고리즘",
    "Big-Omega": "알고리즘"
}