{
    "422    찾아보기": "자료구조",
    "가중치 그래프": "자료구조",
    "weighted graph": "자료구조",
    "간선": "자료구조",
    "edge": "자료구조",
    "값에 의한 호출": "자료구조",
    "call-by-value": "자료구조",
    "개방 주소법": "자료구조",
    "open addressing": "자료구조",
    "경로": "자료구조",
    "path": "자료구조",
    "경사 트리": "자료구조",
    "교환하기": "자료구조",
    "transpose": "자료구조",
    "구조체": "자료구조",
    "structure": "자료구조",
    "군집화": "자료구조",
    "clustering": "자료구조",
    "균형 이진 트리": "자료구조",
    "균형 인수": "자료구조",
    "balance factor": "자료구조",
    "그래프": "자료구조",
    "graph": "자료구조",
    "그래프 탐색": "자료구조",
    "기수 정렬": "자료구조",
    "radix sort": "자료구조",
    "기준 연산": "자료구조",
    "깊이 우선 탐색": "자료구조",
    "depth first search": "자료구조",
    "DFS": "자료구조",
    "꼬리 노드": "자료구조",
    "내림차순": "자료구조",
    "descending order": "자료구조",
    "너비 우선 탐색": "자료구조",
    "breath first search": "자료구조",
    "BFS": "자료구조",
    "네트워크": "자료구조",
    "network": "자료구조",
    "노드": "자료구조",
    "node": "자료구조",
    "다중": "자료구조",
    "multiway": "자료구조",
    "병합 정렬": "자료구조",
    "다항식": "자료구조",
    "polynomial": "자료구조",
    "단말": "자료구조",
    "terminal": "자료구조",
    "leaf": "자료구조",
    "단순 경로": "자료구조",
    "simple path": "자료구조",
    "단순 연결": "자료구조",
    "singly linked": "자료구조",
    "구조": "자료구조",
    "데이터 필드": "자료구조",
    "data field": "자료구조",
    "deque": "자료구조",
    "동의어": "자료구조",
    "synonym": "자료구조",
    "동적 메모리 할당": "자료구조",
    "dynamic memory allocation": "자료구조",
    "들여쓰기": "자료구조",
    "indentation": "자료구조",
    "레벨": "자료구조",
    "level": "자료구조",
    "레벨 순회": "자료구조",
    "level order": "자료구조",
    "레코드": "자료구조",
    "record": "자료구조",
    "루트": "자료구조",
    "root": "자료구조",
    "리스트": "자료구조",
    "list": "자료구조",
    "링크 필드": "자료구조",
    "link field": "자료구조",
    "맨 앞으로 보내기": "자료구조",
    "move to front": "자료구조",
    "무방향 그래프": "자료구조",
    "undirected graph": "자료구조",
    "방향 그래프": "자료구조",
    "directed graph": "자료구조",
    "배열": "자료구조",
    "array": "자료구조",
    "배열 구조": "자료구조",
    "버블 정렬": "자료구조",
    "bubble sort": "자료구조",
    "버킷": "자료구조",
    "bucket": "자료구조",
    "버퍼": "자료구조",
    "buffer": "자료구조",
    "병합": "자료구조",
    "Combine": "자료구조",
    "merge sort": "자료구조",
    "보간 탐색": "자료구조",
    "interpolation search": "자료구조",
    "복잡도 분석": "자료구조",
    "complexity analysis": "자료구조",
    "부분 그래프": "자료구조",
    "subgraph": "자료구조",
    "분할": "자료구조",
    "Divide": "자료구조",
    "분할 정복": "자료구조",
    "divide and conquer": "자료구조",
    "비선형 자료구조": "자료구조",
    "non-linear data structure": "자료구조",
    "비트 추출 방법": "자료구조",
    "빅 세타": "자료구조",
    "big-theta": "자료구조",
    "표기법": "자료구조",
    "빅 오": "자료구조",
    "big-O": "자료구조",
    "빅 오메가": "자료구조",
    "big-omega": "자료구조",
    "사이클": "자료구조",
    "cycle": "자료구조",
    "삽입 정렬": "자료구조",
    "insertion sort": "자료구조",
    "서브 트리": "자료구조",
    "subtree": "자료구조",
    "선입선출": "자료구조",
    "FIFO": "자료구조",
    "First-In First-Out": "자료구조",
    "선택 정렬": "자료구조",
    "selection sort": "자료구조",
    "선형 리스트": "자료구조",
    "linear list": "자료구조",
    "선형 자료구조": "자료구조",
    "linear data structure": "자료구조",
    "선형 조사법": "자료구조",
    "linear probing": "자료구조",
    "선형 큐": "자료구조",
    "선형 탐색": "자료구조",
    "linear search": "자료구조",
    "순차 탐색": "자료구조",
    "sequential search": "자료구조",
    "순환": "자료구조",
    "recursion": "자료구조",
    "순회": "자료구조",
    "traversal": "자료구조",
    "숫자 분석 방법": "자료구조",
    "스택": "자료구조",
    "stack": "자료구조",
    "슬롯": "자료구조",
    "slot": "자료구조",
    "시작 노드": "자료구조",
    "신장트리": "자료구조",
    "spanning tree": "자료구조",
    "실제의 해싱": "자료구조",
    "실행 시간": "자료구조",
    "안정성": "자료구조",
    "stability": "자료구조",
    "알고리즘": "자료구조",
    "algorithm": "자료구조",
    "언더플로": "자료구조",
    "underflow": "자료구조",
    "에지": "자료구조",
    "역참조 연산자 *": "자료구조",
    "연결 그래프": "자료구조",
    "connected graph": "자료구조",
    "연결된 구조": "자료구조",
    "linked structure": "자료구조",
    "연결된 덱": "자료구조",
    "linked deque": "자료구조",
    "연결된 스택": "자료구조",
    "linked stack": "자료구조",
    "연결된 큐": "자료구조",
    "linked queue": "자료구조",
    "연결 리스트": "자료구조",
    "linked list": "자료구조",
    "오름차순": "자료구조",
    "ascending order": "자료구조",
    "오버플로": "자료구조",
    "overflow": "자료구조",
    "완전 그래프": "자료구조",
    "complete graph": "자료구조",
    "완전 이진 트리": "자료구조",
    "왼쪽 자식-오른쪽 형제 표현": "자료구조",
    "원형 덱": "자료구조",
    "circular deque": "자료구조",
    "원형 연결": "자료구조",
    "circular linked": "자료구조",
    "원형 큐": "자료구조",
    "Circular Queue": "자료구조",
    "이상적인 해싱": "자료구조",
    "이중 연결": "자료구조",
    "doubly linked": "자료구조",
    "이중 연결 리스트": "자료구조",
    "doubly linked list": "자료구조",
    "이중 포인터": "자료구조",
    "이중 해싱법": "자료구조",
    "double hashing": "자료구조",
    "이진 탐색": "자료구조",
    "binary search": "자료구조",
    "이진 탐색 트리": "자료구조",
    "이진 트리": "자료구조",
    "binary tree": "자료구조",
    "이차 조사법": "자료구조",
    "quadratic probing": "자료구조",
    "인접 리스트": "자료구조",
    "adjacency list": "자료구조",
    "인접 정점": "자료구조",
    "adjacent vertex": "자료구조",
    "인접 행렬": "자료구조",
    "adjacency matrix": "자료구조",
    "일반 트리": "자료구조",
    "general tree": "자료구조",
    "입력의 크기": "자료구조",
    "자기 구성": "자료구조",
    "self-organizing": "자료구조",
    "자료구조": "자료구조",
    "data structure": "자료구조",
    "자체 참조 구조체": "자료구조",
    "self-referential structure": "자료구조",
    "재해싱": "자료구조",
    "rehashing": "자료구조",
    "전위순회": "자료구조",
    "preorder": "자료구조",
    "점근적 표기": "자료구조",
    "asymptotic notation": "자료구조",
    "정렬": "자료구조",
    "sorting": "자료구조",
    "정렬키": "자료구조",
    "sort key": "자료구조",
    "정복": "자료구조",
    "Conquer": "자료구조",
    "424    찾아보기": "자료구조",
    "정점": "자료구조",
    "vertex": "자료구조",
    "정점의 차수": "자료구조",
    "degree": "자료구조",
    "제산 함수": "자료구조",
    "제자리 정렬": "자료구조",
    "in-place sorting": "자료구조",
    "주소 추출 연산자": "자료구조",
    "중간 제곱 함수": "자료구조",
    "중위순회": "자료구조",
    "inorder": "자료구조",
    "중첩된 괄호": "자료구조",
    "중첩된 집합": "자료구조",
    "진입 차수": "자료구조",
    "in-degree": "자료구조",
    "진출 차수": "자료구조",
    "out-degree": "자료구조",
    "집합": "자료구조",
    "Set": "자료구조",
    "차수": "자료구조",
    "체이닝": "자료구조",
    "chaining": "자료구조",
    "최단 거리 행렬": "자료구조",
    "최단 경로": "자료구조",
    "shortest path": "자료구조",
    "최대 힙": "자료구조",
    "max heap": "자료구조",
    "최선의 경우": "자료구조",
    "best case": "자료구조",
    "최소비용 신장트리": "자료구조",
    "Minimum cost Spanning Tree": "자료구조",
    "MST": "자료구조",
    "최소 힙": "자료구조",
    "min heap": "자료구조",
    "최악의 경우": "자료구조",
    "worst case": "자료구조",
    "추상 자료형": "자료구조",
    "충돌": "자료구조",
    "collision": "자료구조",
    "퀵 정렬": "자료구조",
    "quick sort": "자료구조",
    "queue": "자료구조",
    "key": "자료구조",
    "탐색": "자료구조",
    "탐색키": "자료구조",
    "search key": "자료구조",
    "테이블": "자료구조",
    "table": "자료구조",
    "트리": "자료구조",
    "Tree": "자료구조",
    "트리의 높이": "자료구조",
    "height": "자료구조",
    "팩토리얼": "자료구조",
    "Factorial": "자료구조",
    "평균적인 경우": "자료구조",
    "average case": "자료구조",
    "포화 이진 트리": "자료구조",
    "폴딩 함수": "자료구조",
    "피벗": "자료구조",
    "pivot": "자료구조",
    "필드": "자료구조",
    "field": "자료구조",
    "항목 연산자": "자료구조",
    "membership operator": "자료구조",
    "해시 주소": "자료구조",
    "hash address": "자료구조",
    "해시 테이블": "자료구조",
    "hash table": "자료구조",
    "해시 함수": "자료구조",
    "hash function": "자료구조",
    "해싱": "자료구조",
    "헤드 노드": "자료구조",
    "head node": "자료구조",
    "헤드 포인터": "자료구조",
    "head pointer": "자료구조",
    "활성화 레코드": "자료구조",
    "activation record": "자료구조",
    "후위순회": "자료구조",
    "postorder": "자료구조",
    "후입선출": "자료구조",
    "LIFO": "자료구조",
    "Last-In First-Out": "자료구조",
    "희소 행렬": "자료구조",
    "sparse matrix": "자료구조",
    "heap": "자료구조",
    "AVL 트리": "자료구조",
    "free": "자료구조",
    "Kruskal의 MST 알고리즘": "자료구조",
    "malloc": "자료구조",
    "N-링크 표현": "자료구조",
    "Prim의 MST 알고리즘": "자료구조",
    "realloc": "자료구조",
    "union-find 알고리즘": "자료구조",
    "476    찾아보기": "자료구조",
    "가변길이코드": "자료구조",
    "객체": "자료구조",
    "object": "자료구조",
    "객체지향적인": "자료구조",
    "object-oriented": "자료구조",
    "프로그래밍": "자료구조",
    "결정트리": "자료구조",
    "decision tree": "자료구조",
    "괄호 검사": "자료구조",
    "균형기법": "자료구조",
    "균형이진탐색트리": "자료구조",
    "깊이우선탐색": "자료구조",
    "내장 함수": "자료구조",
    "너비우선탐색": "자료구조",
    "단순 연결 구조": "자료구조",
    "단순 자료구조": "자료구조",
    "동적 배열": "자료구조",
    "dynamic array": "자료구조",
    "디폴트 인수": "자료구조",
    "default argument": "자료구조",
    "딕셔너리": "자료구조",
    "dict": "자료구조",
    "라인 편집기": "자료구조",
    "line editor": "자료구조",
    "람다 함수": "자료구조",
    "리터럴": "자료구조",
    "매개변수": "자료구조",
    "parameter": "자료구조",
    "map": "자료구조",
    "메소드": "자료구조",
    "method": "자료구조",
    "멤버 변수": "자료구조",
    "멤버 함수": "자료구조",
    "모듈": "자료구조",
    "모스 부호": "자료구조",
    "문자열": "자료구조",
    "str": "자료구조",
    "미로 탐색": "자료구조",
    "반복": "자료구조",
    "looping": "자료구조",
    "변수": "자료구조",
    "복잡도 함수": "자료구조",
    "복합 자료구조": "자료구조",
    "분기": "자료구조",
    "branching": "자료구조",
    "불리언": "자료구조",
    "boolean": "자료구조",
    "빅세타": "자료구조",
    "빅오": "자료구조",
    "빅오메가": "자료구조",
    "사용자 정의 함수": "자료구조",
    "사전구조": "자료구조",
    "dictionary": "자료구조",
    "상속": "자료구조",
    "inheritance": "자료구조",
    "상한": "자료구조",
    "upper bound": "자료구조",
    "생성자": "자료구조",
    "linear queue": "자료구조",
    "셸 정렬": "자료구조",
    "shell sort": "자료구조",
    "순환 관계식": "자료구조",
    "스크립트 모드": "자료구조",
    "스택 상단": "자료구조",
    "top": "자료구조",
    "슬라이싱": "자료구조",
    "신장 트리": "자료구조",
    "엔트리": "자료구조",
    "entry": "자료구조",
    "연결 성분": "자료구조",
    "connected component": "자료구조",
    "연산자": "자료구조",
    "연산자 중복": "자료구조",
    "operator overloading": "자료구조",
    "연속 대치법": "자료구조",
    "오류 상황": "자료구조",
    "완전이진트리": "자료구조",
    "complete binary tree": "자료구조",
    "외부 정렬": "자료구조",
    "우선순위 큐": "자료구조",
    "priority queue": "자료구조",
    "원형 연결 구조": "자료구조",
    "circular queue": "자료구조",
    "위상 정렬": "자료구조",
    "topological sort": "자료구조",
    "유사 코드": "자료구조",
    "pseudo-code": "자료구조",
    "이스케이프 시퀀스": "자료구조",
    "이중 연결 구조": "자료구조",
    "이중피벗 퀵 정렬": "자료구조",
    "dual pivot quick sort": "자료구조",
    "이진탐색트리": "자료구조",
    "이진트리": "자료구조",
    "478    찾아보기": "자료구조",
    "인수": "자료구조",
    "argument": "자료구조",
    "인터페이스": "자료구조",
    "인터프리터 방식": "자료구조",
    "자연어": "자료구조",
    "자체 간선": "자료구조",
    "재정의": "자료구조",
    "overriding": "자료구조",
    "적재 밀도": "자료구조",
    "loading density": "자료구조",
    "전단": "자료구조",
    "front": "자료구조",
    "정렬 키": "자료구조",
    "중위표기": "자료구조",
    "증가속도": "자료구조",
    "set": "자료구조",
    "최소비용 신장 트리": "자료구조",
    "컴파일 방식": "자료구조",
    "클래스": "자료구조",
    "class": "자료구조",
    "키워드 인수": "자료구조",
    "튜플": "자료구조",
    "tuple": "자료구조",
    "tree": "자료구조",
    "팀 정렬": "자료구조",
    "Timsort": "자료구조",
    "포화이진트리": "자료구조",
    "full binary tree": "자료구조",
    "하노이의 탑": "자료구조",
    "하한": "자료구조",
    "lower bound": "자료구조",
    "허프만 코드": "자료구조",
    "Huffman codes": "자료구조",
    "회문": "자료구조",
    "palindrome": "자료구조",
    "후단": "자료구조",
    "rear": "자료구조",
    "후위표기": "자료구조",
    "흐름도": "자료구조",
    "flowchart": "자료구조",
    "Heap": "자료구조",
    "힙 정렬": "자료구조",
    "heap sort": "자료구조",
    "Dijkstra 알고리즘": "자료구조",
    "Floyd 알고리즘": "자료구조",
    "Kruskal의 알고리즘": "자료구조",
    "Prim 알고리즘": "자료구조",
    "time 모듈": "자료구조",
    "Union-Find": "자료구조",
    "간격": "자료구조",
    "gap": "자료구조",
    "강도": "자료구조",
    "weight": "자료구조",
    "객체지향언어": "자료구조",
    "거듭제곱값 계산": "자료구조",
    "결정 트리": "자료구조",
    "경계 폴딩": "자료구조",
    "boundary folding": "자료구조",
    "경로의 강도": "자료구조",
    "경로의 길이": "자료구조",
    "계수": "자료구조",
    "coefficient": "자료구조",
    "계층적인 구조": "자료구조",
    "hierarchical structure": "자료구조",
    "client": "자료구조",
    "고정길이코드": "자료구조",
    "공간 복잡도": "자료구조",
    "space complexity": "자료구조",
    "공백": "자료구조",
    "empty": "자료구조",
    "상태": "자료구조",
    "구조체를 선언": "자료구조",
    "구조체를 정의": "자료구조",
    "구조체의 연산": "자료구조",
    "현상": "자료구조",
    "균형 트리": "자료구조",
    "그래프 이론": "자료구조",
    "graph theory": "자료구조",
    "기수": "자료구조",
    "radix": "자료구조",
    "난수 발생": "자료구조",
    "내부 정렬": "자료구조",
    "internal sorting": "자료구조",
    "breadth first search": "자료구조",
    "다운힙": "자료구조",
    "down-heap": "자료구조",
    "다항식의 차수": "자료구조",
    "단말노드": "자료구조",
    "terminal node": "자료구조",
    "단순 연결 리스트": "자료구조",
    "simply linked list": "자료구조",
    "singly linked list": "자료구조",
    "단순 회전": "자료구조",
    "single rotation": "자료구조",
    "되돌리기": "자료구조",
    "undo": "자료구조",
    "556    찾아보기": "자료구조",
    "링크": "자료구조",
    "link": "자료구조",
    "링크 표현법": "자료구조",
    "명시적인 형 변환": "자료구조",
    "바이트": "자료구조",
    "byte": "자료구조",
    "iteration": "자료구조",
    "배열의 복사": "자료구조",
    "배열 표현법": "자료구조",
    "버퍼링": "자료구조",
    "buffering": "자료구조",
    "분할정복": "자료구조",
    "비단말 노드": "자료구조",
    "nonterminal node": "자료구조",
    "비용": "자료구조",
    "cost": "자료구조",
    "비해 큐": "자료구조",
    "빅세타 표기법": "자료구조",
    "빅오메가 표기법": "자료구조",
    "빅오표기법": "자료구조",
    "빈도수": "자료구조",
    "frequencies": "자료구조",
    "사전": "자료구조",
    "색인 순차 탐색": "자료구조",
    "indexed sequential search": "자료구조",
    "서버": "자료구조",
    "server": "자료구조",
    "선행 노드": "자료구조",
    "선형큐": "자료구조",
    "수식 트리": "자료구조",
    "expression tree": "자료구조",
    "순서 접근": "자료구조",
    "sequential access": "자료구조",
    "stack top": "자료구조",
    "스택 하단": "자료구조",
    "stack bottom": "자료구조",
    "시간 복잡도": "자료구조",
    "time complexity": "자료구조",
    "시간복잡도 함수": "자료구조",
    "시뮬레이션": "자료구조",
    "simulation": "자료구조",
    "실행시간 측정": "자료구조",
    "아스키": "자료구조",
    "ASCII": "자료구조",
    "알고리즘의 조건": "자료구조",
    "업힙": "자료구조",
    "up-heap": "자료구조",
    "역참조 연산자": "자료구조",
    "연결된 표현": "자료구조",
    "linked representation": "자료구조",
    "연산자 우선순위": "자료구조",
    "오일러 경로": "자료구조",
    "Eulerian tour": "자료구조",
    "완전 이진트리": "자료구조",
    "external sorting": "자료구조",
    "요소": "자료구조",
    "element": "자료구조",
    "우선순위": "자료구조",
    "priority": "자료구조",
    "원형 연결 리스트": "자료구조",
    "circular linked list": "자료구조",
    "위상 순서": "자료구조",
    "topological order": "자료구조",
    "이동 폴딩": "자료구조",
    "shift folding": "자료구조",
    "이중 회전": "자료구조",
    "double rotation": "자료구조",
    "BST": "자료구조",
    "index": "자료구조",
    "인덱스 테이블": "자료구조",
    "interface": "자료구조",
    "자료 구조": "자료구조",
    "자손 노드": "자료구조",
    "descendent node": "자료구조",
    "자식 노드": "자료구조",
    "child node": "자료구조",
    "재귀 호출": "자료구조",
    "적재 비율": "자료구조",
    "loading factor": "자료구조",
    "전위": "자료구조",
    "prefix": "자료구조",
    "전위 순회": "자료구조",
    "정보은닉기법": "자료구조",
    "information hiding": "자료구조",
    "정적 메모리 할당": "자료구조",
    "static memory allocation": "자료구조",
    "조상 노드": "자료구조",
    "ancestor node": "자료구조",
    "주소": "자료구조",
    "address": "자료구조",
    "중위": "자료구조",
    "infix": "자료구조",
    "직접 접근": "자료구조",
    "direct access": "자료구조",
    "558    찾아보기": "자료구조",
    "minimum spanning tree": "자료구조",
    "Abstract Data Type": "자료구조",
    "ADT": "자료구조",
    "추상화": "자료구조",
    "abstraction": "자료구조",
    "큐잉이론": "자료구조",
    "queueing theory": "자료구조",
    "키를 가진 레코드": "자료구조",
    "keyed record": "자료구조",
    "search": "자료구조",
    "탐색-교환": "자료구조",
    "탐색 연산": "자료구조",
    "탐욕적인 방법": "자료구조",
    "greedy method": "자료구조",
    "트리의 차수": "자료구조",
    "파일 포인터": "자료구조",
    "file pointer": "자료구조",
    "포리스트": "자료구조",
    "forest": "자료구조",
    "포인터": "자료구조",
    "pointer": "자료구조",
    "포인터 연산": "자료구조",
    "포화": "자료구조",
    "full": "자료구조",
    "포화 이진트리": "자료구조",
    "표준 라이브러리 함수": "자료구조",
    "피보나치수열": "자료구조",
    "The Tower of Hanoi": "자료구조",
    "함수중복": "자료구조",
    "function overloading": "자료구조",
    "함수 포인터": "자료구조",
    "형제": "자료구조",
    "sibling": "자료구조",
    "활성 레코드": "자료구조",
    "후계자 노드": "자료구조",
    "후속 노드": "자료구조",
    "후위": "자료구조",
    "postfix": "자료구조",
    "희소 그래프": "자료구조",
    "sparse graph": "자료구조",
    "희소 다항식": "자료구조",
    "Sparse Polynomial": "자료구조",
    "Dijkstra의 최단 경로 알고리즘": "자료구조",
    "Floyd의 최단 경로 알고리즘": "자료구조",
    "qsort": "자료구조",
    "typedef 문": "자료구조",
    "Union-Find 연산": "자료구조",
    "1차원 배열": "자료구조",
    "2차원 배열": "자료구조",
    "602    찾아보기": "자료구조",
    "가변 길이 코드": "자료구조",
    "결합": "자료구조",
    "고정 길이 코드": "자료구조",
    "기억 공간": "자료구조",
    "다중 순환": "자료구조",
    "multiple recursion": "자료구조",
    "다형성": "자료구조",
    "polymorphism": "자료구조",
    "단말 노드": "자료구조",
    "동적 바인딩": "자료구조",
    "dynamic binding": "자료구조",
    "디폴트 매개변수": "자료구조",
    "default function parameter": "자료구조",
    "레퍼런스": "자료구조",
    "reference": "자료구조",
    "멤버 초기화 리스트": "자료구조",
    "member initialization list": "자료구조",
    "배열의 길이": "자료구조",
    "버켓": "자료구조",
    "벡터": "자료구조",
    "vector": "자료구조",
    "복사 생성자": "자료구조",
    "copy constructor": "자료구조",
    "부모 노드": "자료구조",
    "parent node": "자료구조",
    "분할-정복법": "자료구조",
    "비교 연산": "자료구조",
    "비연결 그래프": "자료구조",
    "big theta": "자료구조",
    "big omega": "자료구조",
    "빅오 표기법": "자료구조",
    "constructor": "자료구조",
    "서브트리": "자료구조",
    "선형 순환": "자료구조",
    "linear recursion": "자료구조",
    "소멸자": "자료구조",
    "destructor": "자료구조",
    "순차적 표현": "자료구조",
    "sequential representation": "자료구조",
    "순차 접근": "자료구조",
    "순환적": "자료구조",
    "recursive": "자료구조",
    "스레드 이진트리": "자료구조",
    "threaded binary tree": "자료구조",
    "시간 복잡도 함수": "자료구조",
    "604    찾아보기": "자료구조",
    "연결 리스트로 구현한 스택": "자료구조",
    "연결 화소 분석법": "자료구조",
    "connected component labelling": "자료구조",
    "연산자 오버로딩": "자료구조",
    "영역 채색": "자료구조",
    "blob coloring": "자료구조",
    "오버라이딩": "자료구조",
    "오버플로우": "자료구조",
    "이동 연산": "자료구조",
    "이진 순환": "자료구조",
    "binary recursion": "자료구조",
    "Binary Search Tree": "자료구조",
    "인터프리트 방식 언어": "자료구조",
    "일반화": "자료구조",
    "generic": "자료구조",
    "children node": "자료구조",
    "자체 참조 클래스": "자료구조",
    "self-referential class": "자료구조",
    "정보은닉": "자료구조",
    "정적 바인딩": "자료구조",
    "static binding": "자료구조",
    "제너릭": "자료구조",
    "조사": "자료구조",
    "probing": "자료구조",
    "주사선 알고리즘": "자료구조",
    "scanline algorithm": "자료구조",
    "주요키": "자료구조",
    "primary key": "자료구조",
    "중간값": "자료구조",
    "median": "자료구조",
    "중위 선행자": "자료구조",
    "inorder predecessor": "자료구조",
    "중위 순회": "자료구조",
    "중위 후속자": "자료구조",
    "inorder successor": "자료구조",
    "exponent": "자료구조",
    "참조에 의한 호출": "자료구조",
    "call-by-reference": "자료구조",
    "최대 우선순위 큐": "자료구조",
    "최소 비용 신장 트리": "자료구조",
    "minimum spanning": "자료구조",
    "최소 우선순위 큐": "자료구조",
    "컴파일 방식 언어": "자료구조",
    "클래스 다이어그램": "자료구조",
    "템플릿": "자료구조",
    "template": "자료구조",
    "포인터 변수": "자료구조",
    "폴딩": "자료구조",
    "folding": "자료구조",
    "표준 템플릿 라이브러리": "자료구조",
    "Standard template Library": "자료구조",
    "함수 오버로딩": "자료구조",
    "함수 호출": "자료구조",
    "합병": "자료구조",
    "merge": "자료구조",
    "합병 정렬": "자료구조",
    "hashing": "자료구조",
    "허프만 코딩 트리": "자료구조",
    "형제 관계": "자료구조",
    "606    찾아보기": "자료구조",
    "후위 순회": "자료구조",
    "가비지 컬렉션": "자료구조",
    "Garbage Collection": "자료구조",
    "가중치": "자료구조",
    "Weighted": "자료구조",
    "Edge": "자료구조",
    "간선완화": "자료구조",
    "Edge Relaxation": "자료구조",
    "강연결성분": "자료구조",
    "Strongly Connected Component": "자료구조",
    "개방주소방식": "자료구조",
    "Open Addressing": "자료구조",
    "객체 생성자": "자료구조",
    "Constructor": "자료구조",
    "Decision Tree": "자료구조",
    "Path": "자료구조",
    "경로압축": "자료구조",
    "Path Compression": "자료구조",
    "경사이진트리": "자료구조",
    "계층적 클러스터링": "자료구조",
    "Hierarchical Clustering": "자료구조",
    "고유값": "자료구조",
    "Eigenvalu": "자료구조",
    "고유벡터": "자료구조",
    "Eigenvector": "자료구조",
    "고유벡터중심성": "자료구조",
    "Eigenvector Centrality": "자료구조",
    "곱셈": "자료구조",
    "Multiplicative": "자료구조",
    "함수": "자료구조",
    "공간복잡도": "자료구조",
    "Space Complexity": "자료구조",
    "괄호 짝 맞추기": "자료구조",
    "교차간선": "자료구조",
    "Cross Edge": "자료구조",
    "균등분포": "자료구조",
    "Uniform Distribution": "자료구조",
    "균형": "자료구조",
    "Balanced": "자료구조",
    "그리디": "자료구조",
    "Greedy": "자료구조",
    "근접중심성": "자료구조",
    "Closeness Centrality": "자료구조",
    "기본 연산": "자료구조",
    "Elementary Operation": "자료구조",
    "기수정렬": "자료구조",
    "Radix Sort": "자료구조",
    "깊이": "자료구조",
    "Depth": "자료구조",
    "깊이우선 신장트리": "자료구조",
    "Depth First Spanning Tree": "자료구조",
    "나눗셈": "자료구조",
    "Division": "자료구조",
    "내부": "자료구조",
    "Internal": "자료구조",
    "너비우선 신장트리": "자료구조",
    "Breadth First Spanning Tree": "자료구조",
    "높이": "자료구조",
    "Height": "자료구조",
    "다리간선": "자료구조",
    "다항식시간": "자료구조",
    "Polynomial Time": "자료구조",
    "단순경로": "자료구조",
    "Simple Path": "자료구조",
    "단순연결리스트": "자료구조",
    "Singly Linked List": "자료구조",
    "단절정점": "자료구조",
    "Articulation Point 또는 Cut Point": "자료구조",
    "데크": "자료구조",
    "Double-ended Queue": "자료구조",
    "Deque": "자료구조",
    "Synonym": "자료구조",
    "동적계획": "자료구조",
    "Dynamic Programming": "자료구조",
    "알고리": "자료구조",
    "동적해싱": "자료구조",
    "Dynamic Hashing": "자료구조",
    "뒷간선": "자료구조",
    "Back Edge": "자료구조",
    "디렉터리": "자료구조",
    "Directory": "자료구조",
    "랜덤섞기": "자료구조",
    "Random Shuffling": "자료구조",
    "랜덤조사": "자료구조",
    "Random Probing": "자료구조",
    "Run": "자료구조",
    "레드블랙트리": "자료구조",
    "Red-Black Tree": "자료구조",
    "Level": "자료구조",
    "레벨순회": "자료구조",
    "Levelorder Traversal": "자료구조",
    "로그": "자료구조",
    "대수": "자료구조",
    "Logarithmic Time": "자료구조",
    "로그선형시간": "자료구조",
    "Log-linear Time": "자료구조",
    "Root": "자료구조",
    "룩업테이블": "자료구조",
    "Lookup Table": "자료구조",
    "List": "자료구조",
    "매개중심성": "자료구조",
    "Method": "자료구조",
    "모든 쌍 최단경로": "자료구조",
    "All Pairs Shortest Paths": "자료구조",
    "무방향그래프": "자료구조",
    "Undirected Graph": "자료구조",
    "문제의 하한": "자료구조",
    "Lower Bound": "자료구조",
    "Iterative": "자료구조",
    "합병정렬": "자료구조",
    "반복문": "자료구조",
    "방향그래프": "자료구조",
    "Directed Graph": "자료구조",
    "Array": "자료구조",
    "Bucket": "자료구조",
    "병렬알고리즘": "자료구조",
    "Parallel Algorithm": "자료구조",
    "부모": "자료구조",
    "Parent": "자료구조",
    "부분그래프": "자료구조",
    "Subgraph": "자료구조",
    "분리": "자료구조",
    "Split": "자료구조",
    "연산": "자료구조",
    "분리 체이닝": "자료구조",
    "Separate Chaining": "자료구조",
    "불균형": "자료구조",
    "비교정렬": "자료구조",
    "Comparison Sort": "자료구조",
    "비 단말": "자료구조",
    "Non-Terminal": "자료구조",
    "뻐꾸기해싱": "자료구조",
    "Cuckoo Hashing": "자료구조",
    "Dictionary": "자료구조",
    "삽입정렬": "자료구조",
    "Insertion Sort": "자료구조",
    "상각분석": "자료구조",
    "Amortized Analysis": "자료구조",
    "상수시간": "자료구조",
    "Constant Time": "자료구조",
    "Upper Bound": "자료구조",
    "상향식 힙만들기": "자료구조",
    "Bottom-up Heap Construction": "자료구조",
    "서로소 집합": "자료구조",
    "Disjoint Set": "자료구조",
    "Subtree": "자료구조",
    "선입 선출": "자료구조",
    "선택정렬": "자료구조",
    "Selection Sort": "자료구조",
    "선형시간": "자료구조",
    "Linear Time": "자료구조",
    "선형조사": "자료구조",
    "Linear Probing": "자료구조",
    "선형해싱": "자료구조",
    "세제곱시간": "자료구조",
    "Cubic Time": "자료구조",
    "소셜네트워크 분석": "자료구조",
    "Social Network Analysis": "자료구조",
    "수행시간": "자료구조",
    "순차탐색": "자료구조",
    "Sequential Search": "자료구조",
    "Recursion": "자료구조",
    "Traversal": "자료구조",
    "Shell Sort": "자료구조",
    "Threaded Binary Tree": "자료구조",
    "Stack": "자료구조",
    "시간복잡도": "자료구조",
    "Time Complexity": "자료구조",
    "Spanning Tree": "자료구조",
    "싸이클": "자료구조",
    "Cycl": "자료구조",
    "안정한 정렬": "자료구조",
    "Stable Sort": "자료구조",
    "연결성분": "자료구조",
    "Connected Component": "자료구조",
    "연결중심": "자료구조",
    "연속자르기": "자료구조",
    "Cascading Cut": "자료구조",
    "Complete Binary Tree": "자료구조",
    "외부": "자료구조",
    "External": "자료구조",
    "외부정렬": "자료구조",
    "External Sor": "자료구조",
    "왼쪽자식–오른쪽형제": "자료구조",
    "Left Child-Right Sibling": "자료구조",
    "표현": "자료구조",
    "우선순위큐": "자료구조",
    "Priority Queue": "자료구조",
    "원형연결리스트": "자료구조",
    "Circular Linked List": "자료구조",
    "위상정렬": "자료구조",
    "Topological Sort": "자료구조",
    "융합해싱": "자료구조",
    "Coalesced Hashing": "자료구조",
    "음수싸이클": "자료구조",
    "Negative Cycle": "자료구조",
    "이동": "자료구조",
    "Transfer": "자료구조",
    "이중연결리스트": "자료구조",
    "Doubly Linked List": "자료구조",
    "이중연결성분": "자료구조",
    "Biconnected Component": "자료구조",
    "이중피벗퀵": "자료구조",
    "Dual Pivot Quick": "자료구조",
    "이중해싱": "자료구조",
    "Double Hashing": "자료구조",
    "이진탐색": "자료구조",
    "이진탐색트리 조건": "자료구조",
    "Binary Tree": "자료구조",
    "이진힙": "자료구조",
    "Binary Heap": "자료구조",
    "이차조사": "자료구조",
    "Quadratic Probing": "자료구조",
    "이파리": "자료구조",
    "Leaf": "자료구조",
    "이항": "자료구조",
    "Binomial": "자료구조",
    "인스턴스 변수": "자료구조",
    "인접리스트": "자료구조",
    "Adjacency List": "자료구조",
    "인접행렬": "자료구조",
    "Adjacency Matrix": "자료구조",
    "Data Structure": "자료구조",
    "자식": "자료구조",
    "Child": "자료구조",
    "재해시": "자료구조",
    "Rehash": "자료구조",
    "Rehashing": "자료구조",
    "적재율": "자료구조",
    "Load Factor": "자료구조",
    "Preorder Traversal": "자료구조",
    "전위표기법": "자료구조",
    "Prefix Notation": "자료구조",
    "점근표기법": "자료구조",
    "Asymptotic Notation": "자료구조",
    "점프 시퀀": "자료구조",
    "접기": "자료구조",
    "Folding": "자료구조",
    "접두어 속성": "자료구조",
    "Prefix Property": "자료구조",
    "Vertex": "자료구조",
    "제곱시간": "자료구조",
    "Quadratic Time": "자료구조",
    "조밀그래프": "자료구조",
    "Dense Graph": "자료구조",
    "조상": "자료구조",
    "Ancestor": "자료구조",
    "좌편향 레드블랙": "자료구조",
    "Left-Leaning Red-Black": "자료구조",
    "중간제곱": "자료구조",
    "Mid-square": "자료구조",
    "중심성": "자료구조",
    "Centrality": "자료구조",
    "Inorder Traversal": "자료구조",
    "중위표기법": "자료구조",
    "Infix Notation": "자료구조",
    "지수시간": "자료구조",
    "Exponential Time": "자료구조",
    "진입차수": "자료구조",
    "In-degree": "자료구조",
    "진출차수": "자료구조",
    "Out-degree": "자료구조",
    "Degree": "자료구조",
    "Chaining": "자료구조",
    "최대힙": "자료구조",
    "Maximum Heap": "자료구조",
    "최선경우 분석": "자료구조",
    "Best-case Analysis": "자료구조",
    "최소신장트리": "자료구조",
    "Minimum Spanning Tree": "자료구조",
    "최소힙": "자료구조",
    "Minimum Heap": "자료구조",
    "최악경우 분석": "자료구조",
    "Worst-case Analysis": "자료구조",
    "최적": "자료구조",
    "Optimal": "자료구조",
    "추상데이터타입": "자료구조",
    "Collision": "자료구조",
    "커뮤니티 찾기": "자료구조",
    "Community Detection": "자료구조",
    "퀵정렬": "자료구조",
    "Quick Sort": "자료구조",
    "Queue": "자료구조",
    "Key": "자료구조",
    "통합": "자료구조",
    "Fusion": "자료구조",
    "통합 연산": "자료구조",
    "패스": "자료구조",
    "Pass": "자료구조",
    "편향": "자료구조",
    "Skewed": "자료구조",
    "평균경우 분석": "자료구조",
    "Average-case Analysis": "자료구조",
    "폐쇄주소방식": "자료구조",
    "Closed Addressing": "자료구조",
    "Full Binary Tree": "자료구조",
    "피보나치": "자료구조",
    "Fibonacci": "자료구조",
    "Merge Sort": "자료구조",
    "해시값": "자료구조",
    "Hash value": "자료구조",
    "해시주": "자료구조",
    "해시테이블": "자료구조",
    "Hash Table": "자료구조",
    "해시함수": "자료구조",
    "Hash Function": "자료구조",
    "Hashing": "자료구조",
    "허프만": "자료구조",
    "Huffman": "자료구조",
    "Sibling": "자료구조",
    "확장해싱": "자료구조",
    "Palindrome": "자료구조",
    "후손": "자료구조",
    "Descendant": "자료구조",
    "Postorder Traversal": "자료구조",
    "후위표기법": "자료구조",
    "Postfix Notation": "자료구조",
    "희소그래프": "자료구조",
    "Sparse Graph": "자료구조",
    "힙속성": "자료구조",
    "Heap Property": "자료구조",
    "힙정렬": "자료구조",
    "Heap Sort": "자료구조",
    "Bellman-Ford 알고리즘": "자료구조",
    "Bottom-up 합병": "자료구조",
    "B-트리": "자료구조",
    "B*-트리": "자료구조",
    "Comparable": "자료구조",
    "Comparator": "자료구조",
    "downheap": "자료구조",
    "dummy": "자료구조",
    "find 연산": "자료구조",
    "Floyd-Warshall 알고리즘": "자료구조",
    "h-정렬": "자료구조",
    "h-sort": "자료구조",
    "import": "자료구조",
    "In-place 알고리즘": "자료구조",
    "Input Insensitive": "자료구조",
    "java.util": "자료구조",
    "Leftist 힙": "자료구조",
    "LL-회전": "자료구조",
    "LR-회전": "자료구조",
    "LSD": "자료구조",
    "Least Significant Digit": "자료구조",
    "Median-of-Three 방법": "자료구조",
    "MSD": "자료구조",
    "Most Significant Digit": "자료구조",
    "Big-Oh": "자료구조",
    "-표기법": "자료구조",
    "N2": "자료구조",
    "Nk": "자료구조",
    "Overflow": "자료구조",
    "prefix-free property": "자료구조",
    "RL-회전": "자료구조",
    "RL-회전연산": "자료구조",
    "RR-회전": "자료구조",
    "Skew 힙": "자료구조",
    "Tim sort": "자료구조",
    "Tukey": "자료구조",
    "Tukey’s Ninther": "자료구조",
    "union-by-ran": "자료구조",
    "union 연산": "자료구조",
    "upheap": "자료구조",
    "Theta": "자료구조",
    "Big-Omega": "자료구조",
    "1차 군집화": "자료구조",
    "Primary Clustering": "자료구조",
    "2-3-4 트리": "자료구조",
    "2-3 탐색트리": "자료구조",
    "2-3 트리": "자료구조",
    "2-노드": "자료구조",
    "2-방향 체이닝": "자료구조",
    "Two-way Chaining": "자료구조",
    "2차 군집화": "자료구조",
    "Secondary Clustering": "자료구조",
    "3-노드": "자료구조",
    "3차 군집화": "자료구조",
    "Tertiary Clustering": "자료구조",
    "간선 완화": "자료구조",
    "강 연결 성분": "자료구조",
    "개방 주소 방식": "자료구조",
    "경로 압축": "자료구조",
    "경사 이진 트리": "자료구조",
    "교차 간선": "자료구조",
    "균등 분포": "자료구조",
    "깊이 우선 신장 트리": "자료구조",
    "꼬리 순환": "자료구조",
    "Tail Recursion": "자료구조",
    "Internal Sort": "자료구조",
    "너비 우선 신장 트리": "자료구조",
    "다리 간선": "자료구조",
    "Bridge": "자료구조",
    "다항식 시간": "자료구조",
    "Terminal": "자료구조",
    "단절 정점": "자료구조",
    "동적 계획": "자료구조",
    "Dynamic Array": "자료구조",
    "랜덤 섞기": "자료구조",
    "랜덤 조사": "자료구조",
    "레드 블랙 트리": "자료구조",
    "Level-order Traversal": "자료구조",
    "모든 쌍 최단 경로": "자료구조",
    "반복 합병 정렬": "자료구조",
    "병렬 알고리즘": "자료구조",
    "비교 정렬": "자료구조",
    "Cycle": "자료구조",
    "상수 시간": "자료구조",
    "상향식 힙 만들기": "자료구조",
    "선형 시간": "자료구조",
    "선형 조사": "자료구조",
    "선형 해싱": "자료구조",
    "수행 시간": "자료구조",
    "스레드 이진 트리": "자료구조",
    "External Sort": "자료구조",
    "왼쪽 자식–오른쪽 형제": "자료구조",
    "이중 연결 성분": "자료구조",
    "이중 피벗 퀵": "자료구조",
    "이중 해싱": "자료구조",
    "Binary Search": "자료구조",
    "이진 탐색 트리 조건": "자료구조",
    "이진 힙": "자료구조",
    "이차 조사": "자료구조",
    "Instance Variable": "자료구조",
    "입력에 민감한": "자료구조",
    "Input Sensitive": "자료구조",
    "점근 표기법": "자료구조",
    "점프 시퀀스": "자료구조",
    "조밀 그래프": "자료구조",
    "중간 제곱": "자료구조",
    "추상 데이터 타입": "자료구조",
    "Class": "자료구조",
    "폐쇄 주소 방식": "자료구조",
    "Perfect Binary Tree": "자료구조",
    "해시 값": "자료구조",
    "확장 해싱": "자료구조",
    "힙 속성": "자료구조",
    "+-트리": "자료구조",
    "def": "자료구조",
    "filter": "자료구조",
    "Galloping 합병": "자료구조",
    "lambda": "자료구조",
    "LLRB 트리": "자료구조",
    "min_gallop": "자료구조",
    "nk": "자료구조",
    "ord": "자료구조",
    "reversed": "자료구조",
    "self": "자료구조",
    "Tim Sort": "자료구조",
    "간접참조 연산자": "자료구조",
    "개선된 순차 탐색": "자료구조",
    "공백 스택": "자료구조",
    "empty stack": "자료구조",
    "괄호 검사 문제": "자료구조",
    "구조체 태그": "자료구조",
    "tag": "자료구조",
    "그래프 추상 데이터 타입": "자료구조",
    "tail recursion": "자료구조",
    "descending": "자료구조",
    "널 포인터": "자료구조",
    "데이터베이스 인덱싱": "자료구조",
    "덱의 추상 자료형": "자료구조",
    "dynamic memory": "자료구조",
    "allocation": "자료구조",
    "동적 배열 스택": "자료구조",
    "디렉토리 용량 계산": "자료구조",
    "리스트 ADT": "자료구조",
    "리스트의 순차적 표현": "자료구조",
    "sequential": "자료구조",
    "representation": "자료구조",
    "머리 순환": "자료구조",
    "head recursion": "자료구조",
    "머쉰 스케줄링": "자료구조",
    "machine schedling": "자료구조",
    "멤버연산자": "자료구조",
    "미로 문제": "자료구조",
    "maze solving problem": "자료구조",
    "반복적 순회": "자료구조",
    "반복적인 탐색연산": "자료구조",
    "기법": "자료구조",
    "unconnected graph": "자료구조",
    "순차 탐색의 시간 복잡도": "자료구조",
    "순환적인 탐색연산": "자료구조",
    "쉘 정렬": "자료구조",
    "심볼 테이블": "자료구조",
    "알고리즘 복잡도 분석": "자료구조",
    "572   찾아보기": "자료구조",
    "오일러": "자료구조",
    "Euler": "자료구조",
    "원형큐": "자료구조",
    "의사 코드": "자료구조",
    "binary search tree": "자료구조",
    "이진 탐색 트리에서 삭제 연산": "자료구조",
    "이진 탐색 트리에서 삽입연산": "자료구조",
    "자기 참조 구조체": "자료구조",
    "자료형": "자료구조",
    "data type": "자료구조",
    "작업 스케줄링": "자료구조",
    "preorder traversal": "자료구조",
    "전치": "자료구조",
    "정렬 알고리즘의 비교": "자료구조",
    "주소 연산자": "자료구조",
    "중간 제곱 합수": "자료구조",
    "inorder traversal": "자료구조",
    "중위표기수식을 후위표기수식으로 변환": "자료구조",
    "체인": "자료구조",
    "chain": "자료구조",
    "최대 히프": "자료구조",
    "minimum": "자료구조",
    "최소 히프": "자료구조",
    "abstract data type": "자료구조",
    "추상 자료형 스택": "자료구조",
    "추상 자료형 큐": "자료구조",
    "피보나치 수열": "자료구조",
    "하노이 탑문제": "자료구조",
    "헤더 노드": "자료구조",
    "header node": "자료구조",
    "호너의 방법": "자료구조",
    "Horner’s method": "자료구조",
    "후손 노드": "자료구조",
    "postorder traversal": "자료구조",
    "후위 표기 수식의 계산": "자료구조",
    "희소행렬": "자료구조",
    "히프": "자료구조",
    "히프의 삭제 연산": "자료구조",
    "히프 정렬": "자료구조",
    "clock": "자료구조",
    "dequeue": "자료구조",
    "enqueue": "자료구조",
    "is_empty 연산": "자료구조",
    "is_full 연산": "자료구조",
    "Konigsberg의 다리": "자료구조",
    "LL 타입": "자료구조",
    "LPT": "자료구조",
    "longest processing time first": "자료구조",
    "LR 타입": "자료구조",
    "pop 연산": "자료구조",
    "push 연산": "자료구조",
    "qsort 함수": "자료구조",
    "RL 타입": "자료구조",
    "RR 타입": "자료구조",
    "time": "자료구조",
    "union-find 연산": "자료구조"
}