{
    "434 ❙시스템 & 어플리케이션 보안": "컴퓨터_보안",
    "ActiveX": "컴퓨터_보안",
    "addgroup 명령": "컴퓨터_보안",
    "adduser": "컴퓨터_보안",
    "Ajax": "컴퓨터_보안",
    "allow-same-origin 옵션": "컴퓨터_보안",
    "Apache": "컴퓨터_보안",
    "API": "컴퓨터_보안",
    "argv[]": "컴퓨터_보안",
    "atomic": "컴퓨터_보안",
    "Attacker": "컴퓨터_보안",
    "Base": "컴퓨터_보안",
    "bash 쉘": "컴퓨터_보안",
    "bash": "컴퓨터_보안",
    "bashdoor": "컴퓨터_보안",
    "BLOB": "컴퓨터_보안",
    "Binary Large Object": "컴퓨터_보안",
    "BSS": "컴퓨터_보안",
    "Cable Haunt": "컴퓨터_보안",
    "call 명령": "컴퓨터_보안",
    "CGI": "컴퓨터_보안",
    "Common Gateway Interface": "컴퓨터_보안",
    "chmod": "컴퓨터_보안",
    "chown 명령": "컴퓨터_보안",
    "close": "컴퓨터_보안",
    "fd": "컴퓨터_보안",
    "COW": "컴퓨터_보안",
    "Copy On Write": "컴퓨터_보안",
    "CPU 캐시": "컴퓨터_보안",
    "CREATE DATABASE": "컴퓨터_보안",
    "cURL": "컴퓨터_보안",
    "curl": "컴퓨터_보안",
    "dash": "컴퓨터_보안",
    "Dirty COW 취약점": "컴퓨터_보안",
    "document": "컴퓨터_보안",
    "DOM 트리": "컴퓨터_보안",
    "dumpcap": "컴퓨터_보안",
    "eax": "컴퓨터_보안",
    "ebp": "컴퓨터_보안",
    "ebp 레지스터": "컴퓨터_보안",
    "ebx": "컴퓨터_보안",
    "ecx": "컴퓨터_보안",
    "edit-profile": "컴퓨터_보안",
    "edit-profile 서비스": "컴퓨터_보안",
    "edx": "컴퓨터_보안",
    "Elgg": "컴퓨터_보안",
    "enter": "컴퓨터_보안",
    "envp[]": "컴퓨터_보안",
    "esp": "컴퓨터_보안",
    "exec": "컴퓨터_보안",
    "함수": "컴퓨터_보안",
    "execve": "컴퓨터_보안",
    "FastCGI": "컴퓨터_보안",
    "Filesystem API": "컴퓨터_보안",
    "Firefox": "컴퓨터_보안",
    "Flash Player": "컴퓨터_보안",
    "fork": "컴퓨터_보안",
    "시스템": "컴퓨터_보안",
    "gcc": "컴퓨터_보안",
    "gdb": "컴퓨터_보안",
    "GET": "컴퓨터_보안",
    "groups": "컴퓨터_보안",
    "GUID": "컴퓨터_보안",
    "Haunt": "컴퓨터_보안",
    "HTML": "컴퓨터_보안",
    "HTTP 쿠키": "컴퓨터_보안",
    "cookie": "컴퓨터_보안",
    "HTTP": "컴퓨터_보안",
    "Hypertext Transfer Protocol": "컴퓨터_보안",
    "HTTPS 프로토콜": "컴퓨터_보안",
    "HTTPS": "컴퓨터_보안",
    "Hypertext Transfer Protocol Secure": "컴퓨터_보안",
    "iframe": "컴퓨터_보안",
    "inline 프레임": "컴퓨터_보안",
    "찾아보기 ❙": "컴퓨터_보안",
    "INSERT INTO": "컴퓨터_보안",
    "IoT 장치": "컴퓨터_보안",
    "JavaScript 코드": "컴퓨터_보안",
    "KAISER": "컴퓨터_보안",
    "leave": "컴퓨터_보안",
    "Leavere": "컴퓨터_보안",
    "Meltdown": "컴퓨터_보안",
    "main": "컴퓨터_보안",
    "man system": "컴퓨터_보안",
    "man": "컴퓨터_보안",
    "McDonald": "컴퓨터_보안",
    "mmap": "컴퓨터_보안",
    "MYSHELL": "컴퓨터_보안",
    "MySQL 데이터베이스": "컴퓨터_보안",
    "nc": "컴퓨터_보안",
    "netcat": "컴퓨터_보안",
    "Nergal": "컴퓨터_보안",
    "neuralyzer": "컴퓨터_보안",
    "Nginx": "컴퓨터_보안",
    "nonce": "컴퓨터_보안",
    "NOP": "컴퓨터_보안",
    "NX 비트": "컴퓨터_보안",
    "open": "컴퓨터_보안",
    "passwd": "컴퓨터_보안",
    "PATH 환경 변수": "컴퓨터_보안",
    "PHP 스크립트": "컴퓨터_보안",
    "ping 프로그램": "컴퓨터_보안",
    "POSIX 기능": "컴퓨터_보안",
    "POST": "컴퓨터_보안",
    "preload": "컴퓨터_보안",
    "Prepared Statement": "컴퓨터_보안",
    "printf": "컴퓨터_보안",
    "profile": "컴퓨터_보안",
    "PWD": "컴퓨터_보안",
    "QR 코드": "컴퓨터_보안",
    "quine": "컴퓨터_보안",
    "referer 헤더": "컴퓨터_보안",
    "return-to-libc 공격": "컴퓨터_보안",
    "return-to-libc 기술": "컴퓨터_보안",
    "ROPgadget": "컴퓨터_보안",
    "run 명령": "컴퓨터_보안",
    "rwx": "컴퓨터_보안",
    "Spectre": "컴퓨터_보안",
    "SQL 주입": "컴퓨터_보안",
    "SameSite": "컴퓨터_보안",
    "Samy 웜": "컴퓨터_보안",
    "sandbox": "컴퓨터_보안",
    "SELECT": "컴퓨터_보안",
    "Server": "컴퓨터_보안",
    "seteuid": "컴퓨터_보안",
    "Set-GID": "컴퓨터_보안",
    "Set-UID 메커니즘": "컴퓨터_보안",
    "setuid": "컴퓨터_보안",
    "Set-UID": "컴퓨터_보안",
    "shadow 파일": "컴퓨터_보안",
    "Shellshock 버그": "컴퓨터_보안",
    "Shellshock 취약점": "컴퓨터_보안",
    "Shellshock": "컴퓨터_보안",
    "SIGSEGV 신호": "컴퓨터_보안",
    "Spectre 공격": "컴퓨터_보안",
    "Spectre 취약점": "컴퓨터_보안",
    "Spectre-class 결함": "컴퓨터_보안",
    "Spectre-NG": "컴퓨터_보안",
    "SQL 조회": "컴퓨터_보안",
    "436 ❙시스템 & 어플리케이션 보안": "컴퓨터_보안",
    "SQL 주입 공격": "컴퓨터_보안",
    "SQL": "컴퓨터_보안",
    "Structured Query Language": "컴퓨터_보안",
    "StackGuard": "컴퓨터_보안",
    "Stackshield": "컴퓨터_보안",
    "stagefright": "컴퓨터_보안",
    "stdarg 매크로": "컴퓨터_보안",
    "sticky simlink": "컴퓨터_보안",
    "su 명령": "컴퓨터_보안",
    "su 프로그램": "컴퓨터_보안",
    "sudo 명령": "컴퓨터_보안",
    "system": "컴퓨터_보안",
    "TCP 연결": "컴퓨터_보안",
    "try/catch": "컴퓨터_보안",
    "umask 값": "컴퓨터_보안",
    "UPDATE 문": "컴퓨터_보안",
    "URI": "컴퓨터_보안",
    "Uniform Resource Identifier": "컴퓨터_보안",
    "URL 인코딩": "컴퓨터_보안",
    "useradd": "컴퓨터_보안",
    "usermod": "컴퓨터_보안",
    "va_list 포인터": "컴퓨터_보안",
    "va_start": "컴퓨터_보안",
    "매크로": "컴퓨터_보안",
    "WebSocket": "컴퓨터_보안",
    "WHERE": "컴퓨터_보안",
    "Wireshark": "컴퓨터_보안",
    "write 스레드": "컴퓨터_보안",
    "ws": "컴퓨터_보안",
    "wss": "컴퓨터_보안",
    "WebSocket Secure": "컴퓨터_보안",
    "X-Frame-Options": "컴퓨터_보안",
    "XMLHttpRequest": "컴퓨터_보안",
    "XSS 공격": "컴퓨터_보안",
    "XSS 웜": "컴퓨터_보안",
    "/etc/passwd": "컴퓨터_보안",
    "/etc/shadow": "컴퓨터_보안",
    "/etc/sudoers": "컴퓨터_보안",
    "가드": "컴퓨터_보안",
    "guard": "컴퓨터_보안",
    "가상 호스트": "컴퓨터_보안",
    "가젯": "컴퓨터_보안",
    "gadget": "컴퓨터_보안",
    "경쟁 조건": "컴퓨터_보안",
    "race condition": "컴퓨터_보안",
    "공개 키": "컴퓨터_보안",
    "공유 라이브러리": "컴퓨터_보안",
    "shared libaries": "컴퓨터_보안",
    "교차 사이트 스크립팅 공격": "컴퓨터_보안",
    "교차 사이트 스크립팅": "컴퓨터_보안",
    "교차-출처 자원 공유": "컴퓨터_보안",
    "구문 분석기": "컴퓨터_보안",
    "parser": "컴퓨터_보안",
    "구문": "컴퓨터_보안",
    "syntax": "컴퓨터_보안",
    "그룹 ID": "컴퓨터_보안",
    "group": "컴퓨터_보안",
    "기능": "컴퓨터_보안",
    "기능성": "컴퓨터_보안",
    "functionality": "컴퓨터_보안",
    "꺼짐": "컴퓨터_보안",
    "off": "컴퓨터_보안",
    "꺼짐-후-뜨거운 상태": "컴퓨터_보안",
    "off-and-hot": "컴퓨터_보안",
    "꺼짐-후-차가운 상태": "컴퓨터_보안",
    "off-and-cool": "컴퓨터_보안",
    "내보내기": "컴퓨터_보안",
    "export": "컴퓨터_보안",
    "데몬": "컴퓨터_보안",
    "daemon": "컴퓨터_보안",
    "동시성": "컴퓨터_보안",
    "concurrent": "컴퓨터_보안",
    "동일 출처 정책": "컴퓨터_보안",
    "same origin policy": "컴퓨터_보안",
    "동일-사이트 요청": "컴퓨터_보안",
    "same-site request": "컴퓨터_보안",
    "디스어셈블러인": "컴퓨터_보안",
    "라이브러리": "컴퓨터_보안",
    "Library": "컴퓨터_보안",
    "라이크재킹": "컴퓨터_보안",
    "likejacking": "컴퓨터_보안",
    "래퍼": "컴퓨터_보안",
    "wrapper": "컴퓨터_보안",
    "레인보우 테이블": "컴퓨터_보안",
    "로더": "컴퓨터_보안",
    "loader": "컴퓨터_보안",
    "로케일": "컴퓨터_보안",
    "locale": "컴퓨터_보안",
    "루트": "컴퓨터_보안",
    "root": "컴퓨터_보안",
    "리버스 쉘": "컴퓨터_보안",
    "reverse shell": "컴퓨터_보안",
    "링커": "컴퓨터_보안",
    "Linker": "컴퓨터_보안",
    "마이크로소프트 IIS": "컴퓨터_보안",
    "매개변수": "컴퓨터_보안",
    "parameter": "컴퓨터_보안",
    "메모리 매핑": "컴퓨터_보안",
    "메타데이터": "컴퓨터_보안",
    "metadata": "컴퓨터_보안",
    "문서 객체 모델": "컴퓨터_보안",
    "DOM": "컴퓨터_보안",
    "Document Object Model": "컴퓨터_보안",
    "문자열 취약점": "컴퓨터_보안",
    "format string vulnerability": "컴퓨터_보안",
    "바이트 순서": "컴퓨터_보안",
    "반환 주소": "컴퓨터_보안",
    "반환 지향 프로그래밍": "컴퓨터_보안",
    "버퍼 오버플로우 공격": "컴퓨터_보안",
    "버퍼 오버플로우": "컴퓨터_보안",
    "불투명도": "컴퓨터_보안",
    "브라우저": "컴퓨터_보안",
    "browser": "컴퓨터_보안",
    "비밀 토큰": "컴퓨터_보안",
    "secret token": "컴퓨터_보안",
    "비순차적 명령어 실행": "컴퓨터_보안",
    "비-지속": "컴퓨터_보안",
    "non-persistent": "컴퓨터_보안",
    "사용자 ID": "컴퓨터_보안",
    "사용자 입력": "컴퓨터_보안",
    "사용자": "컴퓨터_보안",
    "user": "컴퓨터_보안",
    "사이드 채널 공격": "컴퓨터_보안",
    "side channel attack": "컴퓨터_보안",
    "사이드 채널 기술": "컴퓨터_보안",
    "사이드 채널": "컴퓨터_보안",
    "side channel": "컴퓨터_보안",
    "사이트 간 요청 위조": "컴퓨터_보안",
    "CSRF": "컴퓨터_보안",
    "Cross-Site Request Forgery": "컴퓨터_보안",
    "사이트 간 요청": "컴퓨터_보안",
    "cross-site request": "컴퓨터_보안",
    "사전": "컴퓨터_보안",
    "dictionary": "컴퓨터_보안",
    "샌드박스": "컴퓨터_보안",
    "생체 인식": "컴퓨터_보안",
    "서비스 셋 식별자": "컴퓨터_보안",
    "서비스": "컴퓨터_보안",
    "service": "컴퓨터_보안",
    "세그멘트": "컴퓨터_보안",
    "segment": "컴퓨터_보안",
    "세션 쿠키": "컴퓨터_보안",
    "session cookie": "컴퓨터_보안",
    "세션": "컴퓨터_보안",
    "session": "컴퓨터_보안",
    "소유자": "컴퓨터_보안",
    "owner": "컴퓨터_보안",
    "솔트": "컴퓨터_보안",
    "salt": "컴퓨터_보안",
    "쉘 변수": "컴퓨터_보안",
    "쉘 프로그램": "컴퓨터_보안",
    "쉘 프로세스": "컴퓨터_보안",
    "쉘 프롬프트": "컴퓨터_보안",
    "쉘코드": "컴퓨터_보안",
    "shellcode": "컴퓨터_보안",
    "슈퍼맨": "컴퓨터_보안",
    "superman": "컴퓨터_보안",
    "슈퍼유저": "컴퓨터_보안",
    "superuser": "컴퓨터_보안",
    "스택 포인터": "컴퓨터_보안",
    "스택 프레임": "컴퓨터_보안",
    "스프레잉": "컴퓨터_보안",
    "spraying": "컴퓨터_보안",
    "시프트": "컴퓨터_보안",
    "이동": "컴퓨터_보안",
    "실제": "컴퓨터_보안",
    "real": "컴퓨터_보안",
    "실행 불가능 스택": "컴퓨터_보안",
    "액티브": "컴퓨터_보안",
    "active": "컴퓨터_보안",
    "콘텐츠": "컴퓨터_보안",
    "에필로그": "컴퓨터_보안",
    "epilogue": "컴퓨터_보안",
    "엔트로피": "컴퓨터_보안",
    "entropy": "컴퓨터_보안",
    "오브젝트 코드": "컴퓨터_보안",
    "외부 프로그램": "컴퓨터_보안",
    "External program": "컴퓨터_보안",
    "웹 응용 프로그램": "컴퓨터_보안",
    "web": "컴퓨터_보안",
    "구조": "컴퓨터_보안",
    "유효": "컴퓨터_보안",
    "effective": "컴퓨터_보안",
    "이식성": "컴퓨터_보안",
    "portability": "컴퓨터_보안",
    "이전 프레임 포인터": "컴퓨터_보안",
    "인보크": "컴퓨터_보안",
    "invoke": "컴퓨터_보안",
    "인수": "컴퓨터_보안",
    "argument": "컴퓨터_보안",
    "인증": "컴퓨터_보안",
    "인터럽트 핸들러": "컴퓨터_보안",
    "자가 복제 프로그램": "컴퓨터_보안",
    "자격 유출": "컴퓨터_보안",
    "capability leaking": "컴퓨터_보안",
    "자리 표시자": "컴퓨터_보안",
    "placeholder": "컴퓨터_보안",
    "자바 애플릿": "컴퓨터_보안",
    "Java applet": "컴퓨터_보안",
    "자바스크립트": "컴퓨터_보안",
    "JavaScript": "컴퓨터_보안",
    "438 ❙시스템 & 어플리케이션 보안": "컴퓨터_보안",
    "자사 쿠키": "컴퓨터_보안",
    "first-party cookie": "컴퓨터_보안",
    "자체 전파": "컴퓨터_보안",
    "self-propagation": "컴퓨터_보안",
    "재지정 연산자": "컴퓨터_보안",
    "재지정": "컴퓨터_보안",
    "redirect": "컴퓨터_보안",
    "전역": "컴퓨터_보안",
    "global": "컴퓨터_보안",
    "변수": "컴퓨터_보안",
    "접근 제어 목록": "컴퓨터_보안",
    "접근 제어": "컴퓨터_보안",
    "접근": "컴퓨터_보안",
    "제3자 쿠키": "컴퓨터_보안",
    "third-party cookie": "컴퓨터_보안",
    "주소 공간 배치 랜덤화": "컴퓨터_보안",
    "주소 랜덤화": "컴퓨터_보안",
    "주소": "컴퓨터_보안",
    "주체": "컴퓨터_보안",
    "subject": "컴퓨터_보안",
    "지속": "컴퓨터_보안",
    "persistent": "컴퓨터_보안",
    "지역 변수": "컴퓨터_보안",
    "최소 특권 원칙": "컴퓨터_보안",
    "추상 지시기": "컴퓨터_보안",
    "충돌": "컴퓨터_보안",
    "crash": "컴퓨터_보안",
    "친구-추가 서비스": "컴퓨터_보안",
    "카나리": "컴퓨터_보안",
    "canary": "컴퓨터_보안",
    "케스캐이딩 스타일 시트": "컴퓨터_보안",
    "켜짐": "컴퓨터_보안",
    "on": "컴퓨터_보안",
    "코드 주입": "컴퓨터_보안",
    "콘텐츠 보안 정책": "컴퓨터_보안",
    "클릭재킹": "컴퓨터_보안",
    "Clickjacking": "컴퓨터_보안",
    "텍스트 세그멘트": "컴퓨터_보안",
    "특권 프로그램": "컴퓨터_보안",
    "privileged program": "컴퓨터_보안",
    "특권": "컴퓨터_보안",
    "privilege": "컴퓨터_보안",
    "프레임 버스터": "컴퓨터_보안",
    "프레임 킬러": "컴퓨터_보안",
    "파일 설명자": "컴퓨터_보안",
    "파일 테이블": "컴퓨터_보안",
    "pop": "컴퓨터_보안",
    "패스워드 인증": "컴퓨터_보안",
    "패스워드 파일": "컴퓨터_보안",
    "패킷 스니핑 코드": "컴퓨터_보안",
    "표준 libc": "컴퓨터_보안",
    "푸시": "컴퓨터_보안",
    "push": "컴퓨터_보안",
    "프레임 포인터": "컴퓨터_보안",
    "프로세스 간 호출": "컴퓨터_보안",
    "프로시저 링크 테이블": "컴퓨터_보안",
    "프롤로그": "컴퓨터_보안",
    "prologue": "컴퓨터_보안",
    "pin": "컴퓨터_보안",
    "핵심": "컴퓨터_보안",
    "core": "컴퓨터_보안",
    "허가 권한": "컴퓨터_보안",
    "permission": "컴퓨터_보안",
    "허가": "컴퓨터_보안",
    "형식 문자열 취약점": "컴퓨터_보안",
    "형식 문자열": "컴퓨터_보안",
    "format string": "컴퓨터_보안",
    "형식 지정자": "컴퓨터_보안",
    "format specifiers": "컴퓨터_보안",
    "확인 시간에서 사용 시간": "컴퓨터_보안",
    "확장": "컴퓨터_보안",
    "extension": "컴퓨터_보안",
    "환경 변수": "컴퓨터_보안",
    "heap": "컴퓨터_보안",
    "488 ❙ 네트워크 보안": "컴퓨터_보안",
    "host Address": "컴퓨터_보안",
    "RR": "컴퓨터_보안",
    "aa 플래그": "컴퓨터_보안",
    "Accept 큐": "컴퓨터_보안",
    "ACK 패킷": "컴퓨터_보안",
    "Alert 프로토콜": "컴퓨터_보안",
    "Application 프로토콜": "컴퓨터_보안",
    "ARP 메시지": "컴퓨터_보안",
    "arp 명령": "컴퓨터_보안",
    "ARP 캐시 감염 공격": "컴퓨터_보안",
    "ARP": "컴퓨터_보안",
    "Address Resolution Protocol": "컴퓨터_보안",
    "AS 경로": "컴퓨터_보안",
    "Baofeng": "컴퓨터_보안",
    "Base58 인코딩 테이블": "컴퓨터_보안",
    "Base58Check": "컴퓨터_보안",
    "Bash 쉘": "컴퓨터_보안",
    "bash 프로그램": "컴퓨터_보안",
    "BGP UPDATE": "컴퓨터_보안",
    "BGP 라우팅 테이블": "컴퓨터_보안",
    "BGP 메시지": "컴퓨터_보안",
    "BGP 스피커": "컴퓨터_보안",
    "speaker": "컴퓨터_보안",
    "BGP 커뮤니티 표준": "컴퓨터_보안",
    "BGP 커뮤니티": "컴퓨터_보안",
    "BGP 하이재킹": "컴퓨터_보안",
    "BGP": "컴퓨터_보안",
    "Border Gateway Protocol": "컴퓨터_보안",
    "BIND": "컴퓨터_보안",
    "BIND 이름 서버": "컴퓨터_보안",
    "Berkeley Internet Name Domain": "컴퓨터_보안",
    "BIRD": "컴퓨터_보안",
    "Internet Routing Daemon": "컴퓨터_보안",
    "Bitcoin Wiki": "컴퓨터_보안",
    "Bitmain": "컴퓨터_보안",
    "BPF": "컴퓨터_보안",
    "Berkeley Packet Filter": "컴퓨터_보안",
    "BSD 패킷 필터": "컴퓨터_보안",
    "call back": "컴퓨터_보안",
    "callback handler": "컴퓨터_보안",
    "cat 명령": "컴퓨터_보안",
    "Change Cipher Spec 프로토콜": "컴퓨터_보안",
    "CIDR": "컴퓨터_보안",
    "Classless Inter-Domain Routing": "컴퓨터_보안",
    "clean-slate DNS 조회": "컴퓨터_보안",
    "clean-slate DNS": "컴퓨터_보안",
    "Compose 파일": "컴퓨터_보안",
    "Compose": "컴퓨터_보안",
    "conntrack 모듈": "컴퓨터_보안",
    "device protocol": "컴퓨터_보안",
    "DHCP": "컴퓨터_보안",
    "Dynamic Host Configuration Protocol": "컴퓨터_보안",
    "dig 명령": "컴퓨터_보안",
    "dig": "컴퓨터_보안",
    "direct 프로토콜": "컴퓨터_보안",
    "DMA": "컴퓨터_보안",
    "Direct Memory Access": "컴퓨터_보안",
    "dmesg": "컴퓨터_보안",
    "DNAT": "컴퓨터_보안",
    "Destination NAT": "컴퓨터_보안",
    "DNS Rebinding 공격": "컴퓨터_보안",
    "DNS 루트 서버": "컴퓨터_보안",
    "DNS 변환기": "컴퓨터_보안",
    "DNS 보안": "컴퓨터_보안",
    "DNS 스푸핑 공격": "컴퓨터_보안",
    "DNS 응답": "컴퓨터_보안",
    "DNS 조회": "컴퓨터_보안",
    "query": "컴퓨터_보안",
    "DNS 캐시 감염 공격": "컴퓨터_보안",
    "DNS 캐시": "컴퓨터_보안",
    "DNS 패킷 형식": "컴퓨터_보안",
    "DNS 프로토콜": "컴퓨터_보안",
    "DNS 헤더": "컴퓨터_보안",
    "DNS": "컴퓨터_보안",
    "Domain Name System": "컴퓨터_보안",
    "DNSPod": "컴퓨터_보안",
    "DNSQR": "컴퓨터_보안",
    "DNSRR": "컴퓨터_보안",
    "DNSSEC 프로토콜": "컴퓨터_보안",
    "DNSSEC": "컴퓨터_보안",
    "Domain Name System Security Extensions": "컴퓨터_보안",
    "Do not fragment": "컴퓨터_보안",
    "Docker Compose": "컴퓨터_보안",
    "Docker 컨테이너": "컴퓨터_보안",
    "Docker": "컴퓨터_보안",
    "DOS 공격": "컴퓨터_보안",
    "DS 레코드": "컴퓨터_보안",
    "DTLS": "컴퓨터_보안",
    "Datagram Transport Layer Security": "컴퓨터_보안",
    "EBGP": "컴퓨터_보안",
    "External BGP": "컴퓨터_보안",
    "edu 영역": "컴퓨터_보안",
    "ESTABLISHED TCP 연결": "컴퓨터_보안",
    "eth1 인터페이스": "컴퓨터_보안",
    "Ether": "컴퓨터_보안",
    "filter 표": "컴퓨터_보안",
    "FIN 패킷": "컴퓨터_보안",
    "Flask": "컴퓨터_보안",
    "시스템 호출": "컴퓨터_보안",
    "Fraggle 공격": "컴퓨터_보안",
    "Google Public DNS": "컴퓨터_보안",
    "Handshake 프로토콜": "컴퓨터_보안",
    "heartbeat 요청 패킷": "컴퓨터_보안",
    "heartbeat 패킷": "컴퓨터_보안",
    "Heartbeat 프로토콜": "컴퓨터_보안",
    "Heartbleed 공격": "컴퓨터_보안",
    "Heartbleed 버그": "컴퓨터_보안",
    "Heartbleed 취약점": "컴퓨터_보안",
    "host 모드": "컴퓨터_보안",
    "hostname": "컴퓨터_보안",
    "htons": "컴퓨터_보안",
    "HTTP 프록시": "컴퓨터_보안",
    "IANA": "컴퓨터_보안",
    "Internet Assigned Numbers Authority": "컴퓨터_보안",
    "IBGP": "컴퓨터_보안",
    "Internal BGP": "컴퓨터_보안",
    "ICMP": "컴퓨터_보안",
    "ICMP destination unreachable": "컴퓨터_보안",
    "ICMP Time Exceeded": "컴퓨터_보안",
    "ICMP 에코 요청": "컴퓨터_보안",
    "ICMP 연결": "컴퓨터_보안",
    "ICMP 응답 패킷": "컴퓨터_보안",
    "ICMP 재지정 메시지": "컴퓨터_보안",
    "ICMP 재지정": "컴퓨터_보안",
    "메시지": "컴퓨터_보안",
    "Internet Control Message Protocol": "컴퓨터_보안",
    "IETF": "컴퓨터_보안",
    "Internet Engineering Task Force": "컴퓨터_보안",
    "ifconfig": "컴퓨터_보안",
    "IGP": "컴퓨터_보안",
    "Interior Gateway Protocol": "컴퓨터_보안",
    "in-addr.arpa 영역": "컴퓨터_보안",
    "incomplete": "컴퓨터_보안",
    "INPUT 체인": "컴퓨터_보안",
    "Internet": "컴퓨터_보안",
    "IoT 서버": "컴퓨터_보안",
    "IoT": "컴퓨터_보안",
    "Internet of-Thing": "컴퓨터_보안",
    "ip address": "컴퓨터_보안",
    "ip route": "컴퓨터_보안",
    "IP 단편화": "컴퓨터_보안",
    "IP 애니캐스트": "컴퓨터_보안",
    "IP 터널링": "컴퓨터_보안",
    "tunneling": "컴퓨터_보안",
    "IP 포워딩": "컴퓨터_보안",
    "IP 프리픽스 하이재킹": "컴퓨터_보안",
    "IP 프리픽스": "컴퓨터_보안",
    "IP 헤더": "컴퓨터_보안",
    "IPSec VPN": "컴퓨터_보안",
    "IPSec 터널링": "컴퓨터_보안",
    "IPSec": "컴퓨터_보안",
    "Internet Protocol Security": "컴퓨터_보안",
    "iptables 방화벽": "컴퓨터_보안",
    "iptables": "컴퓨터_보안",
    "IPv": "컴퓨터_보안",
    "IRR": "컴퓨터_보안",
    "Internet Routing Registry": "컴퓨터_보안",
    "ISP": "컴퓨터_보안",
    "인터넷 서비스 공급자": "컴퓨터_보안",
    "IX": "컴퓨터_보안",
    "Internet eXchanges": "컴퓨터_보안",
    "Kaminsky 공격": "컴퓨터_보안",
    "kernel 프로토콜": "컴퓨터_보안",
    "KSK": "컴퓨터_보안",
    "Key Signing Key": "컴퓨터_보안",
    "libpcap": "컴퓨터_보안",
    "490 ❙ 네트워크 보안": "컴퓨터_보안",
    "LISTEN 상태": "컴퓨터_보안",
    "Loadable Kernel Modules": "컴퓨터_보안",
    "LocalCommand": "컴퓨터_보안",
    "localhost": "컴퓨터_보안",
    "lscat 명령": "컴퓨터_보안",
    "MAC 주소": "컴퓨터_보안",
    "MAC": "컴퓨터_보안",
    "Medium Access Control": "컴퓨터_보안",
    "make 명령": "컴퓨터_보안",
    "mangle 표": "컴퓨터_보안",
    "MITM 공격": "컴퓨터_보안",
    "MITM": "컴퓨터_보안",
    "Man-In-The-Middle": "컴퓨터_보안",
    "공격": "컴퓨터_보안",
    "Mitnick 공격": "컴퓨터_보안",
    "More Fragments": "컴퓨터_보안",
    "mtr": "컴퓨터_보안",
    "traceroute": "컴퓨터_보안",
    "tracert": "컴퓨터_보안",
    "murf 공격": "컴퓨터_보안",
    "NAT 서버": "컴퓨터_보안",
    "NAT": "컴퓨터_보안",
    "net 영역": "컴퓨터_보안",
    "netcat/nc": "컴퓨터_보안",
    "netfilter 프레임워크": "컴퓨터_보안",
    "Netfilter": "컴퓨터_보안",
    "Netflix": "컴퓨터_보안",
    "netstat 명령": "컴퓨터_보안",
    "Netwox": "컴퓨터_보안",
    "NEXT_HOP": "컴퓨터_보안",
    "NS 레코드": "컴퓨터_보안",
    "NS": "컴퓨터_보안",
    "Name Server": "컴퓨터_보안",
    "ntohl": "컴퓨터_보안",
    "OpenSSH": "컴퓨터_보안",
    "OpenSSL": "컴퓨터_보안",
    "OpenVPN": "컴퓨터_보안",
    "OS 커널": "컴퓨터_보안",
    "OSPF 라우팅 프로토콜": "컴퓨터_보안",
    "OSPF": "컴퓨터_보안",
    "owner 모듈": "컴퓨터_보안",
    "P2MS": "컴퓨터_보안",
    "Pay-to-MultiSig": "컴퓨터_보안",
    "P2P": "컴퓨터_보안",
    "peer-to-peer": "컴퓨터_보안",
    "정책": "컴퓨터_보안",
    "P2PH": "컴퓨터_보안",
    "Pay-to-Pubkey-Hash": "컴퓨터_보안",
    "P2SH": "컴퓨터_보안",
    "Pay-to-ScriptHash": "컴퓨터_보안",
    "pcap API": "컴퓨터_보안",
    "pcap": "컴퓨터_보안",
    "packet capture": "컴퓨터_보안",
    "ping": "컴퓨터_보안",
    "Ping-of-Death 공격": "컴퓨터_보안",
    "pipe 프로토콜": "컴퓨터_보안",
    "PoP": "컴퓨터_보안",
    "Point of Presence": "컴퓨터_보안",
    "ProxyChains": "컴퓨터_보안",
    "qr 플래그": "컴퓨터_보안",
    "random 모드": "컴퓨터_보안",
    "rd 플래그": "컴퓨터_보안",
    "RemoteCommand": "컴퓨터_보안",
    "resolv.conf 파일": "컴퓨터_보안",
    "RIP": "컴퓨터_보안",
    "rm 명령": "컴퓨터_보안",
    "rndc dumpdb -cache": "컴퓨터_보안",
    "rndc flush": "컴퓨터_보안",
    "ROOT 영역": "컴퓨터_보안",
    "ROOT 이름 서버": "컴퓨터_보안",
    "RPKI": "컴퓨터_보안",
    "Resource Public Key Infrastructure": "컴퓨터_보안",
    "RRSIG": "컴퓨터_보안",
    "DNSKEY": "컴퓨터_보안",
    "rsh 서버": "컴퓨터_보안",
    "rsh": "컴퓨터_보안",
    "원격 쉘": "컴퓨터_보안",
    "rshd": "컴퓨터_보안",
    "remote shell server": "컴퓨터_보안",
    "RST 패킷": "컴퓨터_보안",
    "Scapy 모듈": "컴퓨터_보안",
    "Scapy": "컴퓨터_보안",
    "ScriptPubKey": "컴퓨터_보안",
    "SEED 가상 머신": "컴퓨터_보안",
    "shim 계층": "컴퓨터_보안",
    "smurf 공격": "컴퓨터_보안",
    "SNAT": "컴퓨터_보안",
    "Source Network Address Translation": "컴퓨터_보안",
    "sniff": "컴퓨터_보안",
    "SOA": "컴퓨터_보안",
    "Start Of Authority": "컴퓨터_보안",
    "SOCKS 프록시": "컴퓨터_보안",
    "SOCKS": "컴퓨터_보안",
    "Socket Secure": "컴퓨터_보안",
    "프로토콜": "컴퓨터_보안",
    "SOCKS5 프록시": "컴퓨터_보안",
    "SoftEther": "컴퓨터_보안",
    "SOP": "컴퓨터_보안",
    "Same Origin Policy": "컴퓨터_보안",
    "source op target": "컴퓨터_보안",
    "Squid": "컴퓨터_보안",
    "SSH": "컴퓨터_보안",
    "static 프로토콜": "컴퓨터_보안",
    "statistic 모듈": "컴퓨터_보안",
    "struct": "컴퓨터_보안",
    "Stub AS": "컴퓨터_보안",
    "stub 자율 시스템": "컴퓨터_보안",
    "sudo": "컴퓨터_보안",
    "SYN cookies": "컴퓨터_보안",
    "SYN 쿠키": "컴퓨터_보안",
    "cookies": "컴퓨터_보안",
    "SYN 큐": "컴퓨터_보안",
    "queue": "컴퓨터_보안",
    "SYN 패킷": "컴퓨터_보안",
    "SYN 플러딩": "컴퓨터_보안",
    "Flooding": "컴퓨터_보안",
    "SYN+ACK 패킷": "컴퓨터_보안",
    "TAP 인터페이스": "컴퓨터_보안",
    "TCP FIN 프로토콜": "컴퓨터_보안",
    "TCP SYN 플러딩 공격": "컴퓨터_보안",
    "TCP 리셋": "컴퓨터_보안",
    "reset": "컴퓨터_보안",
    "TCP 서버 프로그램": "컴퓨터_보안",
    "TCP 세그먼트": "컴퓨터_보안",
    "TCP 세션 하이재킹 공격": "컴퓨터_보안",
    "TCP 세션 하이재킹": "컴퓨터_보안",
    "TCP 세션": "컴퓨터_보안",
    "TCP 재전송": "컴퓨터_보안",
    "TCP": "컴퓨터_보안",
    "Transmission Control Protocol": "컴퓨터_보안",
    "tcpdump": "컴퓨터_보안",
    "Teardrop 공격": "컴퓨터_보안",
    "telnet": "컴퓨터_보안",
    "TLS 레코드": "컴퓨터_보안",
    "TLS/SSL heartbeat 확장": "컴퓨터_보안",
    "TLS/SSL heartbeat": "컴퓨터_보안",
    "TLS/SSL VPN": "컴퓨터_보안",
    "TLS/SSL 채널": "컴퓨터_보안",
    "TLS/SSL 터널링": "컴퓨터_보안",
    "TLS/SSL 프로토콜": "컴퓨터_보안",
    "TLS/SSL": "컴퓨터_보안",
    "top 명령": "컴퓨터_보안",
    "transit AS": "컴퓨터_보안",
    "TTL": "컴퓨터_보안",
    "Time to Live": "컴퓨터_보안",
    "TUN 인터페이스": "컴퓨터_보안",
    "TUN/TAP 인터페이스": "컴퓨터_보안",
    "tun0 인터페이스": "컴퓨터_보안",
    "UDP Ping Pong 공격": "컴퓨터_보안",
    "UDP Ping Pong": "컴퓨터_보안",
    "UDP 검사합": "컴퓨터_보안",
    "UDP 공격": "컴퓨터_보안",
    "UDP 서버": "컴퓨터_보안",
    "UDP 연결": "컴퓨터_보안",
    "UDP 증폭": "컴퓨터_보안",
    "UDP 클라이언트": "컴퓨터_보안",
    "UDP 패킷": "컴퓨터_보안",
    "UDP 프로토콜": "컴퓨터_보안",
    "UDP 헤더": "컴퓨터_보안",
    "header": "컴퓨터_보안",
    "UDP": "컴퓨터_보안",
    "User Datagram Protocol": "컴퓨터_보안",
    "UltraDNS": "컴퓨터_보안",
    "VirtualBox": "컴퓨터_보안",
    "VPN 서버": "컴퓨터_보안",
    "VPN 클라이언트": "컴퓨터_보안",
    "VPN": "컴퓨터_보안",
    "가상 사설망": "컴퓨터_보안",
    "VPN-바운드 IP 패킷": "컴퓨터_보안",
    "wget": "컴퓨터_보안",
    "WiFi 접속점": "컴퓨터_보안",
    "WinPcap": "컴퓨터_보안",
    "492 ❙ 네트워크 보안": "컴퓨터_보안",
    "X-Terminal": "컴퓨터_보안",
    "Xtables": "컴퓨터_보안",
    "YouTube": "컴퓨터_보안",
    "ZSK": "컴퓨터_보안",
    "Zone Signing Key": "컴퓨터_보안",
    ".COM 이름 서버": "컴퓨터_보안",
    "3-방향 핸드셰이크 프로토콜": "컴퓨터_보안",
    "가상 네트워크 어댑터": "컴퓨터_보안",
    "가상 네트워크 인터페이스": "컴퓨터_보안",
    "가상 브리지": "컴퓨터_보안",
    "가상": "컴퓨터_보안",
    "virtual": "컴퓨터_보안",
    "private": "컴퓨터_보안",
    "거래 퍼즐": "컴퓨터_보안",
    "거래": "컴퓨터_보안",
    "transaction": "컴퓨터_보안",
    "검사합": "컴퓨터_보안",
    "게이트웨이": "컴퓨터_보안",
    "gw": "컴퓨터_보안",
    "필드": "컴퓨터_보안",
    "경계 게이트웨이 프로토콜": "컴퓨터_보안",
    "경로 추적": "컴퓨터_보안",
    "경로 캐시": "컴퓨터_보안",
    "계층 2 VPN": "컴퓨터_보안",
    "계층 3 VPN": "컴퓨터_보안",
    "공개 키 기반구조": "컴퓨터_보안",
    "PKI": "컴퓨터_보안",
    "Public-Key Infrastructure": "컴퓨터_보안",
    "교차 연결": "컴퓨터_보안",
    "cross-connect": "컴퓨터_보안",
    "교환기": "컴퓨터_보안",
    "구성 프로토콜": "컴퓨터_보안",
    "국가 백본": "컴퓨터_보안",
    "국가 코드 최상위 도메인": "컴퓨터_보안",
    "국가 코드": "컴퓨터_보안",
    "country code": "컴퓨터_보안",
    "권한 레코드": "컴퓨터_보안",
    "권한 섹션": "컴퓨터_보안",
    "권한": "컴퓨터_보안",
    "authority": "컴퓨터_보안",
    "섹션": "컴퓨터_보안",
    "금고": "컴퓨터_보안",
    "safe": "컴퓨터_보안",
    "기록": "컴퓨터_보안",
    "log": "컴퓨터_보안",
    "기밀성": "컴퓨터_보안",
    "Confidentiality": "컴퓨터_보안",
    "긴급 포인터": "컴퓨터_보안",
    "나카모토 사토시": "컴퓨터_보안",
    "내부 BGP": "컴퓨터_보안",
    "내부 게이트웨이 프로토콜": "컴퓨터_보안",
    "내장형 방화벽 규칙": "컴퓨터_보안",
    "내장형 방화벽": "컴퓨터_보안",
    "네트워크 계층": "컴퓨터_보안",
    "네트워크 바이트 순서": "컴퓨터_보안",
    "네트워크 인터페이스 카": "컴퓨터_보안",
    "네트워크 인터페이스 카드": "컴퓨터_보안",
    "네트워크 주소 변환": "컴퓨터_보안",
    "네트워크 프리픽스": "컴퓨터_보안",
    "네트워크": "컴퓨터_보안",
    "networks": "컴퓨터_보안",
    "영역": "컴퓨터_보안",
    "넷마스크": "컴퓨터_보안",
    "netmask": "컴퓨터_보안",
    "느슨한": "컴퓨터_보안",
    "loose": "컴퓨터_보안",
    "모드": "컴퓨터_보안",
    "다중-홈": "컴퓨터_보안",
    "multi-homed": "컴퓨터_보안",
    "단편": "컴퓨터_보안",
    "fragment": "컴퓨터_보안",
    "단편화": "컴퓨터_보안",
    "fragmentation": "컴퓨터_보안",
    "답변 레코드": "컴퓨터_보안",
    "answer": "컴퓨터_보안",
    "대등": "컴퓨터_보안",
    "peer": "컴퓨터_보안",
    "대역폭 증폭 인자": "컴퓨터_보안",
    "더미 브리지": "컴퓨터_보안",
    "더미 인터페이스": "컴퓨터_보안",
    "더미": "컴퓨터_보안",
    "dummy": "컴퓨터_보안",
    "브리지": "컴퓨터_보안",
    "인터페이스": "컴퓨터_보안",
    "pile": "컴퓨터_보안",
    "데이터 링크 계층": "컴퓨터_보안",
    "데이터 필터링": "컴퓨터_보안",
    "도메인 등록기관": "컴퓨터_보안",
    "도메인 이름 서비스": "컴퓨터_보안",
    "도메인 이름": "컴퓨터_보안",
    "도메인": "컴퓨터_보안",
    "domain": "컴퓨터_보안",
    "도커": "컴퓨터_보안",
    "동적 포트 포워딩": "컴퓨터_보안",
    "동적 호스트 구성 프로토콜": "컴퓨터_보안",
    "동적": "컴퓨터_보안",
    "dynamic": "컴퓨터_보안",
    "두 번째-레벨 도메인": "컴퓨터_보안",
    "라우터": "컴퓨터_보안",
    "router": "컴퓨터_보안",
    "라우트 리플렉터": "컴퓨터_보안",
    "라우트 서버": "컴퓨터_보안",
    "라우팅 테이": "컴퓨터_보안",
    "라우팅 테이블": "컴퓨터_보안",
    "라우팅": "컴퓨터_보안",
    "경로지정": "컴퓨터_보안",
    "routing": "컴퓨터_보안",
    "레지스트리": "컴퓨터_보안",
    "레코드": "컴퓨터_보안",
    "record": "컴퓨터_보안",
    "계층": "컴퓨터_보안",
    "로컬 DNS 서버": "컴퓨터_보안",
    "루프백": "컴퓨터_보안",
    "loopback": "컴퓨터_보안",
    "리버스 SSH 터널링": "컴퓨터_보안",
    "리소스 레코드": "컴퓨터_보안",
    "resource record": "컴퓨터_보안",
    "리소스 인증": "컴퓨터_보안",
    "Resource Certification": "컴퓨터_보안",
    "리틀-엔디안": "컴퓨터_보안",
    "마스터 비밀": "컴퓨터_보안",
    "마스터": "컴퓨터_보안",
    "master": "컴퓨터_보안",
    "서버": "컴퓨터_보안",
    "멀티캐스트": "컴퓨터_보안",
    "멀티-홈 stub AS": "컴퓨터_보안",
    "메시지 가로채기": "컴퓨터_보안",
    "메시지 인증 코": "컴퓨터_보안",
    "메시지 인증 코드": "컴퓨터_보안",
    "모니터 모드": "컴퓨터_보안",
    "Monitor Mode": "컴퓨터_보안",
    "목적지 IP 주소": "컴퓨터_보안",
    "목적지 포트 번호": "컴퓨터_보안",
    "무결성": "컴퓨터_보안",
    "Integrity": "컴퓨터_보안",
    "무선 송수신기": "컴퓨터_보안",
    "무차별 모드": "컴퓨터_보안",
    "Promiscuous Mode": "컴퓨터_보안",
    "무차별": "컴퓨터_보안",
    "promiscuous": "컴퓨터_보안",
    "물리 계층": "컴퓨터_보안",
    "물리 브리지": "컴퓨터_보안",
    "바인딩": "컴퓨터_보안",
    "방향 제어": "컴퓨터_보안",
    "방화벽 규칙": "컴퓨터_보안",
    "방화벽 우회": "컴퓨터_보안",
    "방화벽 정책": "컴퓨터_보안",
    "방화벽": "컴퓨터_보안",
    "firewall": "컴퓨터_보안",
    "버전": "컴퓨터_보안",
    "변환기": "컴퓨터_보안",
    "resolver": "컴퓨터_보안",
    "보상": "컴퓨터_보안",
    "rewarding": "컴퓨터_보안",
    "복잡한 프로토콜의 연결": "컴퓨터_보안",
    "부모": "컴퓨터_보안",
    "parent": "컴퓨터_보안",
    "프로세스": "컴퓨터_보안",
    "분기": "컴퓨터_보안",
    "branching": "컴퓨터_보안",
    "브리징": "컴퓨터_보안",
    "bridging": "컴퓨터_보안",
    "블록체인": "컴퓨터_보안",
    "비디오 스트리밍 기술": "컴퓨터_보안",
    "비디오-스트리밍 패킷": "컴퓨터_보안",
    "비연결형": "컴퓨터_보안",
    "비트 골드": "컴퓨터_보안",
    "비트코인": "컴퓨터_보안",
    "소각": "컴퓨터_보안",
    "빅-엔디안": "컴퓨터_보안",
    "사용자 제어": "컴퓨터_보안",
    "사전-마스터 비밀": "컴퓨터_보안",
    "상대": "컴퓨터_보안",
    "relative": "컴퓨터_보안",
    "순서 번호": "컴퓨터_보안",
    "상태 방화벽": "컴퓨터_보안",
    "상태 없는": "컴퓨터_보안",
    "stateless": "컴퓨터_보안",
    "Stateless": "컴퓨터_보안",
    "상환": "컴퓨터_보안",
    "redeem": "컴퓨터_보안",
    "index": "컴퓨터_보안",
    "서버 팜": "컴퓨터_보안",
    "farm": "컴퓨터_보안",
    "494 ❙ 네트워크 보안": "컴퓨터_보안",
    "서비스 거부": "컴퓨터_보안",
    "DoS": "컴퓨터_보안",
    "서비스 유형": "컴퓨터_보안",
    "서비스 제어": "컴퓨터_보안",
    "services": "컴퓨터_보안",
    "서픽스": "컴퓨터_보안",
    "suffix": "컴퓨터_보안",
    "세션 키": "컴퓨터_보안",
    "소켓 유형": "컴퓨터_보안",
    "소켓 인터페이스": "컴퓨터_보안",
    "소켓 프로그램": "컴퓨터_보안",
    "소켓": "컴퓨터_보안",
    "socket": "컴퓨터_보안",
    "수신 버퍼": "컴퓨터_보안",
    "순환 중복 검사": "컴퓨터_보안",
    "스니프-앤-스푸프": "컴퓨터_보안",
    "스니핑 후 스푸핑": "컴퓨터_보안",
    "스마트 브리지": "컴퓨터_보안",
    "스마트": "컴퓨터_보안",
    "smart": "컴퓨터_보안",
    "슬레이브": "컴퓨터_보안",
    "slave": "컴퓨터_보안",
    "슬리이스": "컴퓨터_보안",
    "slice": "컴퓨터_보안",
    "신뢰 서버": "컴퓨터_보안",
    "신뢰 앵커": "컴퓨터_보안",
    "trust anchors": "컴퓨터_보안",
    "심볼릭 링크": "컴퓨터_보안",
    "싱글-홈": "컴퓨터_보안",
    "single-homed": "컴퓨터_보안",
    "stub AS": "컴퓨터_보안",
    "안전한 소켓 계층": "컴퓨터_보안",
    "애니캐스트": "컴퓨터_보안",
    "에코 요청": "컴퓨터_보안",
    "에코 응답": "컴퓨터_보안",
    "엔디안": "컴퓨터_보안",
    "endianness": "컴퓨터_보안",
    "역 경로 필터링": "컴퓨터_보안",
    "역방향 조회": "컴퓨터_보안",
    "연결 상태": "컴퓨터_보안",
    "연결 추적 시스템": "컴퓨터_보안",
    "연결 추적 프레임워크": "컴퓨터_보안",
    "열쇠": "컴퓨터_보안",
    "key": "컴퓨터_보안",
    "영역 서명": "컴퓨터_보안",
    "zone signing": "컴퓨터_보안",
    "zone": "컴퓨터_보안",
    "예약": "컴퓨터_보안",
    "옵셋": "컴퓨터_보안",
    "offset": "컴퓨터_보안",
    "옵션": "컴퓨터_보안",
    "외부 게이트웨이 프로토콜": "컴퓨터_보안",
    "원시 소켓": "컴퓨터_보안",
    "raw socket": "컴퓨터_보안",
    "원시": "컴퓨터_보안",
    "Raw": "컴퓨터_보안",
    "객체": "컴퓨터_보안",
    "raw": "컴퓨터_보안",
    "원장": "컴퓨터_보안",
    "ledger": "컴퓨터_보안",
    "유니캐스트": "컴퓨터_보안",
    "유입 필터링": "컴퓨터_보안",
    "유출 필터링": "컴퓨터_보안",
    "응답 섹션": "컴퓨터_보안",
    "응용 프로그램 방화벽": "컴퓨터_보안",
    "응용 프로그램 프록시 방화벽": "컴퓨터_보안",
    "응용 프로그램 프록시": "컴퓨터_보안",
    "proxy": "컴퓨터_보안",
    "의미없는": "컴퓨터_보안",
    "gratuitous": "컴퓨터_보안",
    "ARP 패킷": "컴퓨터_보안",
    "이더넷 주소": "컴퓨터_보안",
    "이더넷 프레임": "컴퓨터_보안",
    "이더넷": "컴퓨터_보안",
    "Ethernet": "컴퓨터_보안",
    "이더리움": "컴퓨터_보안",
    "Ethereum": "컴퓨터_보안",
    "이중 지출": "컴퓨터_보안",
    "double spending": "컴퓨터_보안",
    "익명화": "컴퓨터_보안",
    "anonymizing": "컴퓨터_보안",
    "프록시": "컴퓨터_보안",
    "인스턴스": "컴퓨터_보안",
    "instance": "컴퓨터_보안",
    "Authentication": "컴퓨터_보안",
    "인증된 데이터": "컴퓨터_보안",
    "인터넷 교환 노드": "컴퓨터_보안",
    "인터넷 교환": "컴퓨터_보안",
    "Internet exchange": "컴퓨터_보안",
    "인터넷 프로토콜": "컴퓨터_보안",
    "일반": "컴퓨터_보안",
    "generic": "컴퓨터_보안",
    "TLD": "컴퓨터_보안",
    "일치 확장": "컴퓨터_보안",
    "임시 포트": "컴퓨터_보안",
    "ephemeral port": "컴퓨터_보안",
    "자격 증명": "컴퓨터_보안",
    "credential": "컴퓨터_보안",
    "자식": "컴퓨터_보안",
    "child": "컴퓨터_보안",
    "자율 시스템 번호": "컴퓨터_보안",
    "자율 시스템": "컴퓨터_보안",
    "작업 증명": "컴퓨터_보안",
    "잔액": "컴퓨터_보안",
    "change": "컴퓨터_보안",
    "잘 알려진": "컴퓨터_보안",
    "well-known": "컴퓨터_보안",
    "포트 번호": "컴퓨터_보안",
    "잠금": "컴퓨터_보안",
    "locking": "컴퓨터_보안",
    "메커니즘": "컴퓨터_보안",
    "재전송": "컴퓨터_보안",
    "Retransmission": "컴퓨터_보안",
    "재조립": "컴퓨터_보안",
    "reassemble": "컴퓨터_보안",
    "전달": "컴퓨터_보안",
    "transit": "컴퓨터_보안",
    "전송 계층 보안": "컴퓨터_보안",
    "전송 계층 터널링": "컴퓨터_보안",
    "전송 계층": "컴퓨터_보안",
    "절반-개방 연결": "컴퓨터_보안",
    "절반-개방": "컴퓨터_보안",
    "half-open": "컴퓨터_보안",
    "연결": "컴퓨터_보안",
    "정적 포트 포워딩": "컴퓨터_보안",
    "주 백본": "컴퓨터_보안",
    "중간자": "컴퓨터_보안",
    "지갑": "컴퓨터_보안",
    "wallet": "컴퓨터_보안",
    "지리적 제한": "컴퓨터_보안",
    "지불자": "컴퓨터_보안",
    "payer": "컴퓨터_보안",
    "직접 메모리 액세스": "컴퓨터_보안",
    "진입": "컴퓨터_보안",
    "ingress": "컴퓨터_보안",
    "진출": "컴퓨터_보안",
    "egress": "컴퓨터_보안",
    "질문 레코드": "컴퓨터_보안",
    "question": "컴퓨터_보안",
    "창 크기": "컴퓨터_보안",
    "채굴": "컴퓨터_보안",
    "mining": "컴퓨터_보안",
    "채굴자": "컴퓨터_보안",
    "miner": "컴퓨터_보안",
    "체인": "컴퓨터_보안",
    "chain": "컴퓨터_보안",
    "초기 순서 번호": "컴퓨터_보안",
    "최상위 도메인": "컴퓨터_보안",
    "추가": "컴퓨터_보안",
    "additional": "컴퓨터_보안",
    "캐시 감염": "컴퓨터_보안",
    "캐시": "컴퓨터_보안",
    "cache": "컴퓨터_보안",
    "커널": "컴퓨터_보안",
    "컨테이너": "컴퓨터_보안",
    "코드 최상위 도메인": "컴퓨터_보안",
    "코인베이스 거래": "컴퓨터_보안",
    "콘텐츠 유형": "컴퓨터_보안",
    "키있는 해시": "컴퓨터_보안",
    "keyed hash": "컴퓨터_보안",
    "타겟 확장": "컴퓨터_보안",
    "터널 응용 프로그램": "컴퓨터_보안",
    "터널링 모드": "컴퓨터_보안",
    "Tunneling Mode": "컴퓨터_보안",
    "터널링": "컴퓨터_보안",
    "텔넷 세션": "컴퓨터_보안",
    "트래픽 재지정": "컴퓨터_보안",
    "트랜잭션 ID": "컴퓨터_보안",
    "틈새": "컴퓨터_보안",
    "slot": "컴퓨터_보안",
    "file descriptor": "컴퓨터_보안",
    "file table": "컴퓨터_보안",
    "패킷 스니퍼": "컴퓨터_보안",
    "패킷 스니핑": "컴퓨터_보안",
    "패킷 스푸핑": "컴퓨터_보안",
    "패킷 필터": "컴퓨터_보안",
    "패킷": "컴퓨터_보안",
    "packet": "컴퓨터_보안",
    "페이로드": "컴퓨터_보안",
    "payload": "컴퓨터_보안",
    "포크": "컴퓨터_보안",
    "포트 포워딩": "컴퓨터_보안",
    "폴링": "컴퓨터_보안",
    "polling": "컴퓨터_보안",
    "표준 클라이언트/서버 프로그래밍": "컴퓨터_보안",
    "프레임": "컴퓨터_보안",
    "frame": "컴퓨터_보안",
    "프리픽스 하이재킹": "컴퓨터_보안",
    "플래그 필드": "컴퓨터_보안",
    "피어링 세션": "컴퓨터_보안",
    "peering session": "컴퓨터_보안",
    "피어링": "컴퓨터_보안",
    "peering": "컴퓨터_보안",
    "하위 도메인": "컴퓨터_보안",
    "sub-domain": "컴퓨터_보안",
    "함수 중재 기술": "컴퓨터_보안",
    "합의": "컴퓨터_보안",
    "consensus": "컴퓨터_보안",
    "해시 파워": "컴퓨터_보안",
    "hash power": "컴퓨터_보안",
    "해저 케이블": "컴퓨터_보안",
    "헤더 길이": "컴퓨터_보안",
    "호스트 ID": "컴퓨터_보안",
    "확인 번호": "컴퓨터_보안",
    "confirmation number": "컴퓨터_보안",
    "확인": "컴퓨터_보안",
    "conformation": "컴퓨터_보안",
    "확인응답 번호": "컴퓨터_보안",
    "확인응답 패킷": "컴퓨터_보안",
    "후크 우선순위": "컴퓨터_보안",
    "후크 함수": "컴퓨터_보안",
    "후크": "컴퓨터_보안",
    "hook": "컴퓨터_보안",
    "휴먼 프록시": "컴퓨터_보안",
    "흐름 제어": "컴퓨터_보안"
}