{
    "2차곡선": "컴퓨터_그래픽",
    "곡면": "컴퓨터_그래픽",
    "2차광선": "컴퓨터_그래픽",
    "2차원그래픽스": "컴퓨터_그래픽",
    "3D Digitizer": "컴퓨터_그래픽",
    "3D Object Representation": "컴퓨터_그래픽",
    "3D Printer": "컴퓨터_그래픽",
    "3D Scanner": "컴퓨터_그래픽",
    "3D 디지타이저": "컴퓨터_그래픽",
    "3D 마우스": "컴퓨터_그래픽",
    "3D 스캐너": "컴퓨터_그래픽",
    "3D 좌표계": "컴퓨터_그래픽",
    "3D 프린터": "컴퓨터_그래픽",
    "3ds MAX": "컴퓨터_그래픽",
    "3차B-스플라인곡선": "컴퓨터_그래픽",
    "3차스플라인곡선": "컴퓨터_그래픽",
    "3차원그래픽가속기": "컴퓨터_그래픽",
    "3차원그래픽스": "컴퓨터_그래픽",
    "3차원모델링기법": "컴퓨터_그래픽",
    "3차원사용자인터페이스": "컴퓨터_그래픽",
    "3차원애니메이션": "컴퓨터_그래픽",
    "4-Connected": "컴퓨터_그래픽",
    "4방향연결방식": "컴퓨터_그래픽",
    "8-Connected": "컴퓨터_그래픽",
    "8방향연결방식": "컴퓨터_그래픽",
    "ACM 학회": "컴퓨터_그래픽",
    "Additive Model": "컴퓨터_그래픽",
    "Adobe Illustrator": "컴퓨터_그래픽",
    "Adobe Photoshop": "컴퓨터_그래픽",
    "Affine Transformation": "컴퓨터_그래픽",
    "Aliasing": "컴퓨터_그래픽",
    "Alpha 값": "컴퓨터_그래픽",
    "Ambient Light": "컴퓨터_그래픽",
    "Ambient Reflection Coefficient": "컴퓨터_그래픽",
    "Animation": "컴퓨터_그래픽",
    "Antialiasing": "컴퓨터_그래픽",
    "Anticipation": "컴퓨터_그래픽",
    "API 표준": "컴퓨터_그래픽",
    "API": "컴퓨터_그래픽",
    "Application Program": "컴퓨터_그래픽",
    "Interface": "컴퓨터_그래픽",
    "Approximation": "컴퓨터_그래픽",
    "Area Clipping": "컴퓨터_그래픽",
    "Area Sampling": "컴퓨터_그래픽",
    "Aspect Ratio": "컴퓨터_그래픽",
    "Associative Property": "컴퓨터_그래픽",
    "Axonometric Projection": "컴퓨터_그래픽",
    "B-Spline": "컴퓨터_그래픽",
    "B-스플라인곡선": "컴퓨터_그래픽",
    "Back Face": "컴퓨터_그래픽",
    "Background Light": "컴퓨터_그래픽",
    "Barnsley": "컴퓨터_그래픽",
    "Barnsley의고사리": "컴퓨터_그래픽",
    "Beam Penetration": "컴퓨터_그래픽",
    "Bell-Shaped Spline": "컴퓨터_그래픽",
    "Bernstein 다항식244": "컴퓨터_그래픽",
    "Bezier Curve": "컴퓨터_그래픽",
    "Bezier Surface": "컴퓨터_그래픽",
    "Binary Tree": "컴퓨터_그래픽",
    "Bit Block Transfer": "컴퓨터_그래픽",
    "bitBlt": "컴퓨터_그래픽",
    "Bitmap Font": "컴퓨터_그래픽",
    "Blending": "컴퓨터_그래픽",
    "Blending Function": "컴퓨터_그래픽",
    "Boundary Fill": "컴퓨터_그래픽",
    "Bounding Box": "컴퓨터_그래픽",
    "Bounding Sphere": "컴퓨터_그래픽",
    "Bounding Volume": "컴퓨터_그래픽",
    "Bresenham 알고리즘": "컴퓨터_그래픽",
    "Bresenham 원그리기알고리즘": "컴퓨터_그래픽",
    "Brightness": "컴퓨터_그래픽",
    "Bump Mapping": "컴퓨터_그래픽",
    "C Curve": "컴퓨터_그래픽",
    "C0 연속성": "컴퓨터_그래픽",
    "C1 연속성": "컴퓨터_그래픽",
    "C2 연속성": "컴퓨터_그래픽",
    "C3I": "컴퓨터_그래픽",
    "C4I": "컴퓨터_그래픽",
    "CAD 소프트웨어": "컴퓨터_그래픽",
    "CAD 시스템": "컴퓨터_그래픽",
    "CAD": "컴퓨터_그래픽",
    "Computer Aided Design": "컴퓨터_그래픽",
    "CAM": "컴퓨터_그래픽",
    "Computer Aided": "컴퓨터_그래픽",
    "Manufacturing": "컴퓨터_그래픽",
    "Canvas": "컴퓨터_그래픽",
    "Cel Animation": "컴퓨터_그래픽",
    "Celluloid": "컴퓨터_그래픽",
    "CGI": "컴퓨터_그래픽",
    "CGM": "컴퓨터_그래픽",
    "Chaos Game": "컴퓨터_그래픽",
    "Character": "컴퓨터_그래픽",
    "찾아보기  2022.2.23 2": "컴퓨터_그래픽",
    "36 PM  페이지": "컴퓨터_그래픽",
    "Character Animation": "컴퓨터_그래픽",
    "Choice Device": "컴퓨터_그래픽",
    "Chromaticity": "컴퓨터_그래픽",
    "CIE Chromaticity Diagram": "컴퓨터_그래픽",
    "CIE Primaries": "컴퓨터_그래픽",
    "CIE 색원소": "컴퓨터_그래픽",
    "CIE 색채도": "컴퓨터_그래픽",
    "CIrcle": "컴퓨터_그래픽",
    "Clipping Algorithm": "컴퓨터_그래픽",
    "CLUT": "컴퓨터_그래픽",
    "Color Look-Up Table": "컴퓨터_그래픽",
    "CMY 컬러모델": "컴퓨터_그래픽",
    "CMYK 컬러모델": "컴퓨터_그래픽",
    "Cohen-Sutherland 알고리즘": "컴퓨터_그래픽",
    "Color": "컴퓨터_그래픽",
    "Color Gamut": "컴퓨터_그래픽",
    "Color Monitor": "컴퓨터_그래픽",
    "Commercial Design": "컴퓨터_그래픽",
    "Commutative Property": "컴퓨터_그래픽",
    "Complementary Color": "컴퓨터_그래픽",
    "Composite Transformation": "컴퓨터_그래픽",
    "Conic Section": "컴퓨터_그래픽",
    "Constant Shading": "컴퓨터_그래픽",
    "Constraint": "컴퓨터_그래픽",
    "Convex Hull": "컴퓨터_그래픽",
    "CORE": "컴퓨터_그래픽",
    "Corel Draw": "컴퓨터_그래픽",
    "Corel Painter": "컴퓨터_그래픽",
    "Creative Art": "컴퓨터_그래픽",
    "CRT": "컴퓨터_그래픽",
    "CSG": "컴퓨터_그래픽",
    "Constructive Solid": "컴퓨터_그래픽",
    "Geometry": "컴퓨터_그래픽",
    "Cubic Spline": "컴퓨터_그래픽",
    "CUDA": "컴퓨터_그래픽",
    "CUI": "컴퓨터_그래픽",
    "Character User Interface": "컴퓨터_그래픽",
    "Culling": "컴퓨터_그래픽",
    "Cutaway view": "컴퓨터_그래픽",
    "Cyberspace": "컴퓨터_그래픽",
    "Data Visualization": "컴퓨터_그래픽",
    "DDA 선그리기알고리즘": "컴퓨터_그래픽",
    "Deformation": "컴퓨터_그래픽",
    "Depth Buffer Algorithm  262": "컴퓨터_그래픽",
    "Depth Cueing": "컴퓨터_그래픽",
    "Depth Sorting": "컴퓨터_그래픽",
    "Depth Test": "컴퓨터_그래픽",
    "Difference": "컴퓨터_그래픽",
    "Diffuse Reflection": "컴퓨터_그래픽",
    "Dimension": "컴퓨터_그래픽",
    "Direct 3D": "컴퓨터_그래픽",
    "DirectX": "컴퓨터_그래픽",
    "Dominant Frequency": "컴퓨터_그래픽",
    "Dragon Curve": "컴퓨터_그래픽",
    "Drawing": "컴퓨터_그래픽",
    "Drum Plotter": "컴퓨터_그래픽",
    "DTP": "컴퓨터_그래픽",
    "Desk-Top Publishing  22": "컴퓨터_그래픽",
    "DVST": "컴퓨터_그래픽",
    "Direct View Storage Tube": "컴퓨터_그래픽",
    "EBook": "컴퓨터_그래픽",
    "Editing": "컴퓨터_그래픽",
    "Ellipse": "컴퓨터_그래픽",
    "Ellipsoid": "컴퓨터_그래픽",
    "Empirical Model": "컴퓨터_그래픽",
    "Environment Mapping": "컴퓨터_그래픽",
    "Even-Odd Rule": "컴퓨터_그래픽",
    "Exaggeration": "컴퓨터_그래픽",
    "Exploded view": "컴퓨터_그래픽",
    "Extent": "컴퓨터_그래픽",
    "FDM 방식": "컴퓨터_그래픽",
    "Feedback": "컴퓨터_그래픽",
    "Filled Polygon": "컴퓨터_그래픽",
    "Filling": "컴퓨터_그래픽",
    "Flat Shading": "컴퓨터_그래픽",
    "Flat-Panel Display": "컴퓨터_그래픽",
    "Flatbed Plotter": "컴퓨터_그래픽",
    "Flickering": "컴퓨터_그래픽",
    "Flight Simulator": "컴퓨터_그래픽",
    "Flip-book Animation": "컴퓨터_그래픽",
    "Flood Fill": "컴퓨터_그래픽",
    "Follow Through": "컴퓨터_그래픽",
    "Forward Kinematics": "컴퓨터_그래픽",
    "Fractal": "컴퓨터_그래픽",
    "Fractal/Chaos": "컴퓨터_그래픽",
    "Fractional Dimensional": "컴퓨터_그래픽",
    "Frame": "컴퓨터_그래픽",
    "Frame Buffer": "컴퓨터_그래픽",
    "Frustum View Volume": "컴퓨터_그래픽",
    "Geometric Data Table": "컴퓨터_그래픽",
    "Geometric Optics": "컴퓨터_그래픽",
    "Geometric Shape": "컴퓨터_그래픽",
    "Geometric Transformation  85": "컴퓨터_그래픽",
    "GIS": "컴퓨터_그래픽",
    "GKS": "컴퓨터_그래픽",
    "GKS 3D": "컴퓨터_그래픽",
    "gl.bufferData": "컴퓨터_그래픽",
    "gl.drawArrays": "컴퓨터_그래픽",
    "gl.uniformMatrix4fv": "컴퓨터_그래픽",
    "gl.vertexAttribPointer": "컴퓨터_그래픽",
    "gl.viewport": "컴퓨터_그래픽",
    "GLSL": "컴퓨터_그래픽",
    "GLSL 셰이더": "컴퓨터_그래픽",
    "glTF": "컴퓨터_그래픽",
    "Gouraud 셰이딩": "컴퓨터_그래픽",
    "GPGPU": "컴퓨터_그래픽",
    "GPU": "컴퓨터_그래픽",
    "Graphics Accelerator": "컴퓨터_그래픽",
    "Graphics Software": "컴퓨터_그래픽",
    "Graphics Tablet": "컴퓨터_그래픽",
    "Gravity Field": "컴퓨터_그래픽",
    "Grid": "컴퓨터_그래픽",
    "Grouping": "컴퓨터_그래픽",
    "GTX1080": "컴퓨터_그래픽",
    "GUI": "컴퓨터_그래픽",
    "Graphical User Interface": "컴퓨터_그래픽",
    "Hand Cursor": "컴퓨터_그래픽",
    "Handle": "컴퓨터_그래픽",
    "Hard Copy": "컴퓨터_그래픽",
    "Hidden Line Removal": "컴퓨터_그래픽",
    "Hidden Surface Removal  30": "컴퓨터_그래픽",
    "Hidden Surface Removal": "컴퓨터_그래픽",
    "Hierarchical Model": "컴퓨터_그래픽",
    "Highlight": "컴퓨터_그래픽",
    "Highlighting": "컴퓨터_그래픽",
    "Hollow Polygon": "컴퓨터_그래픽",
    "Homogeneous Coordinate": "컴퓨터_그래픽",
    "System": "컴퓨터_그래픽",
    "HSV Hexacone": "컴퓨터_그래픽",
    "HSV 육각뿔": "컴퓨터_그래픽",
    "HSV 컬러모델": "컴퓨터_그래픽",
    "HTML5 Canvas": "컴퓨터_그래픽",
    "IFS 기법": "컴퓨터_그래픽",
    "IFS": "컴퓨터_그래픽",
    "Iterated Function System": "컴퓨터_그래픽",
    "IGES": "컴퓨터_그래픽",
    "Illustrator": "컴퓨터_그래픽",
    "Image Processing": "컴퓨터_그래픽",
    "Image Space Method": "컴퓨터_그래픽",
    "In-between Frame": "컴퓨터_그래픽",
    "In-betweens": "컴퓨터_그래픽",
    "Indexed Color": "컴퓨터_그래픽",
    "initialiseBuffer": "컴퓨터_그래픽",
    "initialiseGL": "컴퓨터_그래픽",
    "initialiseShaders": "컴퓨터_그래픽",
    "Interactive Computer Graphics": "컴퓨터_그래픽",
    "Interpolation": "컴퓨터_그래픽",
    "Intersection": "컴퓨터_그래픽",
    "Inverse Kinematics": "컴퓨터_그래픽",
    "IrisGL": "컴퓨터_그래픽",
    "Ivan Sutherland": "컴퓨터_그래픽",
    "Jaggies": "컴퓨터_그래픽",
    "Java3D": "컴퓨터_그래픽",
    "Joystick": "컴퓨터_그래픽",
    "Julia 집합": "컴퓨터_그래픽",
    "Key-Frame Animation": "컴퓨터_그래픽",
    "Khronos Group": "컴퓨터_그래픽",
    "Kinematics": "컴퓨터_그래픽",
    "Koch Snowflake": "컴퓨터_그래픽",
    "Lambert 의Cosine 법칙": "컴퓨터_그래픽",
    "LCD": "컴퓨터_그래픽",
    "LED": "컴퓨터_그래픽",
    "Light Pen": "컴퓨터_그래픽",
    "Lighting Model": "컴퓨터_그래픽",
    "Linear Interpolation": "컴퓨터_그래픽",
    "Locator Device": "컴퓨터_그래픽",
    "Logical": "컴퓨터_그래픽",
    "Luminance": "컴퓨터_그래픽",
    "M3G": "컴퓨터_그래픽",
    "Mach Band": "컴퓨터_그래픽",
    "Magnetic": "컴퓨터_그래픽",
    "Mandelbrot": "컴퓨터_그래픽",
    "Mandelbrot 집합": "컴퓨터_그래픽",
    "Manipulation": "컴퓨터_그래픽",
    "Marker": "컴퓨터_그래픽",
    "MAYA": "컴퓨터_그래픽",
    "Menger의스폰지": "컴퓨터_그래픽",
    "Midpoint Displacement Method": "컴퓨터_그래픽",
    "Modeling": "컴퓨터_그래픽",
    "Morphing": "컴퓨터_그래픽",
    "Mouse": "컴퓨터_그래픽",
    "Navigation": "컴퓨터_그래픽",
    "Non-Uniform": "컴퓨터_그래픽",
    "Non-Uniform Rational B-Spline": "컴퓨터_그래픽",
    "Non-zero Winding Rule": "컴퓨터_그래픽",
    "Normal Vector": "컴퓨터_그래픽",
    "NURBS": "컴퓨터_그래픽",
    "NURBS 곡선228": "컴퓨터_그래픽",
    "NVIDIA": "컴퓨터_그래픽",
    "Object": "컴퓨터_그래픽",
    "Object Space Method": "컴퓨터_그래픽",
    "Oblique Projection": "컴퓨터_그래픽",
    "OpenCL": "컴퓨터_그래픽",
    "OpenGL": "컴퓨터_그래픽",
    "OpenGL ES": "컴퓨터_그래픽",
    "OpenGL ES 2.0": "컴퓨터_그래픽",
    "Optical": "컴퓨터_그래픽",
    "Orthographic Projection  205": "컴퓨터_그래픽",
    "Outline Font": "컴퓨터_그래픽",
    "Painter": "컴퓨터_그래픽",
    "Painter's Algorithm": "컴퓨터_그래픽",
    "Paintshop Pro": "컴퓨터_그래픽",
    "Parabola": "컴퓨터_그래픽",
    "Paraboloid": "컴퓨터_그래픽",
    "Parallel Projection": "컴퓨터_그래픽",
    "Parametric Surface Modeling": "컴퓨터_그래픽",
    "Particle": "컴퓨터_그래픽",
    "Particle System": "컴퓨터_그래픽",
    "Passive Computer Graphics": "컴퓨터_그래픽",
    "Perspective Projection  190": "컴퓨터_그래픽",
    "Perturbed Normal": "컴퓨터_그래픽",
    "PHIGS": "컴퓨터_그래픽",
    "Phong 셰이딩": "컴퓨터_그래픽",
    "Phong의조명모델": "컴퓨터_그래픽",
    "Photoshop": "컴퓨터_그래픽",
    "Physical": "컴퓨터_그래픽",
    "Picture Interchange": "컴퓨터_그래픽",
    "Pitteway": "컴퓨터_그래픽",
    "Pixel": "컴퓨터_그래픽",
    "Pixel Depth": "컴퓨터_그래픽",
    "Pixel Image": "컴퓨터_그래픽",
    "Plane Equation": "컴퓨터_그래픽",
    "Plotter": "컴퓨터_그래픽",
    "Point Light Source": "컴퓨터_그래픽",
    "Polar Coordinate": "컴퓨터_그래픽",
    "Polygon Clipping": "컴퓨터_그래픽",
    "Polygon Mesh": "컴퓨터_그래픽",
    "Polygon Scan-Conversion": "컴퓨터_그래픽",
    "Polygon Shading": "컴퓨터_그래픽",
    "Polygon Simplification": "컴퓨터_그래픽",
    "Polygon Surface": "컴퓨터_그래픽",
    "Polygon Surface Modeling": "컴퓨터_그래픽",
    "Polyline": "컴퓨터_그래픽",
    "Polynomial": "컴퓨터_그래픽",
    "Pop Up": "컴퓨터_그래픽",
    "Positioning Technique": "컴퓨터_그래픽",
    "PostScript": "컴퓨터_그래픽",
    "Presentation Graphics": "컴퓨터_그래픽",
    "Primary Colors": "컴퓨터_그래픽",
    "Printer": "컴퓨터_그래픽",
    "Procedural Graphics Method": "컴퓨터_그래픽",
    "Production Grammar": "컴퓨터_그래픽",
    "Projection": "컴퓨터_그래픽",
    "Pull Down": "컴퓨터_그래픽",
    "Purity": "컴퓨터_그래픽",
    "Quadric Surface": "컴퓨터_그래픽",
    "Quadrics": "컴퓨터_그래픽",
    "Quadrilateral Mesh": "컴퓨터_그래픽",
    "Random Iteration Algorithm": "컴퓨터_그래픽",
    "Random Scan": "컴퓨터_그래픽",
    "Random-Scan Monitor": "컴퓨터_그래픽",
    "Raster": "컴퓨터_그래픽",
    "Raster Font": "컴퓨터_그래픽",
    "Raster Graphics": "컴퓨터_그래픽",
    "Raster Monitor": "컴퓨터_그래픽",
    "Raster Scan": "컴퓨터_그래픽",
    "Raster-Scan Monitor": "컴퓨터_그래픽",
    "Raster-Scan System": "컴퓨터_그래픽",
    "RasterOp": "컴퓨터_그래픽",
    "Ray Casting": "컴퓨터_그래픽",
    "Ray Tracing": "컴퓨터_그래픽",
    "Reflected Light": "컴퓨터_그래픽",
    "Reflection": "컴퓨터_그래픽",
    "Refracted Light": "컴퓨터_그래픽",
    "Refraction": "컴퓨터_그래픽",
    "Region Clipping": "컴퓨터_그래픽",
    "Rendering": "컴퓨터_그래픽",
    "renderScene": "컴퓨터_그래픽",
    "Resolution": "컴퓨터_그래픽",
    "RGB 컬러모델": "컴퓨터_그래픽",
    "RGB": "컴퓨터_그래픽",
    "Red-Green-Blue": "컴퓨터_그래픽",
    "컬러방식": "컴퓨터_그래픽",
    "Rosenfeld": "컴퓨터_그래픽",
    "Rotation": "컴퓨터_그래픽",
    "Rotation Angle": "컴퓨터_그래픽",
    "Rubber Band": "컴퓨터_그래픽",
    "Saturation": "컴퓨터_그래픽",
    "Scale": "컴퓨터_그래픽",
    "Scaling Factor": "컴퓨터_그래픽",
    "Scan Conversion": "컴퓨터_그래픽",
    "Scan Line": "컴퓨터_그래픽",
    "Scanline Fill": "컴퓨터_그래픽",
    "Secondary Ray": "컴퓨터_그래픽",
    "Seed Fill": "컴퓨터_그래픽",
    "Segment": "컴퓨터_그래픽",
    "Selection Level": "컴퓨터_그래픽",
    "Selection/Picking": "컴퓨터_그래픽",
    "Self-similarity Property": "컴퓨터_그래픽",
    "Shade": "컴퓨터_그래픽",
    "Shader": "컴퓨터_그래픽",
    "Shading": "컴퓨터_그래픽",
    "Shadow": "컴퓨터_그래픽",
    "Shadow Mask": "컴퓨터_그래픽",
    "Shearing": "컴퓨터_그래픽",
    "SIGGRAPH 컨퍼런스": "컴퓨터_그래픽",
    "Simulation": "컴퓨터_그래픽",
    "Sketching": "컴퓨터_그래픽",
    "Sketchpad Drawing System": "컴퓨터_그래픽",
    "Slow In and Out": "컴퓨터_그래픽",
    "SLS 방식": "컴퓨터_그래픽",
    "Smalltalk80": "컴퓨터_그래픽",
    "Snell의법칙": "컴퓨터_그래픽",
    "Solid Modeling  29": "컴퓨터_그래픽",
    "Spatial Coherence": "컴퓨터_그래픽",
    "Specular Reflection": "컴퓨터_그래픽",
    "Sphere": "컴퓨터_그래픽",
    "Squash": "컴퓨터_그래픽",
    "STEP": "컴퓨터_그래픽",
    "Storyboard": "컴퓨터_그래픽",
    "Stretch": "컴퓨터_그래픽",
    "String": "컴퓨터_그래픽",
    "String Device": "컴퓨터_그래픽",
    "Structure": "컴퓨터_그래픽",
    "Subtractive Model": "컴퓨터_그래픽",
    "Super Sampling": "컴퓨터_그래픽",
    "Superellipse": "컴퓨터_그래픽",
    "Superellipsoid": "컴퓨터_그래픽",
    "Superquadrics": "컴퓨터_그래픽",
    "Surface Rendering": "컴퓨터_그래픽",
    "Surface Shading": "컴퓨터_그래픽",
    "Sutherland-Hodgeman 알고리즘": "컴퓨터_그래픽",
    "SVG": "컴퓨터_그래픽",
    "Scalable Vector Graphics": "컴퓨터_그래픽",
    "Sweeping": "컴퓨터_그래픽",
    "Temporal Coherence": "컴퓨터_그래픽",
    "Text": "컴퓨터_그래픽",
    "Text Clipping": "컴퓨터_그래픽",
    "Text Path Direction": "컴퓨터_그래픽",
    "Texture Mapping  23": "컴퓨터_그래픽",
    "Texture Mapping": "컴퓨터_그래픽",
    "Three.js": "컴퓨터_그래픽",
    "Tint": "컴퓨터_그래픽",
    "Tone": "컴퓨터_그래픽",
    "Torus": "컴퓨터_그래픽",
    "Tracker": "컴퓨터_그래픽",
    "Translation": "컴퓨터_그래픽",
    "Translation Vector": "컴퓨터_그래픽",
    "Traveling": "컴퓨터_그래픽",
    "Triangular Mesh": "컴퓨터_그래픽",
    "TrueType 폰트": "컴퓨터_그래픽",
    "Tweening": "컴퓨터_그래픽",
    "Uniform": "컴퓨터_그래픽",
    "Union": "컴퓨터_그래픽",
    "Valuator Device": "컴퓨터_그래픽",
    "Vector Display Monitor": "컴퓨터_그래픽",
    "Vector Font": "컴퓨터_그래픽",
    "Vector Graphics": "컴퓨터_그래픽",
    "Vector Monitor": "컴퓨터_그래픽",
    "Video Controller": "컴퓨터_그래픽",
    "View Volume": "컴퓨터_그래픽",
    "Viewing Coordinate System": "컴퓨터_그래픽",
    "Viewing Pipeline": "컴퓨터_그래픽",
    "Viewing Transformation": "컴퓨터_그래픽",
    "Virtual Device": "컴퓨터_그래픽",
    "Virtual Reality": "컴퓨터_그래픽",
    "Visible Surface": "컴퓨터_그래픽",
    "Visual Feedback": "컴퓨터_그래픽",
    "Visualization": "컴퓨터_그래픽",
    "VPN": "컴퓨터_그래픽",
    "VRML": "컴퓨터_그래픽",
    "Virtual Reality Modeling": "컴퓨터_그래픽",
    "Language": "컴퓨터_그래픽",
    "VUP": "컴퓨터_그래픽",
    "Watkinson": "컴퓨터_그래픽",
    "Wayfinding": "컴퓨터_그래픽",
    "WebGL": "컴퓨터_그래픽",
    "White Light": "컴퓨터_그래픽",
    "WIMP 인터페이스": "컴퓨터_그래픽",
    "Winding Number": "컴퓨터_그래픽",
    "Wire-frame": "컴퓨터_그래픽",
    "Wireframe": "컴퓨터_그래픽",
    "WYSIWYG": "컴퓨터_그래픽",
    "What You See Is": "컴퓨터_그래픽",
    "What You Get": "컴퓨터_그래픽",
    "X-윈도우시스템": "컴퓨터_그래픽",
    "X3D": "컴퓨터_그래픽",
    "XOR 연산": "컴퓨터_그래픽",
    "Y-X 다각형주사선알고리즘": "컴퓨터_그래픽",
    "Z-Buffer": "컴퓨터_그래픽",
    "z-버터알고리즘": "컴퓨터_그래픽",
    "Zoom In": "컴퓨터_그래픽",
    "Zoom Out": "컴퓨터_그래픽",
    "Zooming": "컴퓨터_그래픽",
    "가감속": "컴퓨터_그래픽",
    "가산모델": "컴퓨터_그래픽",
    "가상공간": "컴퓨터_그래픽",
    "가상의입출력장치": "컴퓨터_그래픽",
    "가상현실": "컴퓨터_그래픽",
    "감산모델": "컴퓨터_그래픽",
    "객체공간법": "컴퓨터_그래픽",
    "거울반사": "컴퓨터_그래픽",
    "거울반사계수": "컴퓨터_그래픽",
    "게임": "컴퓨터_그래픽",
    "격자기법": "컴퓨터_그래픽",
    "결합법칙": "컴퓨터_그래픽",
    "경계채우기": "컴퓨터_그래픽",
    "경계채우기알고리즘": "컴퓨터_그래픽",
    "경사투영": "컴퓨터_그래픽",
    "경험적모델": "컴퓨터_그래픽",
    "계단현상": "컴퓨터_그래픽",
    "고무줄기법": "컴퓨터_그래픽",
    "곡면렌더링": "컴퓨터_그래픽",
    "곡면모델링": "컴퓨터_그래픽",
    "공간정보": "컴퓨터_그래픽",
    "공간분할법": "컴퓨터_그래픽",
    "공간적일관성": "컴퓨터_그래픽",
    "광선추적법21": "컴퓨터_그래픽",
    "광원": "컴퓨터_그래픽",
    "광학방식": "컴퓨터_그래픽",
    "교환법칙": "컴퓨터_그래픽",
    "굴절광": "컴퓨터_그래픽",
    "균일B-스플라인": "컴퓨터_그래픽",
    "균일셰이딩": "컴퓨터_그래픽",
    "그래픽데이터교환": "컴퓨터_그래픽",
    "그래픽스API": "컴퓨터_그래픽",
    "그래픽스가속기": "컴퓨터_그래픽",
    "그래픽스소프트웨어": "컴퓨터_그래픽",
    "그래픽스시스템": "컴퓨터_그래픽",
    "그래픽스태블릿": "컴퓨터_그래픽",
    "그래픽스프로세서": "컴퓨터_그래픽",
    "그룹핑기법": "컴퓨터_그래픽",
    "그리기": "컴퓨터_그래픽",
    "그림자": "컴퓨터_그래픽",
    "극좌표계": "컴퓨터_그래픽",
    "근사곡선": "컴퓨터_그래픽",
    "기대동작": "컴퓨터_그래픽",
    "기본적인기하변환": "컴퓨터_그래픽",
    "기하객체형상": "컴퓨터_그래픽",
    "기하변환": "컴퓨터_그래픽",
    "기하적광학": "컴퓨터_그래픽",
    "기하적데이터표": "컴퓨터_그래픽",
    "길찾기기법": "컴퓨터_그래픽",
    "깊이검사": "컴퓨터_그래픽",
    "깊이버퍼알고리즘": "컴퓨터_그래픽",
    "깊이정렬법": "컴퓨터_그래픽",
    "깊이표시법": "컴퓨터_그래픽",
    "내포볼륨": "컴퓨터_그래픽",
    "논리적입력장치": "컴퓨터_그래픽",
    "늘어남": "컴퓨터_그래픽",
    "다각형간략화": "컴퓨터_그래픽",
    "다각형메쉬": "컴퓨터_그래픽",
    "다각형메쉬표현": "컴퓨터_그래픽",
    "다각형면": "컴퓨터_그래픽",
    "다각형셰이딩": "컴퓨터_그래픽",
    "다각형주사변환방식": "컴퓨터_그래픽",
    "다각형채우기알고리즘": "컴퓨터_그래픽",
    "다각형클리핑": "컴퓨터_그래픽",
    "다각형표면모델링": "컴퓨터_그래픽",
    "다중선": "컴퓨터_그래픽",
    "다항식": "컴퓨터_그래픽",
    "단면도": "컴퓨터_그래픽",
    "대화식인터페이스설계": "컴퓨터_그래픽",
    "도트매트릭스프린터": "컴퓨터_그래픽",
    "도형의편집": "컴퓨터_그래픽",
    "동차좌표계": "컴퓨터_그래픽",
    "둘러보기기법": "컴퓨터_그래픽",
    "뒷면": "컴퓨터_그래픽",
    "드래깅기법": "컴퓨터_그래픽",
    "드럼플로터": "컴퓨터_그래픽",
    "등축투영": "컴퓨터_그래픽",
    "디스플레이프로세서": "컴퓨터_그래픽",
    "라이트펜": "컴퓨터_그래픽",
    "래스터": "컴퓨터_그래픽",
    "래스터그래픽스": "컴퓨터_그래픽",
    "래스터모니터": "컴퓨터_그래픽",
    "래스터변환": "컴퓨터_그래픽",
    "래스터폰트": "컴퓨터_그래픽",
    "래스터스캔": "컴퓨터_그래픽",
    "래스터스캔시스템": "컴퓨터_그래픽",
    "래스터연산": "컴퓨터_그래픽",
    "래스터화": "컴퓨터_그래픽",
    "랜덤스캔": "컴퓨터_그래픽",
    "레이어": "컴퓨터_그래픽",
    "레이캐스팅": "컴퓨터_그래픽",
    "레이캐스팅기법": "컴퓨터_그래픽",
    "렌더러객체": "컴퓨터_그래픽",
    "렌더링": "컴퓨터_그래픽",
    "렌더링기능": "컴퓨터_그래픽",
    "렌더링기법": "컴퓨터_그래픽",
    "로젠펠드": "컴퓨터_그래픽",
    "마우스": "컴퓨터_그래픽",
    "마커": "컴퓨터_그래픽",
    "마하밴드": "컴퓨터_그래픽",
    "매듭벡터": "컴퓨터_그래픽",
    "메쉬객체": "컴퓨터_그래픽",
    "메타버스": "컴퓨터_그래픽",
    "면의셰이딩": "컴퓨터_그래픽",
    "명도": "컴퓨터_그래픽",
    "모델링": "컴퓨터_그래픽",
    "모델링기능": "컴퓨터_그래픽",
    "모델링변환": "컴퓨터_그래픽",
    "모델좌표계": "컴퓨터_그래픽",
    "모션캡처": "컴퓨터_그래픽",
    "모핑": "컴퓨터_그래픽",
    "문자": "컴퓨터_그래픽",
    "문자열장치": "컴퓨터_그래픽",
    "물리기반모델링": "컴퓨터_그래픽",
    "물리적입력장치": "컴퓨터_그래픽",
    "밀림": "컴퓨터_그래픽",
    "반사": "컴퓨터_그래픽",
    "반사광": "컴퓨터_그래픽",
    "반사변환": "컴퓨터_그래픽",
    "반사체": "컴퓨터_그래픽",
    "밝기모델": "컴퓨터_그래픽",
    "배경조명": "컴퓨터_그래픽",
    "배합함수": "컴퓨터_그래픽",
    "백색광": "컴퓨터_그래픽",
    "범람채우기": "컴퓨터_그래픽",
    "범람채우기알고리즘": "컴퓨터_그래픽",
    "범프매핑": "컴퓨터_그래픽",
    "법선벡터210": "컴퓨터_그래픽",
    "베지어곡면": "컴퓨터_그래픽",
    "베지어곡선": "컴퓨터_그래픽",
    "베지어다항식": "컴퓨터_그래픽",
    "벡터그래픽스": "컴퓨터_그래픽",
    "벡터모니터": "컴퓨터_그래픽",
    "벡터폰트": "컴퓨터_그래픽",
    "벡터방식의모니터": "컴퓨터_그래픽",
    "벡터화": "컴퓨터_그래픽",
    "변형": "컴퓨터_그래픽",
    "변환행렬": "컴퓨터_그래픽",
    "보간곡선": "컴퓨터_그래픽",
    "보색": "컴퓨터_그래픽",
    "볼록다각형": "컴퓨터_그래픽",
    "분해도": "컴퓨터_그래픽",
    "뷰볼륨": "컴퓨터_그래픽",
    "뷰업벡터": "컴퓨터_그래픽",
    "뷰잉파이프라인": "컴퓨터_그래픽",
    "뷰잉변환": "컴퓨터_그래픽",
    "뷰잉좌표계": "컴퓨터_그래픽",
    "뷰포트": "컴퓨터_그래픽",
    "뷰포트변환": "컴퓨터_그래픽",
    "블렌딩": "컴퓨터_그래픽",
    "비균일B-스플라인": "컴퓨터_그래픽",
    "비디오제어기": "컴퓨터_그래픽",
    "비정수차원": "컴퓨터_그래픽",
    "비트AND": "컴퓨터_그래픽",
    "비트OR": "컴퓨터_그래픽",
    "비트블릿": "컴퓨터_그래픽",
    "비행시뮬레이터": "컴퓨터_그래픽",
    "빈다각형": "컴퓨터_그래픽",
    "빔주사방식": "컴퓨터_그래픽",
    "빛의굴절": "컴퓨터_그래픽",
    "사각메쉬법": "컴퓨터_그래픽",
    "사용자인터페이스": "컴퓨터_그래픽",
    "산란반사": "컴퓨터_그래픽",
    "산란반사계수": "컴퓨터_그래픽",
    "삼각메쉬법": "컴퓨터_그래픽",
    "상업디자인": "컴퓨터_그래픽",
    "상호대화식컴퓨터그래픽스": "컴퓨터_그래픽",
    "색상": "컴퓨터_그래픽",
    "색상팔레트": "컴퓨터_그래픽",
    "색상보기표": "컴퓨터_그래픽",
    "색채": "컴퓨터_그래픽",
    "생성문법": "컴퓨터_그래픽",
    "섀도우마스크": "컴퓨터_그래픽",
    "서덜랜드": "컴퓨터_그래픽",
    "선클리핑": "컴퓨터_그래픽",
    "선택/지적기법": "컴퓨터_그래픽",
    "선택레벨": "컴퓨터_그래픽",
    "선택장치": "컴퓨터_그래픽",
    "선형보간법": "컴퓨터_그래픽",
    "세그먼트": "컴퓨터_그래픽",
    "셀애니메이션": "컴퓨터_그래픽",
    "셰이더": "컴퓨터_그래픽",
    "셰이딩": "컴퓨터_그래픽",
    "셰이딩모델": "컴퓨터_그래픽",
    "셰이딩언어": "컴퓨터_그래픽",
    "솔리드모델링": "컴퓨터_그래픽",
    "수동적컴퓨터그래픽스": "컴퓨터_그래픽",
    "수치장치": "컴퓨터_그래픽",
    "수퍼2차곡선": "컴퓨터_그래픽",
    "수퍼샘플링기법": "컴퓨터_그래픽",
    "수퍼타원": "컴퓨터_그래픽",
    "수퍼타원체": "컴퓨터_그래픽",
    "스위핑": "컴퓨터_그래픽",
    "스위핑기법": "컴퓨터_그래픽",
    "스캔라인": "컴퓨터_그래픽",
    "스캔변환": "컴퓨터_그래픽",
    "스케치기법": "컴퓨터_그래픽",
    "스케치패드시스템": "컴퓨터_그래픽",
    "스타크래프트": "컴퓨터_그래픽",
    "스토리보드": "컴퓨터_그래픽",
    "스트럭처": "컴퓨터_그래픽",
    "스플라인곡면": "컴퓨터_그래픽",
    "스플라인곡선": "컴퓨터_그래픽",
    "시각적피드백": "컴퓨터_그래픽",
    "시각화": "컴퓨터_그래픽",
    "시간적일관성": "컴퓨터_그래픽",
    "시드채우기방식": "컴퓨터_그래픽",
    "시뮬레이션": "컴퓨터_그래픽",
    "신축": "컴퓨터_그래픽",
    "신축배율": "컴퓨터_그래픽",
    "신축변환": "컴퓨터_그래픽",
    "아핀변환": "컴퓨터_그래픽",
    "알파채널": "컴퓨터_그래픽",
    "애니메이션": "컴퓨터_그래픽",
    "애니메이션기능": "컴퓨터_그래픽",
    "앤티앨리어싱": "컴퓨터_그래픽",
    "앤티앨리어싱기법": "컴퓨터_그래픽",
    "앨리어싱": "컴퓨터_그래픽",
    "엔터테인먼트": "컴퓨터_그래픽",
    "역운동학": "컴퓨터_그래픽",
    "연결된모델": "컴퓨터_그래픽",
    "영역샘플링기법": "컴퓨터_그래픽",
    "영역클리핑": "컴퓨터_그래픽",
    "영역코드": "컴퓨터_그래픽",
    "오브젝트": "컴퓨터_그래픽",
    "이어프레임": "컴퓨터_그래픽",
    "우세주파수": "컴퓨터_그래픽",
    "운동역학": "컴퓨터_그래픽",
    "운동학": "컴퓨터_그래픽",
    "원근투영법": "컴퓨터_그래픽",
    "원근투영": "컴퓨터_그래픽",
    "원근투영의변환행렬": "컴퓨터_그래픽",
    "원뿔곡선": "컴퓨터_그래픽",
    "월드좌표계": "컴퓨터_그래픽",
    "위치장치": "컴퓨터_그래픽",
    "위치지정기법": "컴퓨터_그래픽",
    "윈도우-뷰포트변환": "컴퓨터_그래픽",
    "윈도우-뷰포트좌표변환": "컴퓨터_그래픽",
    "유리B-스플라인": "컴퓨터_그래픽",
    "유클리드기하학": "컴퓨터_그래픽",
    "은면제거": "컴퓨터_그래픽",
    "은면제거알고리즘": "컴퓨터_그래픽",
    "은선제거": "컴퓨터_그래픽",
    "이동": "컴퓨터_그래픽",
    "이동벡터": "컴퓨터_그래픽",
    "이미지편집": "컴퓨터_그래픽",
    "이미지공간법": "컴퓨터_그래픽",
    "이미지처리": "컴퓨터_그래픽",
    "이진트리": "컴퓨터_그래픽",
    "인덱스컬러": "컴퓨터_그래픽",
    "인덱스컬러표현방식": "컴퓨터_그래픽",
    "인비틴프레임": "컴퓨터_그래픽",
    "임의적반복알고리즘": "컴퓨터_그래픽",
    "입자": "컴퓨터_그래픽",
    "입자시스템90": "컴퓨터_그래픽",
    "잉크젯프린터": "컴퓨터_그래픽",
    "자기방식": "컴퓨터_그래픽",
    "자기복제의성질": "컴퓨터_그래픽",
    "잔상효": "컴퓨터_그래픽",
    "장면객체": "컴퓨터_그래픽",
    "장면그래프": "컴퓨터_그래픽",
    "장치인터페이스": "컴퓨터_그래픽",
    "재질": "컴퓨터_그래픽",
    "전자책": "컴퓨터_그래픽",
    "전자출판": "컴퓨터_그래픽",
    "절차적그래픽스기법": "컴퓨터_그래픽",
    "절차적텍스처링기법": "컴퓨터_그래픽",
    "점클리핑": "컴퓨터_그래픽",
    "점광원": "컴퓨터_그래픽",
    "접기횟수": "컴퓨터_그래픽",
    "접기횟수규칙": "컴퓨터_그래픽",
    "정규화뷰볼륨": "컴퓨터_그래픽",
    "정규화뷰포트": "컴퓨터_그래픽",
    "제한기법": "컴퓨터_그래픽",
    "조립적입체기하학": "컴퓨터_그래픽",
    "조명모델": "컴퓨터_그래픽",
    "조이스틱": "컴퓨터_그래픽",
    "조작기법": "컴퓨터_그래픽",
    "종횡비": "컴퓨터_그래픽",
    "좌표계의변환": "컴퓨터_그래픽",
    "주변조명": "컴퓨터_그래픽",
    "주변조명반사계수": "컴퓨터_그래픽",
    "주사변환": "컴퓨터_그래픽",
    "주사선채우기": "컴퓨터_그래픽",
    "주색상": "컴퓨터_그래픽",
    "줌아웃": "컴퓨터_그래픽",
    "줌인": "컴퓨터_그래픽",
    "줌잉효": "컴퓨터_그래픽",
    "중간프레임": "컴퓨터_그래픽",
    "중력장기법": "컴퓨터_그래픽",
    "중점변위법": "컴퓨터_그래픽",
    "지리정보시스템": "컴퓨터_그래픽",
    "직각투영": "컴퓨터_그래픽",
    "찌그러짐": "컴퓨터_그래픽",
    "차량주행안내시스템": "컴퓨터_그래픽",
    "찬다각형": "컴퓨터_그래픽",
    "창작미술": "컴퓨터_그래픽",
    "채도": "컴퓨터_그래픽",
    "채우기": "컴퓨터_그래픽",
    "칠하기": "컴퓨터_그래픽",
    "카메라객체": "컴퓨터_그래픽",
    "카오스게임": "컴퓨터_그래픽",
    "캐릭터애니메이션": "컴퓨터_그래픽",
    "커서": "컴퓨터_그래픽",
    "컬러모니터": "컴퓨터_그래픽",
    "컬러모델": "컴퓨터_그래픽",
    "컬러영역": "컴퓨터_그래픽",
    "컬링": "컴퓨터_그래픽",
    "컴퓨터그래픽스": "컴퓨터_그래픽",
    "크로노스그룹": "컴퓨터_그래픽",
    "클리핑": "컴퓨터_그래픽",
    "클리핑알고리즘": "컴퓨터_그래픽",
    "키프레임애니메이션": "컴퓨터_그래픽",
    "타원": "컴퓨터_그래픽",
    "타원그리기": "컴퓨터_그래픽",
    "타원체": "컴퓨터_그래픽",
    "탁상용전자출판": "컴퓨터_그래픽",
    "탁상출판": "컴퓨터_그래픽",
    "탐색항해": "컴퓨터_그래픽",
    "텍스처매핑23": "컴퓨터_그래픽",
    "텍스처매핑알고리즘": "컴퓨터_그래픽",
    "텍스트": "컴퓨터_그래픽",
    "텍스트클리핑": "컴퓨터_그래픽",
    "토러스": "컴퓨터_그래픽",
    "투영": "컴퓨터_그래픽",
    "투영변환": "컴퓨터_그래픽",
    "트랙커": "컴퓨터_그래픽",
    "트위닝": "컴퓨터_그래픽",
    "트위닝기법": "컴퓨터_그래픽",
    "팝업메뉴": "컴퓨터_그래픽",
    "평면방정식": "컴퓨터_그래픽",
    "평면의방정식": "컴퓨터_그래픽",
    "평판디스플레이": "컴퓨터_그래픽",
    "평판플로터": "컴퓨터_그래픽",
    "평행투영법": "컴퓨터_그래픽",
    "평행뷰볼륨": "컴퓨터_그래픽",
    "평행투영": "컴퓨터_그래픽",
    "포물면": "컴퓨터_그래픽",
    "포물선": "컴퓨터_그래픽",
    "포인터": "컴퓨터_그래픽",
    "포함영역": "컴퓨터_그래픽",
    "풀다운메뉴": "컴퓨터_그래픽",
    "프랙탈": "컴퓨터_그래픽",
    "프랙탈기법": "컴퓨터_그래픽",
    "프랙탈기하학": "컴퓨터_그래픽",
    "프랙탈기하학의차원": "컴퓨터_그래픽",
    "프랙탈/카오스이론": "컴퓨터_그래픽",
    "프랙탈의생성기법": "컴퓨터_그래픽",
    "프랙탈의차원": "컴퓨터_그래픽",
    "프러스텀뷰볼륨": "컴퓨터_그래픽",
    "프레임": "컴퓨터_그래픽",
    "프레임버퍼": "컴퓨터_그래픽",
    "프리젠테이션그래픽스": "컴퓨터_그래픽",
    "프리젠테이션및데이터시각화": "컴퓨터_그래픽",
    "프린터": "컴퓨터_그래픽",
    "플로터": "컴퓨터_그래픽",
    "플리커현상": "컴퓨터_그래픽",
    "플립북애니메이션": "컴퓨터_그래픽",
    "피드백": "컴퓨터_그래픽",
    "픽셀": "컴퓨터_그래픽",
    "픽셀의깊이": "컴퓨터_그래픽",
    "픽셀이미지": "컴퓨터_그래픽",
    "하드카피": "컴퓨터_그래픽",
    "하이라이트": "컴퓨터_그래픽",
    "합성변환": "컴퓨터_그래픽",
    "해상도": "컴퓨터_그래픽",
    "핸드커서": "컴퓨터_그래픽",
    "핸들기법": "컴퓨터_그래픽",
    "홀짝규칙": "컴퓨터_그래픽",
    "화가알고리즘": "컴퓨터_그래픽",
    "화면의해상도": "컴퓨터_그래픽",
    "확대/축소": "컴퓨터_그래픽",
    "환경매핑": "컴퓨터_그래픽",
    "회전": "컴퓨터_그래픽",
    "회전각": "컴퓨터_그래픽",
    "회전변환": "컴퓨터_그래픽",
    "회전축": "컴퓨터_그래픽",
    "후속동작": "컴퓨터_그래픽"
}