﻿question,extracted_terms
"3대1 면접. 자기소개 따로 없음. 코딩테스트 리뷰-자소서 기반&기술 질문-손코딩 순으로 진행. 아래 생 각나는대로 적어봄. 코딩테스트 리뷰 본인 생각에 코딩테스트에서 가장 아쉬웠던 점은? 코딩테스트 후 완성도를 높이기 위해 더 노력한 사항이 있는지? 설계나 사용한 자료구조에 대한 설명 등 질문 자소서에 적힌 사항에 대한 질문들 벡터&어레이리스트&배열의 차이점은? 추상클래스와 인터페이스의 차이점은? 오버로딩과 오버라이딩의 차이점은? OOP의 특징 4가지를 설명해보라 Java의 접근제한자 4가지를 설명해보라 synchronized에 대해서 아는대로 설명해보라 등 주로 Java, Spring에 대한 질문이고 네트웤, OS 등에 대한 질문도 몇 개 있음. 타기업들과 비교했을때 그닥 어려운 난이도는 아님. ""서류전형-코딩테스트-1차면접 후 탈락. 코딩테스트는 타기업들과 달리 프로그램 작성 후 메일로 프로젝트를 제출하는 식. 1차면접은 타기업들과 크게 다르지 않은 다대일 기술면접 형식. 면접관들은 면접에 대한 교육을 따로 받고 들어오시는듯 굉 장히 친절하심. 다만 각 전형별 피드백이 없는 부분이나 면접진행 시 불필요하게 여 러 사람과 장소를 거쳐야 하는 등 프로세스는 좀 아쉬웠음."" (주)쏘카 Backend Developer 3 ~ 8년, Javascript 합격보상 100만원  (주)코드박스 [200억 ↑투자, 두나무 계열사] 소프트 웨어 엔지니어 3 ~ 10년, python, react, graphql, typescript, Django fra…  (주)트레드 Back-e 경력무관, j 액 3000억원 이상 (주)교원 포지션 0개 채용 중 2 코이즈(주) - 기업 랭킹 채용 뉴스 연봉 이직 뽐뿌 오는 날 5분 완성, 1년 간 기업정보가 무료!    제휴 대학 서비스",Java
1. 특정 언어에 대한 지식(Java 위주) 2. DB에 대한 전반적인 지식 3. 진행했던 프로젝트에 대한 소개,Java
"1차 기술면접에서는 사용해봤던 기술의 기초 지식이나 DB 반정규화를 왜 하는지, Java 에서 OutOfMemory가 발생했을 때 어떻게 할 것인지등의 질문을 합니다. 2차 CTO면접에서는 대용량의 메모리를 남기는 경우 어떻게 해야하는지 등의 질문을 했는데 자료구조 이론 같은 것을 잘 알고있다면 무난하게 답변할 수 있을거라 생각합니다. 3차는 편하게 진행됩니다. 왜 지원했지는지 등등.. ""1차 기술면접 -> 2차 CTO 면접 -> 3차 써드아이 면접"" 불합격 보통 도움이 돼요 0",Java
"Java 코딩 문제. 정렬문제나 디자인 패턴과 관련 된 일반적인 Java 개발자 인터뷰 문제가 출제 됨. 채용방식 스킬테스트, 개인면접 ""헤드 헌터를 통해 입사 지원 후 인터뷰에 참석, 핸드 코딩을 포함한 기술 인터뷰를 진행. 핸드 코딩 문제는 대상자의 어떤 자질을 평가 하려는지 이해 조차 안되는 수준의 문 제였음. 면접과 2명 중 한 명은 한 시간 내내 거의 아무말 없이 자신의 노트북과 나를 번갈아 보며 앉아 있었고 한 명은 면접관으로서의 소양이나 자질이 전혀 갖추어지지 않은 인원이었음. 이 두 사람을 대하게 되면 누구라도 이 회사에서는 일하기 싫다 라는 생각을 가지게 될 것이라고 장담할 수 있음. 헤드헌터에게 위 내용에 대해 이야기 한 후 이후 진행 사항을 모두 취소하고 다른 회 사로 이직."" 대기중 부정적 도움이 돼요 0",Java
"갑자기 트래픽이 몰렸을때 소프트웨어 적으로 해결할 수 있는 방법은? Java enhanced for loop 를 사 용하여 a, b 교집합을 리턴하는 클래스를 구현하시오,",Java
"테이블 설계시 주의점에 대해서 말해보라 만약 리더로 활약한다면 무엇을 할 수있는가 발표시기 5일 후 ""분위기는 나쁘지않았고 편안한분위기에서 면접을 보았다. 경력위주 무엇을 해보았는지. 기본적인 프로그래밍, 디비지식도 물어보았다."" 합격 보통 라이언앤코(주) [경력] Java Web 개발자 모집 [주4일 출 근제 도입] 3 ~ 5년, java, Spring, aws, jquery, MYSQL, DB, was, 파…  (주)트레드링스 Back-end 개발 상시 채용 경력무관, java, Spring, SQL, java spring 백엔드  (주)피매치 백엔드 경력무관, p 합 액 3000억원 이상 오진상사(주) 포지션 10개 채용 중 3 코이즈(주) 1 기업 랭킹 채용 뉴스 연봉 이직 뽐뿌 오는 날 5분 완성, 1년 간 기업정보가 무료!    제휴 대학 서비스  신고하기 도움이 돼요 0",Java
"Java 8 특징 설명, jvm 메모리 구조 설명, 디자인 패턴 설명",Java
"경력 위주 자기소개, Kotlin, Java, 아키텍처, 업무 관련 이슈 처리 API 처리",Java
안드로이드 컴포넌트 관련 질문 RxJava 관련 질문 쓰레드 처리 관련 질문,Java
"프로젝트 하면서 힘들었던 일은 없었는지, 지원 동기가 어떻게 되는지, 그리고 많은 기술적인 질문들. Java에 대해서 뿐만 아니라 통신에 대한 부분 등 폭 넓은 질문을 받았다.",Java
"면접 기간이 좀 오래걸려요 한달? 정도 걸렸던거 같은데 사람마다 다른듯.. 라이언앤코(주) [경력] Java Web 개발자 모집 [주4일 출 근제 도입] 3 ~ 5년, java, Spring, aws, jquery, MYSQL, DB, was, 파…  (주)쏘카 Backend Developer 3 ~ 8년, Javascript 합격보상 100만원  (주)트레드 Back-e 경력무관, j 2 던킨/던킨도너츠 (… 4 기업 랭킹 채용 뉴스 연봉 이직 뽐뿌 오는 날 5분 완성, 1년 간 기업정보가 무료!    제휴 대학 서비스",Java
"Jvm 아는대로 말해보기 Java 람다식 동작원리 등등 발표시기 15일 후 ""경험에 대해 꼬리물기식 질문이였고 1시간정도 기술면접만 진행했다 같은 부서에 면접 본 친구가 있는데 그 친구는 여자라 그런가 면접이 기술 얘기보다 인생 얘기가 많았는데 붙었다. 팀 리더가 면접을 안 보고 같은 부서인데 면접자가 다 르다. 개판이다"" 불합격 보통 도움이 돼요 0",Java
기술면접에서 손 코딩 질문은 * 연산을 하지 않고 곱셈을 하는 방법에 대한 문제였습니다. 그 외에 제가 진행했던 프로젝트의 소프트웨어 아키텍처에 대한 질문이 있었습니다. 웹 개발 분야로 지원했기 때문에 웹 개발에 대한 심도있는 질문들도 많이 있었습니다.(Java 기초 / Spring framework / 개발했던 웹 프로젝트의 구조 등등...),Java
전화면접: Android와 Java에 대해 나왔습니다. 기술면접: 알고리즘에 대해 대부분 나왔습니다.,Java
"1시간정도 진행하며 손코딩 2~3문제 후 전공 기본지식에 대한 질문을 하는 식으로 진행. 손코딩은 어 렵다기보다 어떻게 구현하는지를 보는 느낌. 전공질문은 대답하면 심화질문을 던지는 꼬리물기식으로 계속 진행. 서버개발 쪽이라 OS, 자료구조 등에 대한 질문이 주를 이루었음. 자신있는 언어를 Java로 적었더니 JVM과 GC에 대한 질문도 받았음. 면접관들은 긴장도 풀어주시면서 매너있게 대해주셨음.",Java
"[N사 전화면접] - 소요시간 : 30분 자신이 한 프로젝트 기준으로 자기소개 해주세요. 본인이 지금까지 한 프로젝트에 대해 간략히 소개해주세요. RESTFul 쓰는 이유 (굳이 왜?, 일반적으로 post로도 다 통신 하면되는데 왜?) Javascript에서 클로저가 무엇인가? 스프링에서 IoC, DI, AOP가 무엇인가 설명해보세요. Java 다형성, 추상클래스에 대해 설명해보세요. 트랜잭션에 대해 설명해보세요. iBatis/myBatis에서 #와 $의 차이점을 설명해보세요. React의 단점이 있는데 그 단점이 무엇이며 단점을 보완하기 위해 최근에 나온것이 있는데 그게 무엇 인가요? 실무(개발)코딩이 아니라 문제해결을 위한 코딩에 대해 자신이 있나요? (1차면접때 손코딩문제를 내기 에 미리 알려드리는겁니다.) 포트폴리오 관련 질문 3~5개 Java에서 static과 final에 대해 설명해보세요. 본인이 주로한 분야는 FE인가요? BE인가요? html meta태그에 viewport를 쓰셨던데 이게 무엇인가요? 본인이 개발한 서비스가 운영중 느려질경우 어떻게 대처 할 것인가? soa / msa 정의 mysql scail out 과 mongodb sharding 어떨때 쓰나 ""서류전형 > 전화면접 > 1차면접 > 2차면접 > 입사"" 2 던킨/던킨도너츠 (… 4 기업 랭킹 채용 뉴스 연봉 이직 뽐뿌 오는 날 5분 완성, 1년 간 기업정보가 무료!    제휴 대학 서비스",Java
Java에 관한 디테일한 질문들 나옴,Java
"Java에 관한 디테일한 질문들 나옴. 가비지컬렉션에 대해 설명. 주소창에서 url을 친 후 페이지가 보이기까지 일련과정을 설명. Collection 관련 OOP개념과 디자인패턴, 손코딩 지금까지해온 플젝 설명",Java
"안드로이드 개발자로 지원하였고, 컴퓨터공학 일반, Java, 안드로이드, 알고리즘 일반에 대해 두루두루 물어보았습니다. 몇 가지 구체적 질문을 공유하면, 1) Dynamic Programming이 무엇인지 설명하시오 2) 안드로이드에서 쓰레드 간에 통신하는 방법은",Java
"대체적으로는 진행했던 프로젝트 관련 질문들이였고, 내가 한일에 대해서 질문 받았습니다. 또 데이터 베이스, 소프트웨어공학, 자료구조, 알고리즘, Java 클래스 정도에서 면접질문이 나왔어요.",Java
"인성면접시에는 이직사유와 최신 IT트렌드 키워드3가지, 희망 연봉을 높게 적었는데 그 이유 등 생각보 다 압박면접이었고, 기술 면접은 본인이 작성한 PPT를 PDF로 변환해서 PT발표를 진행, 발표 후 질문 받음. 프로젝트 운영하면서 내가 개발한 것이 장애가 났을때 대처 방법, Java, JVM의 역할, 이전 회사에서 내가 참여했던 프로젝트 및 담당했던 부분 등을 얘기 했음.",Java
"데이터 풀 설명 객체지향과 절차지향 언어의 장단점 취미 특기 등 자소서 기반 질문 아프리카 개선 사항 채용방식 필기시험, 그룹면접 발표시기 30일 후 ""대체적으로 무난하였고 압박면접은 아님 기술테스트 후 바로 1차 면접 시작 기술테스트 관련 질문보다는 자소서 기반 질문이였고 기본적인 지식만 있다면 기술 테스트 무난히 통과 탈락의 당락을 결정짓는 것은 아닌듯 이를 마치면 필수전형으로 bj를 해야 하고 이후 임원 면접 실시 임원 면접에서도 100% 인성은 아니고 실무 관련 질문도 한 두개정도는 들어옴 아프리카티비 프로그램에 관해 많은 고민을 해보아야 함 개선사항은 1차 2차 모든 면접에서 들어온 질문임"" 불합격 보통 (주)액션파워 Back-end Engineer (경력 5년 이상) 4 ~ 15년, node.js, Docker, Kubernetes, firebase 합격보상 200만원  라이언앤코(주) [경력] Java Web 개발자 모집 [주4일 출 근제 도입] 3 ~ 5년, java, Spring, aws, jquery, MYSQL, DB, was, 파…  (주)코드박 [200억 웨어 엔 3 ~ 10년, OOP 5개 공고 지원 가능! 채용공고 보기 2 코이즈(주) 1 기업 랭킹 채용 뉴스 연봉 이직 뽐뿌 오는 날 5분 완성, 1년 간 기업정보가 무료!    제휴 대학 서비스  신고하기 도움이 돼요 0",Java
"RxJava를 잘 활용하는지, 람다를 이해하고 있는지, 모바일 앱의 미래는 어떨 것인지",Java
"Java에 Object에 대해서 설명하세요.. 채용방식 스킬테스트, 개인면접 발표시기 1일 후 ""기술 면접을 상세하게 설명하게 합니다. 한일이 아닌 어떤 일을 했는지 기술하는걸 선호 하는거 같습니다. 코딩 시험을 보게 하는데 기본적인거 부터 어려운 알고리즘 문제를 내고 그중 골라 서 진행하게 됩니다. 그 후 자기 주력 언어에 단답형 질문을 주고 받습니다."" 불합격 부정적 도움이 돼요 0",Java
"마이다스 챌린지 본선 후 개인 연락이 옴. 인적성 후 PT 임원면접 (주)쏘카 Backend Developer 3 ~ 8년, Javascript 합격보상 100만원  라이언앤코(주) [경력] Java Web 개발자 모집 [주4일 출 근제 도입] 3 ~ 5년, java, Spring, aws, jquery, MYSQL, DB, was, 파…  (주)트레드 Back-e 경력무관, j 액 3000억원 이상 (주)제니엘 포지션 38개 채용 중 2 (주)오픈노트 - 기업 랭킹 채용 뉴스 연봉 이직 뽐뿌 오는 날 5분 완성, 1년 간 기업정보가 무료!    제휴 대학 서비스  면접경로 온라인 지원",Java
"네트워크 부분에서 유선인터넷을 이용하기까지 LG유플러스에서 하는 일이 무엇인지, 컴퓨터공학을 전 공으로 왜 네트워크 직무에 지원했는지 질문하셨습니다. 채용방식 개인면접 ""캠퍼스캐스팅 전형으로 LG 인적성 시험을 보기 전, 지방에서 면접을 보았습니다. 탈스펙 전형이기 때문에 자기소개서를 제출하면 모두 면접의 기회를 얻을 수 있습 니다. 자기 5분 PR 후, 질문을 통한 면접이 진행됩니다. 면접관께서는 지원자의 이 름, 성별, 전공만 알고, 면접을 진행하시고, 작성된 자기소개서에 대한 정보를 하나 도 가지고 있지 않기 때문에 5분 PR을 통해 충분한 어필을 하고 질문에 답을 잘하는 게 중요한 것 같습니다."" 대기중 보통 라이언앤코(주) [경력] Java Web 개발자 모집 [주4일 출 근제 도입] 3 ~ 5년, java, Spring, aws, jquery, MYSQL, DB, was, 파…  (주)피매치 백엔드 엔지니어 (채용전환형 인턴) 경력무관, python, SQL, azure, PostgreSQL, rest api, 시… 합격보상 100만원  (주)박차컴 JAVA 개 5년 이상, j 합 액 3000억원 이상 휴맥스홀딩스(주) 포지션 0개 채용 중 2 코이즈(주) - 기업 랭킹 채용 뉴스 연봉 이직 뽐뿌 오는 날 5분 완성, 1년 간 기업정보가 무료!    제휴 대학 서비스  신고하기 도움이 돼요 0",Java
"특별히 어려운 점은 없고 직무에 따른 질문지를 준비하고 있는것 같음. 채용방식 인/적성검사, 개인면접, 기타 발표시기 10일 후 ""이력서 제출후 일주일 후 면접. 간단한 자기소개 후 진행했던 프로젝트와 기술들에 대해 말하고 질문 대답 진행. 입사후 포부등 질문."" 합격 보통 라이언앤코(주) [경력] Java Web 개발자 모집 [주4일 출 근제 도입] 3 ~ 5년, java, Spring, aws, jquery, MYSQL, DB, was, 파…  (주)박차컴퍼니 JAVA 개발자 5년 이상, java, spring boot, Docker, Jenkins, Spring Dat… 합격보상 100만원  (주)쏘카 Backen 3 ~ 8년, J 합 액 3000억원 이상 한화비전(주) 포지션 22개 채용 중 2 코이즈(주) - 기업 랭킹 채용 뉴스 연봉 이직 뽐뿌 오는 날 5분 완성, 1년 간 기업정보가 무료!    제휴 대학 서비스  신고하기 도움이 돼요 0",Java
"DB와 관련된 질문, Java에 관련된 질문, Network에 관련된 질문",Java
"지원동기, Java 패키지 상세, uio io 차이, 영어를 잘 하시니 프로그래밍은 못 하시겠네요?(뭐래? 어이 없어) 스레드 프로세스 차이, 저술논문 상세, 기타..",Java
1. 빌드는 어떻게 하시나요? 2. Java의 Spring 프레임워크 사용해 보셨는지? 3. 의존성주입에 대한 설명 / IoC 패턴 사용경험,Java
"Java 개발자 면접으로, 1차면접이 40분씩 2회 이루어집니다. 첫번째 시간에는 JUnit 기반으로 알고리 즘 코딩 테스트를 진행했습니다. 두 번째 시간에는 JVM의 힙/스택 구조, 변수 타입, 자바 8에서 새로 생 긴 기능들, DB connection Pool의 구현, HTTP의 Keep-alive란? 등 기초적인 자바기반 웹개발 상식을 질문받았습니다.",Java
"Spring AOP에 대해 설명해 보세요 Java VM의 구조에 대해 설명해 보세요 채용방식 개인면접 발표시기 10일 후 ""화상면접에서는 3명이 들어왔고 경력 위주의 질문을 받았음. 1차 면접에서는 4명 이 들어왔고 세부 기술 개념에 대한 질문을 많이 받았음."" 불합격 보통 도움이 돼요 0",Java
"입사동기, Spring Bean 개념, Java IO 개념 ""면접 후 며칠 뒤 메일로 합격 통보받고 처우 협의"" 합격 긍정적 도움이 돼요 0",Java
"토론면접은 ai스피커 등 신기술을 이용한 교육에 대한 찬반토론이었습니다 면접질문으론 어떤상사가 가장 최악이라고 생각하는지, 스트레스 해소방법, 프로젝트에 관한 질문을 받았습니다. 채용방식 인/적성검사, 스킬테스트, 그룹면접, 토론면접 발표시기 5일 후 ""서류전형, 코딩테스트와 인성검사 합격 후 1차면접 안내를 받았습니다. 1차면접은 천안에 있는 연수원에서 봅니다. 인적성을 본 후 점심을 먹고 조별로 토론면접과 실무진면접에 들어가게 됩니다."" (주)코드박스 [200억 ↑투자, 두나무 계열사] 소프트 웨어 엔지니어 3 ~ 10년, python, react, graphql, typescript, Django fra…  라이언앤코(주) [경력] Java Web 개발자 모집 [주4일 출 근제 도입] 3 ~ 5년, java, Spring, aws, jquery, MYSQL, DB, was, 파…  (주)피매치 백엔드 경력무관, p 합 액 3000억원 이상 오진상사(주) 포지션 10개 채용 중 2 (주)오픈노트 New 기업 랭킹 채용 뉴스 연봉 이직 뽐뿌 오는 날 5분 완성, 1년 간 기업정보가 무료!    제휴 대학 서비스",Java
"퇴사 후 이직준비하는 사람에게) 왜 꼭 퇴사 후 이직준비를 해야했었나? 무책임한게 아니냐? 라는 질문 을 했었음 채용방식 인/적성검사, 그룹면접 발표시기 14일 후 ""모바일기획 분야 지원하여 2차 면접까지 봤음. 인사팀 사람들이 굉장히 친절하시며, 1차에서는 실무적인 인터뷰, 2차에서는 인성 관련 인터뷰로 多 대 多 로이루어짐. 1차에서는 면접관이 4명, 2차에서는 5명이었던듯. 대답을 잘 못하는 경우에는 좀 짖궃기도 하지만, 똑부러지게 잘 하는 경우에는 우호적임."" 불합격 보통 라이언앤코(주) [경력] Java Web 개발자 모집 [주4일 출 근제 도입] 3 ~ 5년, java, Spring, aws, jquery, MYSQL, DB, was, 파…  (주)쏘카 Backend Developer 3 ~ 8년, Javascript 합격보상 100만원  (주)트레드 Back-e 경력무관, j 액 3000억원 이상 신성통상(주) 포지션 9개 채용 중 3 코이즈(주) 1 기업 랭킹 채용 뉴스 연봉 이직 뽐뿌 오는 날 5분 완성, 1년 간 기업정보가 무료!    제휴 대학 서비스  신고하기 도움이 돼요 1",Java
Java를 사용할 수 있는지? 야간업무에 대해 어떻게 생각하는지? 프로젝트한걸 얘기해보거라,Java
1. 경력중심 자기소개를 해주세요 2. 경험한 프로젝트 중 가장 기억에 남는 프로젝트는? 3. Java 기술력에 대하여 4.이직사유,Java
"이력서의 프로젝트 위주의 내용질문. 프로젝트 내용 대답 시 꼬리질문 이어감. 그리고 Java, spring, db 등 전반적인 cs 질문 이어감. 프로젝트 중 힘들었던 일에 대해 해결방법 상세하게 질문.",Java
면접을 Java관련 엔지니어들이 면접관으로 참여하여 평가하려나 싶었으나 해당 부서 주니어 2 시니어 1명이 들어와 진행 Java를 모른다며 전반적인 기술 관련하여 면접을 진행하겠다고 안내 기억나는 질문은 인텔리제이 며칠전에 설치하고 코드를 이렇게 작성했더니 클래스밑에 밑줄이 생기고 제안문구가 뜨는데 무슨 문구가 뜨느냐 친구에게 물어보니 자바는 동적로딩하면 안좋다는데 이게 무슨말이냐 Sts사용하면서 메모리오류로 다운될때 원인을 왜 안찾아봤느냐 알고리즘 문제 몇개 ( 정렬 및 모듈러 연산 ),Java
"포트폴리오에 대한 개별 질문 녹음해서 확인해보니 대략 30개 이상 CS 지식(Java, DB, Front 사용한 언어에 대해서)",Java
직군면접 2대1로 진행. 자소서 기반 질문. 자신있는 언어 관련 질문. 네트워크와 자료구조에 관한 질문들. 정렬 손코딩 시킨 후 설명 등. 면접관들이 매너있게 대해주셨음. 팀면접 필기시험은 전공 지식 10문제 가량(서술형) 및 알고리즘 3문제(손코딩)를 60분동안 풀어야하므로 시 간이 매우 부족. 면접은 2대1로 진행. 역시 자소서 기반 질문을 하지만 기술적인 내용보단 압박면접 용 도로 사용. 간단한 필기시험 리뷰. SPARK와 Hadoop 관련 질문. Java 관련 질문. 마지막 질문은 시켜 놓고 구체적으로 질문하자 귀찮다는듯이 답변을 굉장히 무성의하게 함. 면접자에 대한 예의는 그닥 신 경쓰지 않는 듯.,Java
Java 제네릭과 C++ 템플릿의 차이점,Java
-대한민국 게임산업에 대하여 한마디 -C++와 Java 차이점 -Java Garbage Collector -간단한 알고리즘 문제 -블리자드와 같은 일류 회사가 되기 위해 넥슨이 어떻게 해야할까,Java
"90% 이상의 문제가 c++이기 때문에 c++에 대한 대비를 못한 점이 아쉬움 채용방식 필기시험 발표시기 7일 후 ""넥슨 글로벌인턴쉽 서류통과 문자를 받고 시험을 보러감 c, c++, c#, Java 등 여러가지 언어가 나온다고 하였는데 c만 준비해감 대부분의 문제가 c++로 나와 응용 부족으로 탈락함"" BEST 불합격 보통 도움이 돼요 0",Java
"가정 분위기가 어떻냐 제원한 분야에 대한 어떤 관심과 활동이 이ㅛ는지 ""서류 집어넣고 평소와 같은 면접 방식이였다 그리고 면접 보고 불합겨..."" 라이언앤코(주) [경력] Java Web 개발자 모집 [주4일 출 근제 도입] 3 ~ 5년, java, Spring, aws, jquery, MYSQL, DB, was, 파…  (주)트레드링스 Back-end 개발 상시 채용 경력무관, java, Spring, SQL, java spring 백엔드  111퍼센트 [111퍼 경력무관, U 합 액 3000억원 이상 씨제이올리브네트웍스(주) 포지션 49개 채용 중 2 엘티삼보(주) 1 기업 랭킹 채용 뉴스 연봉 이직 뽐뿌 오는 날 5분 완성, 1년 간 기업정보가 무료!    제휴 대학 서비스  면접경로 온라인 지원",Java
"자기소개해보세요 자소서 기반으로 잔행했던 프로젝트에 나온 기술, 용어 설명해보세요 관심분야에 최근 이슈에 대해 설명해보세요 팀을 이끌어서 프로젝트한 경험있나요 각각 질문에서 평균 2개씩 꼬리질문있었습니다. 채용방식 인/적성검사, PT면접, 그룹면접 발표시기 16일 후 ""기본적으로 약간은 무관심해보이는 반응이셨고, 면접실에 pt면접 종이를 가지고 가서 자기소개후 답안을 말씀드리고 바로 이어서 실무면접을 시작했습니다. 실무면 접관 3분과 지원자 2명이 한 조였습니다. 편하게 해주시려고 노력하셔서 분위기는 좋았지만 기술적인 질문에 제대로 답을 하 지 못하면 조금 싸해집니다... 관심분야 기술 공부 더 하고 가야겠습니다!"" 대기중 보통 라이언앤코(주) [경력] Java Web 개발자 모집 [주4일 출 근제 도입] 3 ~ 5년, java, Spring, aws, jquery, MYSQL, DB, was, 파…  (주)자비스앤빌런즈 [대규모 채용] Backend Engineer 3 ~ 20년, java, Spring 합격보상 100만원  (주)액션파 Back-e 4 ~ 15년, 합 액 3000억원 이상 (주)우아한청년들 포지션 0개 채용 중 2 엘티삼보(주) 1 기업 랭킹 채용 뉴스 연봉 이직 뽐뿌 오는 날 5분 완성, 1년 간 기업정보가 무료!    제휴 대학 서비스  신고하기 도움이 돼요 0",Java
"차 면접 : 분당 정자동의 KT 본사에서 이루어 졌습니다. 정자역에서 KT 회 사차량으로 본사까지 에스코트 해 주시고, 면접중간에는 면접대기장소가 따로 있어 서 이곳에서 다과를 즐기며 휴식할 수 있었습니다. 그리고 끝나면 Kt 회사버스로 역 시 정자역까지 데려다 주셨습니다. 돌아올때는 비가 조금씩 왔는데 인사담당하셨던 상무님께서 지원자들에게 우산을 직접 나누어 주시는 모습에 감동받았습니다. 전체 적인 면접 분위기는 매우 친절하셨으며 어느것 하나 모자름이 없었다 생각됩니다. 1차 면접의 경쟁률은 2:1 정도로 들었습니다. 면접비는 3만원 이였습니다. 아이디어 컨테스트 - 대기실에 있다가 컨테스트 장소로 이동하였습니다. 책상에 필 기구와 종이가 있고, 아이디어를 주면 약 45분 정도에 걸쳐서 종이에 자신의 생각을 글,그림,도표 등으로 정리하면 되는 것이였습니다. 실무진 면접시 참고자료로 이용됩니다. 그리고 따로 점수가 나오기 도 할까... 요? 그건 잘 모르겠습니다 ^^; 제가 받은 아이디어 주제는 유비쿼터스 시대의 주택에는 어떤 기술들이 도입되어 야 할까?"" 였습니다. 조직가치 면접(실무진 면접?) - 3:1 면접으로 준비된 PPT 자료를 가지고 5분간 발 표를 하는것으로 시작되었습니다. 그리고 발표 내용에 대하여 질문을 받았고 자소 서 위주로 질문을 받았습니다. 면접관 분들이 아이디어 컨테스트때 작성한 종이를 보셨으나 이에 대한 특별한 질문은 하지 않으셨습니다. 주로 마케팅과 인성에 관련 된 질문을 받았지 않았나 생각됩니다. 전공지식에 관한 질문은 전혀 받지 않았습니 다."" BEST (주)코드박스 [200억 ↑투자, 두나무 계열사] 소프트 웨어 엔지니어 3 ~ 10년, python, react, graphql, typescript, Django fra…  라이언앤코(주) [경력] Java Web 개발자 모집 [주4일 출 근제 도입] 3 ~ 5년, java, Spring, aws, jquery, MYSQL, DB, was, 파…  (주)액션파 Back-e 4 ~ 15년, 합 액 3000억원 이상 신성통상(주) 포지션 9개 채용 중 3 더케이텍(주) 6 기업 랭킹 채용 뉴스 연봉 이직 뽐뿌 오는 날 5분 완성, 1년 간 기업정보가 무료!    제휴 대학 서비스",Java
"박사는 왜 시작하였는가? 채용방식 PT면접, 개인면접 발표시기 14일 후 ""저는 박사졸업자 대상 입사전형에서 면접을 보았습니다. 1. 서류제출은 다른 대기업과 비슷합니다. 2. 서류심사 통과자에 한해 인적성검사를 합니다. (인정검사만 보는 사람도 있는 듯 합니다.) 인적성검사는 다른 대기업 인적성과 비슷합니다. 3. 인적성검사 후 실무면접(PT 면접)을 합니다. 일주일전에 주제가 주어지고 일주일간 PT를 준비하여 발표하는 형식입니다. 주제는 지원한 부서마다 다르게 주어지는 것 같습니다. PT발표는 약 15분간 하게 되며 PT에대한 질답과 그외 질답이 약 30분간 진행됩니 다. 전체적인 면접 분위기는 좋다고 생각됩니다. 면접관님들이 편하게 분위기를 유도해 주십니다. 4. 실무면접 후 임원면접을 합니다. 임원면접은 인성면접입니다."" 대기중 긍정적 (주)박차컴퍼니 JAVA 개발자 5년 이상, java, spring boot, Docker, Jenkins, Spring Dat… 합격보상 100만원  라이언앤코(주) [경력] Java Web 개발자 모집 [주4일 출 근제 도입] 3 ~ 5년, java, Spring, aws, jquery, MYSQL, DB, was, 파…  (주)액션파 Back-e 4 ~ 15년, 합 액 3000억원 이상 한화비전(주) 포지션 22개 채용 중 2 엘티삼보(주) 1 기업 랭킹 채용 뉴스 연봉 이직 뽐뿌 오는 날 5분 완성, 1년 간 기업정보가 무료!    제휴 대학 서비스  신고하기 도움이 돼요 1",Java
경력직이다보니 현재까지 진행했던 프로젝트 중 가장 인상깊었던 2가지에 대해 설명하고 그 이유에 대 한 설명. Java 8에 대한 기초적인 설명 및 해당 API를 언제 사용해야하는지에 대한 질문,Java
"면접관들이 전반적으로 실제 분야를 경험 해본 적이 있느냐를 판단하기 위한 질문들을 하기 때문에 경험이 없으면 어려움 ""신입 1) 서류전형 2) 필기전형 : 기업 자체 관련 문제 및 네트웍 관련 문제 3) 면접 : 다대다 면접, 실무 면접으로 관련 지식 필요, 관련 경험이나 지식이 없으면 어려움"" 불합격 정보없음 (주)쏘카 Backend Developer 3 ~ 8년, Javascript 합격보상 100만원  라이언앤코(주) [경력] Java Web 개발자 모집 [주4일 출 근제 도입] 3 ~ 5년, java, Spring, aws, jquery, MYSQL, DB, was, 파…  (주)자비스 [대규모 3 ~ 20년, j 합 액 3000억원 이상 대원씨티에스(주) 포지션 0개 채용 중 2 (주)오픈노트 - 기업 랭킹 채용 뉴스 연봉 이직 뽐뿌 오는 날 5분 완성, 1년 간 기업정보가 무료!    제휴 대학 서비스  회사소개 이용약관 개인정보처리방침 커뮤니티가이드라인 모바일 버전 공지사항 광고 및 제휴문의 고객 문의 FAQ | | | | | | | | 10 11 12 13 14 신고하기 도움이 돼요 0",Java
"자소서 내용에 맞춰 질문함 브랜디 앱을 직접 사용해 봤는가? 브랜디에 지원한 동기는? 채용방식 개인면접 ""지원서를 제출하고 1주 뒤쯤에 연락이 왔고, 면접을 보게 됐음"" 대기중 부정적 111퍼센트(주) [111퍼센트] 1인 개발자 모집 경력무관, Unity, 유니티 합격보상 100만원  라이언앤코(주) [경력] Java Web 개발자 모집 [주4일 출 근제 도입] 3 ~ 5년, java, Spring, aws, jquery, MYSQL, DB, was, 파…  (주)박차컴 JAVA 개 5년 이상, j 합 액 3000억원 이상 데브시스터즈(주) 포지션 0개 채용 중 2 (주)오픈노트 New 기업 랭킹 채용 뉴스 연봉 이직 뽐뿌 오는 날 5분 완성, 1년 간 기업정보가 무료!    제휴 대학 서비스  회사소개 이용약관 개인정보처리방침 커뮤니티가이드라인 모바일 버전 공지사항 광고 및 제휴문의 고객 문의 FAQ | | | | | | | | (주)브레인커머스 서울특별시 강남구 테헤란로 509 엔씨타워 I, 10층 | 대표   황희승, 윤신근 | 개인정보보호관리자   윤신근 사업자등록번호   120-87-92182 | 통신판매업 신고번호   제2014-서울강남-02942호 | 유료 직업소개사업 등록번호   (국내) 제2017-3220163-14-5-00046호 대표번호   1644-5641 (10:00~17:00 / 매월 마지막 금요일 09:00~13:00 / 주말 및 공휴일 휴무) | 대표이메일 : customer_service@jobplanet.co.kr ©Jobplanet. All rights reserved. 10 11 12 13 14 신고하기 도움이 돼요 0",Java
해시 맵 vs 트리 맵 차이는? Java List vs Stream 차이는? HDFS는 CAP theorem으로 보면 어떠한 구조인가?,Java
1. Java Equals 손코딩 2. 입사 이유 및 포부,Java
"업무와 관련된 전반적인 내용을 질문합니다. 케바케일거 같긴 한데 지원 분야랑 다른 질문이 너무 많았 습니다. ""메일로 안내가 온 뒤 직접 방문하여 면접을 진행합니다."" 111퍼센트(주) [111퍼센트] 1인 개발자 모집 경력무관, Unity, 유니티 합격보상 100만원  라이언앤코(주) [경력] Java Web 개발자 모집 [주4일 출 근제 도입] 3 ~ 5년, java, Spring, aws, jquery, MYSQL, DB, was, 파…  (주)박차컴 JAVA 개 5년 이상, j 합 액 3000억원 이상 (주)솔루엠 포지션 2개 채용 중 2 (주)오픈노트 New 기업 랭킹 채용 뉴스 연봉 이직 뽐뿌 오는 날 5분 완성, 1년 간 기업정보가 무료!    제휴 대학 서비스",Java
"이회사에 왜 지원을 하였으며 앞으로 무엇을 보여줄수있는지 얘기해보세요 채용방식 개인면접 발표시기 16일 후 ""기존 다니던 회사와 비교하여 지금 회사와 비슷한점등 그외 회사 관련하여 질문"" 불합격 보통 라이언앤코(주) [경력] Java Web 개발자 모집 [주4일 출 근제 도입] 3 ~ 5년, java, Spring, aws, jquery, MYSQL, DB, was, 파…  (주)피매치 백엔드 엔지니어 (채용전환형 인턴) 경력무관, python, SQL, azure, PostgreSQL, rest api, 시… 합격보상 100만원  (주)박차컴 JAVA 개 5년 이상, j 합 액 3000억원 이상 모트렉스(주) 포지션 30개 채용 중 3 코이즈(주) 1 기업 랭킹 채용 뉴스 연봉 이직 뽐뿌 오는 날 5분 완성, 1년 간 기업정보가 무료!    제휴 대학 서비스  신고하기 도움이 돼요 0",Java
"코딩테스트는 알고리듬 문제가 나왔는데 난이도는 기본 알고리듬 문제 수준이었습니다. 각 문제마다 코드에 comment로 설명을 쓰고 시간복잡도를 써야 했습니다. 필기시험은 사용했던 테크 경험에 관한 질문, 이론에 관한 문제, Java 문제, 코드 작성 문제 등이 있었습 니다. 전반적으로 정보처리기사 정도 수준 문제와 프로그래머라면 당연히 알아야 할 지식들이었습니 다. 1차면접은 다양한 질문들이 나왔는데 지금까지 제가 사용했던 테크스택에 관한 질문과 이전 직장들에 서 했던 업무에 대한 질문이 대부분이었습니다. Kafka 등 오픈소스 프로젝트에 대한 질문들도 있었습 니다.",Java
"개인적인 질문과 팀활동 관련 질문, 그리고 다양한 분야의 전공 질문이 있었습니다. DB, OS, 네트워크, 자료구조, Java, C++ 등등",Java
"- 개발직군으로서 갖춰야 할 기초지식에 대한 깊이 있는 이해도를 확인 - 자신이 개발한 결과물에 대한 논리적이고 합리적인 질문과 대화가 이어짐 - Java 관련 질문이 주를 이룸 - 특정 플랫폼에 대한 기본 개념 및 개발 이슈 숙지 필수 - 특정 개발 패턴에 관한 설명을 요구받음 (화이트보드 이용) - 소스 튜닝, 사용하는 툴이나 자신만의 방법론에 대한 설명 - 구글이나 마소 면접에 나올법한 질문 몇가지",Java
"1. 개발 디자인 관련 문제 MVC관련 2. 안드로이드 팀 프로젝트 관련해서 질문(Intent, 3. Java와 Java Script차이 4. Linked List와 Array 차이. 등등 채용방식 필기시험, 개인면접 발표시기 7일 후 불합격 부정적 도움이 돼요 0",Java
"1. 라인 게임 서버의 아키텍처를 구성한다면 어떻게 할 것인지를 화이트 보드에 그려보라고 하였습니 다. 2. 상당히 기본적이면서도 깊이 있는 질문들이 줄을 이었습니다. (예를 들어, Java Garbage Collection 에 대해서 아는 대로 설명해보시오. Java 에서 생성자를 private 으로 선언하는 경우에는 어떠한 것들이 있는가? web browser에서 사용자의 HTTP 요청이 보내질 때 부터 화면에 HTML 컨텐 츠가 표시될 때 까지의 과정을 아는대로 말해보라. 서블릿 컨테이너는 자신이 호출할 서블릿을 어떻게 찾는가? 등등)",Java
"경력채용.부서장 면담. 부서장 면담에서 굉장히 디테일하게 물어봄. (주)피매치 백엔드 엔지니어 (채용전환형 인턴) 경력무관, python, SQL, azure, PostgreSQL, rest api, 시… 합격보상 100만원  라이언앤코(주) [경력] Java Web 개발자 모집 [주4일 출 근제 도입] 3 ~ 5년, java, Spring, aws, jquery, MYSQL, DB, was, 파…  (주)박차컴 JAVA 개 5년 이상, j 합 액 3000억원 이상 (주)우아한청년들 포지션 0개 채용 중 2 (주)오픈노트 New 기업 랭킹 채용 뉴스 연봉 이직 뽐뿌 오는 날 5분 완성, 1년 간 기업정보가 무료!    제휴 대학 서비스  면접경로 온라인 지원",Java
Java 8버전에서 변화된 사항은 무엇이 있는지 CI/CD 에 대한 설명 본인이 프로젝트를 하면서 가장 중요하게 여기는 점,Java
크게 어려운 질문은 없었고 기술관련질문을 받았습니다. C나 Java에 대해 아는 개념이나 기술을 물어 보았고 나머지는 개인적인 질문을 받았습니다.,Java
Java 기술과 디자인패턴에 대한 전반적인 질문.,Java
1. 스크럼이 무엇인가 2. 임사 후 모르는 것들을 어떤 방식으로 공부할 것인가 3. Java와 C의 차이점,Java
1. Java 관련 질문 2. 협업 문제 해결 방법 3. 열정적으로 노력한 경험,Java
"제가 봤던 순서대로 설명하겠습니다. 저는 처음에 SW테스트를 보았습니다. 6명의 지원자들을 함께 컴퓨터가 있는 방으로 보내서 1시간동 안 3문제를 풉니다. 프로그래머스 기반이기 때문에 해당 사이트에서 연습하시면 좋을듯 합니다. 기존 사이트처럼 C, C++, Java, Python 언어를 선택해서 풀 수 있는 2문제와 SQL 1문제가 있습니다. 다음으로는 그룹 면접을 보았습니다. 저는 아까 말씀드린 6명의 지원자가 그대로 그룹이 되었습니다. 다른 지원자들, 다음 면접은 아닐수도 있지만 같이 들어갔던 지원자들을 기억했다가 대기실에서 미리 대화를 나누어 보는 것도 좋을수 있습니다. 그룹 면접은 3층에서 잠깐 대기했다가 실시하니 그 때 팀장 을 정해야합니다. 팀으로 주어진 과제에 맞는 레고를 조립하며 20분이라는 짧은시간이었던 듯 한데, 따 라서 팀장의 빠른 판단과 지시, 팀원들의 역할 분담과 수행능력이 중요합니다. 마지막으로 PT 면접을 봅니다. 개인적으로 가장 힘들었습니다. 3명의 인원을 컴퓨터 방으로 보내서 40 분의 시간을 줍니다. 3개의 주제가 써있는 과제지를 주고, 주제를 선택해서 큰 도화지에 5분간 발표할 자료를 만들라고 합니다. 컴퓨터방에 보내진 이유는 인터넷으로 조사가 가능합니다. 40분이 지나면 발 표 자료만 들고 4명의 면접관이 있는 방에서 혼자 발표를 하게 됩니다.",Java
"압박면접은 아니지만 레고 면접이 있습니다. 피티면접은 왜 그 피티에 대해서 차별성이나 독특함, 경쟁사에 비해 좋은지 강점을 말하라는 부분이 어 려웠습니다 채용방식 인/적성검사, PT면접, 그룹면접, 개인면접 발표시기 4일 후 ""면접 1회 안에 피티, 개인 역량, 그룹면접을 함께 봅니다 서류통과 > 인적성 > 그룹면접, 역량+피티면접이 진행됩니다. 면접관은 3명이고 3:1로 봅니다. 그룹면접은 8~12명이 함께 들어갔습니다."" 불합격 긍정적 라이언앤코(주) [경력] Java Web 개발자 모집 [주4일 출 근제 도입] 3 ~ 5년, java, Spring, aws, jquery, MYSQL, DB, was, 파…  (주)트레드링스 Back-end 개발 상시 채용 경력무관, java, Spring, SQL, java spring 백엔드  (주)자비스 [대규모 3 ~ 20년, j 합 액 3000억원 이상 데브시스터즈(주) 포지션 0개 채용 중 2 (주)오픈노트 New 기업 랭킹 채용 뉴스 연봉 이직 뽐뿌 오는 날 5분 완성, 1년 간 기업정보가 무료!    제휴 대학 서비스  신고하기 도움이 돼요 0",Java
"파견 근무가 잦은데, 출장이나 지방근무에 대한 의견. 커리어 공백기간 동안 어떤 일을 했는지 문의. Java에 대해서는 얼마나 알고 있다고 생각하는지.",Java
"전공에서 주로 C를 다루었는데, 우리 회사는 Java를 주로 다룬다. 잘 할수 있나?",Java
Java 가비지콜렉터에 대해 아는대로 말해보시오,Java
Java 필터 인터셉터 aop 실행순서. 프로젝트 수행 시 고려할점 등,Java
"이제까지 했던 프로젝트에 대해 설명해주세요. Java 8 의 특징들 - 세세하게 하나씩 스프링의 기초 원리 - DI, IoC 가 왜 사용되었는지. Spring AOP 의 역할 Interceptor, Filter 의 차이점과 사용용도",Java
"이론적인 부분들을 주로 질문했었음 Java, 스프링, DB 등등 기본적인 질문이 많지만 난이도가 낮지는 않음 자료구조 부분도 일부 있었음",Java
"총 과정은 코딩테스트, 1차면접(직무), 2차면접, ceo면접 이었고 코딩테스트는 문 제는 많지만 무난무난한 문제들이었고, 직무면접은 1시간 정도였는디 이때까지 내 가 했었던 모든것들 위주로 질문하고 간간히 기술질문을 받았습니다 리디(주) 백엔드 소프트웨어 엔지니어 7 ~ 12년, MYSQL, node.js, go, typescript 합격보상 100만원  라이언앤코(주) [경력] Java Web 개발자 모집 [주4일 출 근제 도입] 3 ~ 5년, java, Spring, aws, jquery, MYSQL, DB, was, 파…  (주)피매치 백엔드 경력무관, p 합 액 3000억원 이상 한화비전(주) 포지션 22개 채용 중 2 코이즈(주) - 기업 랭킹 채용 뉴스 연봉 이직 뽐뿌 오는 날 5분 완성, 1년 간 기업정보가 무료!    제휴 대학 서비스  면접경로 헤드헌터",Java
"공백기 기간 질문 프로젝트 질문 Java, Spring 질문",Java
품질혁신팀 개발자 인턴 면접이였고 회사 직원들 면접관들 친절하십니다 면접 전에 간단한 테스트 보는데 테스트 난이도는 쉬운편 Java SQL Linux 관련 문제들 처음에 들어가서 다른 대기업 처럼 딱딱하게 자기소개 했더니 여기는 압박면접 없으니 그렇게 하지 말 라고 하셨습니다.,Java
"Spring DI, IoC Java Collection 알고리즘",Java
"db에 대해서 이론적인 질문을 많이받음 실무적인 경험에 대한 질문이 적음 채용방식 PT면접, 개인면접, 기타 발표시기 ""면접 자체는 평이한편 1차 2차면접이 존재함"" 라이언앤코(주) [경력] Java Web 개발자 모집 [주4일 출 근제 도입] 3 ~ 5년, java, Spring, aws, jquery, MYSQL, DB, was, 파…  111퍼센트(주) [111퍼센트] 1인 개발자 모집 경력무관, Unity, 유니티 합격보상 100만원  (주)코드박 [200억 웨어 엔 3 ~ 10년, 액 3000억원 이상 모트렉스(주) 포지션 30개 채용 중 2 코이즈(주) - 기업 랭킹 채용 뉴스 연봉 이직 뽐뿌 오는 날 5분 완성, 1년 간 기업정보가 무료!    제휴 대학 서비스",Java
"어떤 공부를 했는지, Java 기본적인 기술 질문들, 회사 위치 괜찮은지",Java
"Javascript, Java, typeScript 등....",Java
"Java, Spring, Html, Css, Js, db 다룰줄 아는지? 다룰수 있다면 수준은 어느정도? 학교에서 전공이 무엇인지? 경험했던 졸업작품 또는 프로젝트는? ""면접날짜 이전 서류합격여부 통보는 대략 일주일 안으로 이루어진것같음."" (주)코드박스 [200억 ↑투자, 두나무 계열사] 소프트 웨어 엔지니어 3 ~ 10년, python, react, graphql, typescript, Django fra…  (주)트레드링스 Back-end 개발 상시 채용 경력무관, java, Spring, SQL, java spring 백엔드  리디(주) 백엔드 7 ~ 12년, 합 액 3000억원 이상 (주)솔루엠 포지션 2개 채용 중 2 코이즈(주) - 기업 랭킹 채용 뉴스 연봉 이직 뽐뿌 오는 날 5분 완성, 1년 간 기업정보가 무료!    제휴 대학 서비스  학교 취업지원 센터",Java
Java와 Web에 대한 전반적인 질문,Java
Git Hub 및 이클립스 Java를 사용한 코딩 테스트. 간단한 알고리즘과 오버라이딩 개념 문제 및 조금 난 이도 있는 알고리즘 문제를 풀었습니다.,Java
"1차 면접은 인사팀 면접관1명, 실무자 면접관 1명과 2:1로 진행되었습니다. 질문은 자기소개와 기술관련한 질문을 하였습니다. 저는 Java 관련이여서 Java기초에 대한 20개 이상 의 키워드에 대한 대답을 하였음. 2차 면접은 CTO와 1:1 면접입니다. 자기소개, 별명, 주위에서 나를 어떻게 생각하는지, 알고리즘 문제, 웹 동작 설명, 3년 후의 나의 모습 등 많은 질문을 하였습니다.",Java
Java만 하신거 같은데 php할수있나요 Java웹개발 관련 지식 물어봄 질문 수준은 그냥 그럼. 편한 분위기는 그냥 그럼. 질문하래서 질문했더니 뭐 씹은 표정으로 귀찮다는 표정이 역력함.,Java
1. 1시간 분량의 과제 중 상황을 가정하여 더 효율적인 자료 구조를 물어보심 2. Java - Thread 관련 질문,Java
"Java로 구구단 짜기 손코딩 , 웹페이지 프린트 종이로 블랙박스 테스트 진행",Java
Java 개발은 얼마만큼 하는가? 프리랜서는 왜 했는가?,Java
"기술적인면접, 보통 프로젝트 기반 면접, 인성검사 결과로의 면접 ""인성,코테,1차,2차임원까지 1달내외진행"" (주)코드박스 [200억 ↑투자, 두나무 계열사] 소프트 웨어 엔지니어 3 ~ 10년, python, react, graphql, typescript, Django fra…  라이언앤코(주) [경력] Java Web 개발자 모집 [주4일 출 근제 도입] 3 ~ 5년, java, Spring, aws, jquery, MYSQL, DB, was, 파…  (주)쏘카 Backen 3 ~ 8년, J 합 액 3000억원 이상 (주)교원 포지션 0개 채용 중 2 엘티삼보(주) 1 기업 랭킹 채용 뉴스 연봉 이직 뽐뿌 오는 날 5분 완성, 1년 간 기업정보가 무료!    제휴 대학 서비스  면접경로 온라인 지원",Java
1. 지원동기 2. Java 는 해보지않았는데 괜찮은지 3. 어떤업무를 하고싶은지,Java
본인이 했던 프로젝트에 대해 설명해주세요. 프로젝트에서 어려웠던 점은 무엇인가요. Java 개발 잘 수행할 수 있나요?,Java
"면접 보고 일주일 정도 후 전화로 유선 통보. 면접일로부터 대략 2달 후 입사 라이언앤코(주) [경력] Java Web 개발자 모집 [주4일 출 근제 도입] 3 ~ 5년, java, Spring, aws, jquery, MYSQL, DB, was, 파…  (주)쏘카 Backend Developer 3 ~ 8년, Javascript 합격보상 100만원  (주)박차컴 JAVA 개 5년 이상, j 합 액 3000억원 이상 신성통상(주) 포지션 9개 채용 중 2 코이즈(주) 1 기업 랭킹 채용 뉴스 연봉 이직 뽐뿌 오는 날 5분 완성, 1년 간 기업정보가 무료!    제휴 대학 서비스  면접경로 온라인 지원",Java
"이전회사에서 무엇을 했었고, 어떤 성과를 냈는지와, 이력서에 나와있는 기술들에 대해 어느정도 아는 지? 기술은 클라우드에 대한 개념과 Public/Private 클라우드의 차이, Devops의 개념과 각 툴들에 차이, 클 라우드 기반으로 웹 서비스 아키텍쳐 구성, 트러블 슈팅 경험등 ""면접은 총 2차로 나눠서 진행함. 1차, 2차 모두 분위기 좋았음 첫번째 인터뷰는 면접관이 3명 나와서 이전회사에서 무엇을 했었고, 어떤 성과를 냈 는지와, 이력서에 나와있는 기술들에 대해 어느정도 아는지를 검증했었다. 두번째 인터뷰는 면접관이 4명 나왔는데 2명은 기술자, 2명은 인사쪽에서 나와서 기술 및 인성 면접을 동시에 보게 되었다. 기술은 클라우드에 대한 개념과 Public/Private 클라우드의 차이, Devops의 개념 과 각 툴들에 차이, 클라우드 기반으로 웹 서비스 아키텍쳐 구성, 트러블 슈팅 경험 등을 면접 볼수 있었다. 인성의 경우 팀내 갈등 관리와 일정 관리등과 함께 컴플라이언스 이슈 발생시 대응 방법, 매니저가 되었을때 팀원 관리 방법등을 면접 봤었다. 그 뒤에는 인성검사를 치뤘다."" (주)액션파워 Back-end Engineer (경력 5년 이상) 4 ~ 15년, node.js, Docker, Kubernetes, firebase 합격보상 200만원  라이언앤코(주) [경력] Java Web 개발자 모집 [주4일 출 근제 도입] 3 ~ 5년, java, Spring, aws, jquery, MYSQL, DB, was, 파…  (주)박차컴 JAVA 개 5년 이상, j 합 액 3000억원 이상 데브시스터즈(주) 포지션 0개 채용 중 2 (주)오픈노트 - 기업 랭킹 채용 뉴스 연봉 이직 뽐뿌 오는 날 5분 완성, 1년 간 기업정보가 무료!    제휴 대학 서비스",Java
1. IP 헤더에 대해서 설명해보세요. 2. Java 에서 interface에 대해서 설명해보세요. 3. 원하지 않는 직무를 배정받으면 어떻게 하실껀가요?,Java
Java8의 가장 큰 변경점 Rest API 메소드별 차이점 업무시스템의 용도,Java
c와 Java의 차이가 무엇인지에 관하여 물어봤습니다. 또한 Java에서의 Up casting Down casting에 관하여 질문하였습니다.,Java
"1차면접에서는 Android 및 Java 전반에 대한 지식에 대해서 필기형으로 시험을 보고, 그것을 토대로 기술면접을 진행하였다. 기술면접은 두 그룹의 면접관으로 나누어서 진행하였다. 대체로 Android 및 전산학 전반의 지식에 대해서 물어보았다. 2차면접은 특정한 사례에 대한 질문을 하였고, 그것을 해결하는 능력을 보았다. 그리고 엔씨테스트 결 과를 토대로 성향을 파악하는 질문들이 있었고, 평소의 생활과 동료들과의 관계에 대한 부분들도 질문 이 이어졌다. 전 직장에서의 퇴사 사유도 구체적으로 물어보았다.",Java
"엔씨 테스트는 인적성 + 직무능력인데 인적성은 평범한 인적성이고 직무능력시험은 그냥 컴퓨터 공학 등에 관한 넓고 얕은 지식, 수학물리에 대한 기본적인 지식 정도가 있으면 될 것 같습니다. 엔씨와 엔씨 게임에 관한 문제도 있습니다. 실무면접은 다른 면접후기에서도 볼 수 있는 공통된 몇 가지 질문을 하고, 주로 프로젝트 경험에 대해서 물어봅니다. 어떤 언어, 어떤 도구를 이용했고 그 언어의 특징은 뭐고 어려웠던 점은 무엇이었으며 어떻 게 해결했는지, 나의 어떤 능력이 뛰어나다 자부할 수 있는지 등이었습니다. 임원면접은 다대일이었는데 대학교에서 뭘 했는지, 협업에서의 문제가 있을 때 어떻게 해결했는지, 내 가 엔씨에 뽑히면 할 수 있는 나만의 강점이 무엇이 있는지 등의 질문과 게임을 얼마나 하는지, 어떤 게 임을 좋아하는지, 평소에 시간이 남을 때는 무엇을 하는지 등의 수많은 개인적인 질문까지 받았습니다. ""서류 합격 - 엔씨 테스트 - 실무 면접 - 임원 면접 - 합격통보 면접 분위기는 굉장히 좋았습니다. 면접자를 곤란하거나 난처하게 만드는 질문은 애초부터 하지 않는다고 공언하고 시작했구요. 전체적으로 서로 웃으면서 한 시간 동안 질문과 답이 오갔습니다. 면접 팁이라면, 스스로의 부족함을 가리거나 숨기지 말고 그것을 메우기 위해 뭘 했는지를 어필하는 게 좋은 방법인 것 같습니다. 또한 면접 질문 하나하나에 따른 모범답안을 대답하기보다는 스스로의 가치관에 따라 일 관성을 가지고 진솔한 대답을 하는 쪽이 좋은 것 같습니다."" 라이언앤코(주) [경력] Java Web 개발자 모집 [주4일 출 근제 도입] 3 ~ 5년, java, Spring, aws, jquery, MYSQL, DB, was, 파…  (주)트레드링스 Back-end 개발 상시 채용 경력무관, java, Spring, SQL, java spring 백엔드  (주)액션파 Back-e 4 ~ 15년, 합 액 3000억원 이상 휴맥스홀딩스(주) 포지션 0개 채용 중 2 코이즈(주) 8 기업 랭킹 채용 뉴스 연봉 이직 뽐뿌 오는 날 5분 완성, 1년 간 기업정보가 무료!    제휴 대학 서비스",Java
"본사의 게임을 얼마나 많이 해봤는지, 어떤점이 장/단점인 지 등 게임분석적인 이야기. 미리 어느정도 알아두고 가는 것이 좋다. 채용방식 케이스 면접, 그룹면접, 개인면접 발표시기 3일 후 ""계약직의 경우 면접 시 3~4명의 과장/팀장급에게 보게됨. 최초에는 파견직으로 들 어가는 경우도 잦으나, 요즘에는 워낙 말이 많아서 (쓰고 버리는 이미지라서) 대부 분 인턴/정규 채용을 선호하는 것 같은 분위기."" 합격 부정적 라이언앤코(주) [경력] Java Web 개발자 모집 [주4일 출 근제 도입] 3 ~ 5년, java, Spring, aws, jquery, MYSQL, DB, was, 파…  리디(주) 백엔드 소프트웨어 엔지니어 7 ~ 12년, MYSQL, node.js, go, typescript 합격보상 100만원  (주)액션파 Back-e 4 ~ 15년, 합 액 3000억원 이상 씨제이올리브네트웍스(주) 포지션 49개 채용 중 2 코이즈(주) 8 기업 랭킹 채용 뉴스 연봉 이직 뽐뿌 오는 날 5분 완성, 1년 간 기업정보가 무료!    제휴 대학 서비스  신고하기 도움이 돼요 0",Java
