﻿question,extracted_terms
"네트워크.데이터베이스.알고리즘 손코딩.현안토론 및 대안모색.논리서술.요금제관련질문.iot플랫폼 및 최신기술 동향에 대한 주제 채용방식 필기시험, 인/적성검사, 스킬테스트, 논술 시험, 케이스 면접, PT면접, 그룹면접, 토론면접, 개인면접 발표시기 30일 후 ""1박2일로 진행 이틀동안 열가지넘는 테스트를 진행한다. 10명이 한팀으로 진행하고 다시 5명씩 쪼개서 토론하기도 하고 합쳐서 토론하기도 한다. 주로 에스케이텔레콤 현안에 대해서 대안을 모색하는 과제가 주를 이룬다. 개인테스트도 진행하는데 전산학지식 및 손코딩이나 논리문제가 제출된다. 마지막날 개인면담을 수행하는데 주로 진행했던 프로젝트 위주로 물어본다."" 신입공채 채용 판도 뒤바꾼 SKT…”오히려 좋 아” [인터뷰] SK텔레콤 광고사업팀 김유민님, Ranker팀 김태 현님 찐친부터 가족까지 입사시키고 싶은 이 회 사, 비결은? 찐으로 ‘좋아요’ 꾸욱 누르게 만드는 SKT 구성원 리뷰 모 음.zip K텔레콤(주) 사의 빠른 소식을 받아보세요! 3 엘티삼보(주) 1 기업 랭킹 채용 뉴스 연봉 이직 뽐뿌 오는 날 5분 완성, 1년 간 기업정보가 무료!    제휴 대학 서비스",데이터베이스
- 데이터베이스 like 검색과 엘라스틱서치의 와일드카드 검색이 어떤 차이가 있는지 설명해보세요 - 엘라스틱서치 업데이트처리시 내부 동작을 설명해보세요 - JVM 메모리 구조에 대해 설명해보세요,데이터베이스
1. 다니던 회사를 그만 둔 이유 2. PHP 개발 경험 유무 3. 데이터베이스 기술 질문,데이터베이스
"전공관련 데이터베이스 질문 채용방식 필기시험, 그룹면접 발표시기 5일 후 ""간단한 코딩 테스트 후에 바로 면접에 들어가게 됩니다."" 불합격 긍정적 도움이 돼요 0",데이터베이스
1. 스프링 프레임웍의 di란 무엇인가? 2. 데이터베이스 성능 이슈시 어떠한 과정으로 대처 할 것인가?,데이터베이스
"손코딩은 간단한 알고리즘 문제가 나옴. 교집합. 비트연산. 요구사항에 맞는 리스트 만들기 기술 질문은 직무에 관련된 기술에 대해 세세하게 물어보는 편. 단순하게 사용해본 프레임워크나 MVC, IoC, AOP 등에 대해 아는 것을 설명해 달라고도 함. 사용해본 데이터베이스의 차이점이나 장점 등도 질문함.",데이터베이스
"자기소개, 지원동기 - 데이터베이스 정규화 관련 질문 - Linux 기초지식 - 큐,스택,힙 설명 - 온라인테스트 제출한 코드 리뷰하면서 왜 이렇게 작성했는지 설명 - 이진탐색 손코딩",데이터베이스
온라인테스트에 대한 클래스다이어그램 물어봄. 데이터베이스 관련 질문,데이터베이스
자바 언어에 대한 전반적인 질문과 프레이임웍 데이터베이스 경험에 의해 알고 있는 툴 도메인 경험에 의한 지식 등등 다양한 질문이었어서 일일히 기억하기 힘듬,데이터베이스
1. 트러블슈팅 경험중 가장 기억에 남는 것은? 2. RESTFUL API에 대해 설명해주세요 3. 데이터베이스 최적화 기법에 대해 아는대로 설명해주세요,데이터베이스
"1. 데이터베이스에 10억개의 정보가 있을 때 어떻게 처리할 수 있을지 2. 서버에서 TimeoutError가 떴을 때 어떤 것을 가장 먼저 확인해야할지 채용방식 스킬테스트, 개인면접 발표시기 9일 후 ""서류, 코딩테스트 이후 1차 면접을 진행했습니다. 대학 연계 과정이였고, 1차 면접이 마지막 면접이였습니다. 프리즘 라이브 스튜디 오 데이터 분석 역할을 맡아 데이터 분석 및 시각화 공부를 열심히 했는데.. 아쉽게 도 서버와 데이터베이스 관련 질문만 계속 들어와서 아쉬웠습니다. 모르는 내용이 많아 잘 대답하지 못했고 떨어졌습니다."" 불합격 보통 2 던킨/던킨도너츠 (… 4 기업 랭킹 채용 뉴스 연봉 이직 뽐뿌 오는 날 5분 완성, 1년 간 기업정보가 무료!    제휴 대학 서비스  회사소개 이용약관 개인정보처리방침 커뮤니티가이드라인 모바일 버전 공지사항 광고 및 제휴문의 고객 문의 FAQ | | | | | | | | (주)브레인커머스 서울특별시 강남구 테헤란로 509 엔씨타워 I, 10층 | 대표   황희승, 윤신근 | 개인정보보호관리자   윤신근 사업자등록번호   120-87-92182 | 통신판매업 신고번호   제2014-서울강남-02942호 | 유료 직업소개사업 등록번호   (국내) 제2017-3220163-14-5-00046호 대표번호   1644-5641 (10:00~17:00 / 매월 마지막 금요일 09:00~13:00 / 주말 및 공휴일 휴무) | 대표이메일 : customer_service@jobplanet.co.kr ©Jobplanet. All rights reserved. 28 29 30 31 32 신고하기 도움이 돼요 1",데이터베이스
"뷰 프레그먼트 차이 invalidate requestlayout차이 뷰 커스텀 과정 설명 databinding에 대한 사용경험과 생각 객체지향에서 가장 중시하는 것 비동기 사용 시 경험에 대해 얘기, 데이터베이스 사용시 비동기 관련 얘기, 기타 비동기 얘기 디자인패턴",데이터베이스
면접관분들이 준비해 오신 질문지를 풀고 그에 대한 답변을 하는 방식이었습니다. 생각보다 간단하면서 생각을 필요로하는 문제가 나왔고 1.데이터베이스 2.자바 3.알고리즘 4.기타 상식,데이터베이스
"운영체제, 언어적인 문제, 네트워크 자료구조 데이터베이스에 대한 문제들이나왔습니다.",데이터베이스
"전화면접은 자료구조, 알고리즘, 네트워크, 운영체제, 데이터베이스, 객체지향에 대해서 물어보고, 1차 면접부터는 인성도 같이 물어봄",데이터베이스
"이진트리에 대하여 아는대로 말해보시오. POST와 GET방식의 차이는 무엇입니까? 여태 완성한 프로젝트 중 가장 큰 것은 무엇이었고, 어떤부분을 담당했습니까? 작성한 프로그램 중 가장 길었던 코드는 몇 줄입니까? 채용방식 스킬테스트, 개인면접, 기타 ""웹 프로그래머 인턴쉽 전형을 지원하였고 서류통과 후 전화면접을 진행하였습니 다. 네트워크, 데이터베이스 등 IT기본 지식에 대하여 물어보고 자소서에 작성한 프 로젝트에 대하여 상세하게 설명해주길 원했습니다."" 불합격 보통 도움이 돼요 0",데이터베이스
"정보처리기사 시험범위와 유사한 전반적인 모든 IT에 관련된 기술에 대해서 물어봅니다. 데이터베이스, 알고리듬, OS등등 어느 분야는 전문성이 있거나 자신이 정말 IT기술에 대해서 관심과 이 해도가 있는지를 주로 보며 깊게 파고들어가는 질문을 계속 던집니다. ""지인추천으로 지원하게 되었으며, 임원 및 대표 면접을 진행했는데...후보자에 대 해 깊게 파고들어 질문하는 과정에서 전문성이 느껴졌습니다. 다만 이러한 과정이 쉽지 않고 압박이 느껴지긴 했습니다."" 불합격 정보없음 도움이 돼요 4",데이터베이스
데이터베이스에 대해 설명해보시오. 빠르게 업무에 적응하기 위한 나만의 계획은 무엇인가?,데이터베이스
인성과 기술 면접 자기소개 프로젝트시 갈등이 생기면 어떻게 대처 데이터베이스 정규화,데이터베이스
"프레임워크 질문, 데이터베이스, 이력서에 쓴 기술 중심으로 질문하였음",데이터베이스
"1차로 데이터베이스 기본적인 질문 및 경력 사항에 대해 질문합니다. 2차 임원진 면접은 상당히 편하게 진행될거라는 예상과 달리 경력 사항 및 기술에 대해 자세하게 물어보는 편이고, 아프리카티비 입사동 기 및 왜 자신이 필요한 인재인지를 어필하는 것이 중요함.",데이터베이스
"객체지향에 대해 물어봄. 데이터베이스 관련 지식 ""인성면접이랑 보고합시다? 면접이 있음 인성면접은 3명이 같이 들어갔고, 자기소개서랑 인성, 그리고 소프트웨어 지식에 대 해 물어봄. 보고합시다 면접은 주어진 주제에 대해 각자 제안서를 작성한 다음, 그 중 괜찮은 것 을 고르고 상사에게 보고하는 형식으로 진행됨"" 불합격 보통 도움이 돼요 1",데이터베이스
데이터베이스를 구현한다면 어떻게 구현하실건가요? 왜 퇴사 계획을 갖고계신건가요?,데이터베이스
"데이터베이스나 백엔드에 관한 것, 본인 프로젝트에 대한 질문, 입사 지원 동기 및 자기소개",데이터베이스
"1. XSS와 CSRF 차이점 2. XSS와 CSRF의 대응방안 3. 파일 다운로드 및 업로드 설명 4. 주요 정보 통신 기반 시설 가이드를 본적이 있는지 5. 다뤄본 OS는 무엇이 있는지 6. 아는 리눅스 명령어 설명 7. 데이터베이스는 무엇을 다뤄봤는가? 8. 사용할 수 있는 프로그래밍 언어는 어떤게 있는가? 9. 스크립트 제작이 가능한가? 10. SQL Injection 설명과 Error Based, Blind Based, Time Based 차이점 및 대응방안 11. 사용해본 도구는 무엇이 있는가? 12. 윈도우 OS 별 차이점 13. 프로젝트 경험",데이터베이스
"1. 자기소개 / 지원 동기 / 해당 직무를 왜 하고 싶은지 2. 코딩테스트에 대해서 왜 이렇게 풀었고 효율성이 완벽하지 않았는데 코테 끝나고 다른 방법을 생각 해 보았는지 3. 프로젝트에 대해서 어떤 방식으로 진행이 되었는지 / 사용한 기술에 대해서 래퍼런스를 읽어보았는 지 4. OS, 데이터베이스, 네트워크, Spring, 자료구조에 대해서 깊게 물어봄",데이터베이스
알고리즘 자료구조 데이터베이스 네트워크 관련 질문,데이터베이스
"실무진 면접에선 알고리즘부터 디자인 패턴, 데이터베이스 등 다양한 전산 이론 및 실무에 관련된 내용 을 물어봅니다. 팀장급 면접은 경력에 관한 설명과 카카오에서의 포부나 관심 사항에 대해 물어봅니다.",데이터베이스
"1차 면접의 경우 경력으로 지원해서 주로 포트폴리오 상의 프로젝트를 위주로 질문이 이어졌으며, 그 외에 기술적인 질문과 커뮤니케이션, 인성에 대한 질문이 있었습니다. 임원 면접 또한 비슷하게 질문을 받았으며, 1차보다는 심화 기술면접의 느낌이었습니다. 프로젝트에 대한 질문과 서비스 경험, 학습 방법, 데이터베이스에 대한 질문이 있었습니다. ""카카오 지원 공고 사이트에서 지원 후 1주일 안에 메일로 서류 합격 통보를 받았으 며 따로 과제는 없었고, 서류 통과 후 1주일 간격으로 1차 면접 및 임원 면접을 진행 했습니다. 둘 다 1:3으로 진행되었으며 한 시간 정도의 시간이 소요되었습니다. 면접 후 결과 안내는 1차 및 임원 면접 모두 하루 뒤에 받았습니다."" 액 3000억원 이상 데브시스터즈(주) 포지션 0개 채용 중 2 코이즈(주) - 기업 랭킹 채용 뉴스 연봉 이직 뽐뿌 오는 날 5분 완성, 1년 간 기업정보가 무료!    제휴 대학 서비스  회사소개 이용약관 개인정보처리방침 커뮤니티가이드라인 모바일 버전 공지사항 광고 및 제휴문의 고객 문의 FAQ | | | | | | | | (주)브레인커머스 71 72 73 74 75",데이터베이스
빅데이터와 대용량데이터베이스의 차이에 대해서 말하보시오,데이터베이스
광고쪽 용어는 어느정도 아는지. 데이터베이스 데이터 양은 어느정도 수준으로 다뤄봤는지,데이터베이스
- 자기소개 - 직무경험 및 팀안에 역할 - 개인 블로그나 개인프로젝트 - 사용한 프레임워크 구성 및 빌드 툴 - 데이터베이스 종류별 사용 경험 - rest api 연동 - 서버구성,데이터베이스
"졸업작품에 대한 설명, 데이터베이스 관련",데이터베이스
"1차 면접 : c,자바,데이터베이스 개발 중에 들어갈텐데 어디 들어가고싶으며 무슨 준비를 했냐 알고리즘 중에 인상깊은 것 하나 팀 프로젝트에서 갈등 겪었을 때 해결 법 대표적인 프로젝트 하나 소개 학점이 낮은 이유 동아리 활동",데이터베이스
"최근에 엄청 노력했었던 업무나 일이 있었는지? 데이터베이스 관련 질문. 인덱스구조, 어떻게 인덱스를 잡을것인가. Spring ioc 란?",데이터베이스
"조인 알고리즘이 어떤게 있고 어떻게 동작하는지 Event Loop 과 연계하여 I/O 관련된 여러 질문들을 하셨습니다 데이터베이스 힌트, 샤딩 관련된 질문들을 하셨습니다",데이터베이스
"C, C++, 자료구조, 알고리즘, 운영체제, 컴파일러, 데이터베이스, 그래픽스, 유니티 엔진 등등... 컴퓨터공학 전반적인 내용에 대해 물어봅니다. 질문에 대한 대답을 하면 거기에 대한 꼬리질문이 계속 이어지게 됩니다.",데이터베이스
"어렵거나 난해한 질문은 없었습니다만 제가 입사 후 면접관으로 들어갔을때에는 경력에 맞는 전산 전 반적인 분야에 대해 질문했습니다. 1~2년차 면접이어서 랭귀지, 데이터베이스, 네트워크등 초급 수준 에서 질문했었습니다. 채용방식 개인면접 발표시기 30일 후 ""인터뷰는 서류 - 1차 기술면접 - 2차 인사팀 면접으로 진행되었습니다. 분위기는 보통이었으며, 경력자 면접이라 이전회사에서의 개발업무에 대해 설명하는 정도 였 습니다. 면접관은 1차에 2명 2차에 1명이었습니다. 팀마다 면접 분위기및 인원은 다릅니다."" 합격 보통 도움이 돼요 0",데이터베이스
"전공관련 필기시험(프로그래밍/데이터베이스)가 있었고, 그 후 6:2 면접이 진행되었습니다. 무난한 질 문들이 었고, 옆사람이 담배냄새가 난다면 어떻게 대처할 것인가와 같은 돌발 질문이 있습니다.",데이터베이스
"Tcp ip 의 상태 모델의 변화에 따라 개발자가 취해야 하는 작업이 어떻게 되는지 원인이 뭔지 등에 대해 몇 가지 장애 케이스를 놓고 이야기함 채용방식 필기시험, 토론면접 발표시기 30일 후 ""홈페이지로 지원 코딩테스트 후 1차면접 진행함 네트워크 데이터베이스 oop이론 등에 대해서 질문 답변을 이어나갔음"" 합격 긍정적 도움이 돼요 0",데이터베이스
"기술면접의 경우 컴퓨터 사이언스 쪽 질문으로 구성되어 있음. 자바의 GC, 데이터베이스, 네트워크, 몇 몇 디자인 패턴에 대해 공부해가면 도움이 될 것. 또한 포트폴리오에 작성한 프로젝트에 대해 꼬리물기 식으로 질문하므로 포트폴리오 예상질문을 만들어가면 도움이 될 것. 당연히, 시간이 남으면 코딩테스 트 관련 질문도 들어옴. 2차면접의 경우 1차면접에서 잘못 대답한 것이 있나요? 식의 질문이 있었음. 나머지는 뭐 연구실 생활 에서 어떤 일이 있었나, 힘들었던 경험과 어떻게 해쳐나갔는지 알려달라(일적인 측면과 사람사이의 관 계 측면 각각)고 질문을 받음",데이터베이스
- 데이터베이스 샤딩 - 대용량 데이터베이스 최적화 방안 - HTML5 -> C++ 개발자한테... 왜 물어보는지??? - Jquery 로딩 방식 -> 하... 왜 물어봄???? - Overloading vs override -> 경력자한테 이딴걸???? - Dictionary 내부 자료구조 -> 질문 다운 질문! - Ajax 요청 타입 지정 방법 -> 슬슬 열받기 시작... !!!! - 람다식 화이트보드 코딩 - Binary 소트 알고리즘 C++ 화이트보드 코딩,데이터베이스
데이터베이스 운영체제 디자인패턴 자바 기타 등등 무척 많은 기본 전산지식,데이터베이스
"NoSQL 과 RDBMS의 차이 Tcp/ip 의 순서 OSI 7layer 등 채용방식 개인면접 발표시기 4일 후 ""인턴 면접 프로젝트 사항이 몇개 있었는데 그 부분에 대한 질문이 주로 이루어짐. 화이트보드를 이용한 손코딩 면접 그리고 네트워크 데이터베이스 등 기본적인 전공 지식에 대한 내용으로 면접이 진 행됨"" 불합격 긍정적 도움이 돼요 0",데이터베이스
1. post와 get 요청의 차이점 2. tcp / udp 의 차이점 3. tcp 에서 close wait이 발생하는 경우 4. 2분기마다 늘어나는 컨텐츠에 대응하기 위해서 데이터베이스를 어떻게 운영해야 좋을지 5. tcp 에서 프로세스가 종료될때 소켓버퍼의 데이터를 전송하고 난 후에 종료되도록 하는 옵션은? 6. 하나의 인스턴스가 한번만 호출되도록 하기위해서 어떻게 구현해야 할까요? ( 싱글톤 관련 ) - 일부 소스 주고 나머지 채우기 7. 자바에서 가비지 컬렉터 구동 방식 8. 문자열 리버스하는 코딩 문제 등... 9. 소프트웨어 아키텍쳐 관련 책 읽은거 있는지? 10. 디자인패턴 책 읽은거 있는지?,데이터베이스
"자기소개 싱글톤 패턴을 화이트보드에 구현하기 안드로이드 액티비티 생명주기 스레드와 프로세스 데이터베이스 정규화 해시 테이블 마지막으로 하고싶은 질문 채용방식 필기시험, 개인면접 발표시기 8일 후 ""필기시험 합격 후 1차 면접을 보았습니다 면접관 두분이서 보셨고 분위기는 좋았습니다 자기소개와 마지막으로 하고싶은 질문을 제외하고 전공지식 관련 질문을 하셨습니다 면접비 받았습니다"" 불합격 긍정적 도움이 돼요 0",데이터베이스
"신입이라 그런지 기본적인 것들을 위주로 물어봄. 알고리즘/자료구조/데이터베이스/네트워크에 대해 많이 물어봄. 채용방식 개인면접 발표시기 14일 후 ""지원서 쓰고 얼마 안 있어 메일로 인터뷰 보라고 연락 옴. 인터뷰 가겠다고 확정 메 일 보내야 함. 면접 후 2주 정도 후에 합불 통보 옴."" 합격 긍정적 도움이 돼요 1",데이터베이스
"데이터베이스 기본 개념에 대해서 많이 물어봄, 데이터베이스에 관심있다고 하니깐 회사의 디비에 대 해 물어봄",데이터베이스
"간단한 소트 알고리즘에 대해 수도코드로 작성 네트워크 데이터베이스 등 기본지식 하고 싶은 일이 무엇인가요 ""평안한 분위기로, 하고자 하는 업무에 대한 열정에 대해서 설명 했었던것 같습니 다"" 합격 긍정적 도움이 돼요 0",데이터베이스
"토의면접 : 챗봇 / 핀테크 중 하나를 골라서 토의하기 임원면접 : 자기소개, 성격 장단점, 프로젝트 경험 물어봄, 데이터베이스 자격증에 대해서 물어봄 역량면접 : 프로젝트 경험 많이 물어봄, 팀원간의 갈등해결을 어떻게 했는지, 공부는 혼자하는 편인지 같이하는편인지?",데이터베이스
데이터베이스를 직접 설계해본 경험이 있느냐?,데이터베이스
"자바와 c언어의 차이점을 물었음 데이터베이스에 관한 이야기도 했었고 대부분 자소서를 위주로 질문 했었음 채용방식 인/적성검사, 토론면접, 개인면접 ""대체로 편안한 분위기였고 하루에 3개의 면접을 진행하다보니 나중엔 많이 지쳤었 다"" 불합격 보통 도움이 돼요 0",데이터베이스
- 데이터베이스 전공 관련 지식을 물어봄 (인덱스) - 대학시절 프로젝트 경험 - 입사하고 싶은 이유,데이터베이스
- 프로젝트를 통해 본인의 강점은? - 데이터베이스 사용해본 경험 - 역으로 질문,데이터베이스
1. 데이터베이스 종류에는 무엇이 있는지 알고있는 데이터베이스를 세개 이상 이야기 해 보세요 2. no sql이 갖는 장점을 말해보세요 3. 왜 DBA가 되려고 하죠?,데이터베이스
직무와 관련하여 했던 프로젝트나 활동 구체적인 프로젝트 내용 한전에서 각 가정에 대한 데이터베이스 테이블을 만들때 어떻게 구성할 것인가 JSP와 servlet 차이 입사 후 여가시간에 무엇을 할것인지,데이터베이스
직무와관련된 문제해결한 경험 가치관이 무엇인지 그리고 경험 데이터베이스관련 질문 하고싶은업무 등등,데이터베이스
빅데이터와 데이터베이스 차이 마지막으로 할말,데이터베이스
"퇴사가능성이 있는 사람인지 아닌지를 많이 보는 것 같았습니다. 질문도 일을 오래할 수 있는 지에 대한 것이 많았습니다. 채용방식 필기시험, 인/적성검사, 그룹면접 ""인성검사와 필기시험이 있습니다. 필기시험은 자바, 데이터베이스등 기본적인 것 이 나옵니다."" 불합격 정보없음 도움이 돼요 1",데이터베이스
"프레임워크, 데이터베이스를 주로 물어보고 이력서에 적흰 내용을 토대로 인프라를 물어봄",데이터베이스
"간단한 자료구조나 알고리즘 질문, tdd란 무엇인지, 데이터베이스를 다뤄본 경험 등 기술 전반",데이터베이스
"CS 전반적인 질문, 주로 컴퓨터구조, OS, 네트워크, 데이터베이스 관련 질문 채용방식 필기시험, 그룹면접, 개인면접 발표시기 30일 후 ""면접만 1차 2차 3차로 진행됨 1차는 4대3 면접 면접관 네분과 지원자 3명의 면접 주로 실제 진행했던 프로젝트 기반으로 모든 질문이 주어짐 자기소개 조차 실제 경험 사례를 기반으로 내가 이런사람이다라고 소개 하도록 질 문이 주어짐 그 외 질문도 다 실제 경험 위주 2차는 1대 1 면접 인성면접인줄 알았는데 기술면접 이었음 CS 전반적인 지식 다 물어봄 멀티쓰레드 프로그래밍 상황에서 공유자원 관리하는 방법 전부 설명하기, OS와 컴퓨터 구조를 연결시켜 설명하기, DB정규화, 인덱스 종 류, 네크워크 OSI 7계층에 대한 이해 등에 대한 질문 3차는 1대1 인성면접 당황했던건 면접 시작하자마자 면접관님이 자기소개부터 하 심. 엄청 긍정적인 경험. 일반적인 인성면접 질문 받음"" 합격 긍정적 도움이 돼요 5",데이터베이스
"데이터베이스 관련, 포트폴리오 관련 전문 분야 지식을 물어보았습니다.",데이터베이스
웹개발 지원한이유는 데이터베이스관련해서 사용해본적있나,데이터베이스
1. 10년뒤 어떤개발자가 되어있을것 같나요? 2. js 비동기 관련질문 3. 데이터베이스 관련질문,데이터베이스
"프로젝트, 데이터베이스 관련,cs 관련 지식",데이터베이스
"웹에 대한 각종 지식들과 프로그래밍 언어에 대한 내용들을 물어보았으며, 특정한 기능을 사용해서 구 현해본 적이 있는지에 대한 질문도 있었습니다. (프로젝트때 클로저를 사용해서 구현한 적이 있는지, 데이터베이스 연동할 때 특정 기능을 사용해서 성능향상을 시켜본 경험이 있는지.. 등등) 그외 개인 프 로젝트에 대해서도 물어보았습니다. (앱 관련 프로젝트가 많은데, 웹 관련 프로젝트 경험은 없는지? 등 등) 그리고 '아직 학교 재학중인데 학기 도중에 입사가 가능한지'와 같은 개인적인 내용들도 물어보셨습 니다. 마지막에는 개발툴을 열어서 코딩테스트를 봤으며, 프로그래밍을 시작하기 전에는 문제에 대해 자세히 설명해주셨습니다.",데이터베이스
"객체지향언어, 데이터베이스 기초 지식질문과 mvc패턴 등 웹개발 관련 질문 발표시기 3일 후 ""간단한 필기 시험을 치루었고 그 후에 6명정도 면접관과 다대다 면접을 봄"" 합격 보통 도움이 돼요 0",데이터베이스
"서류를 내고 합격하면(서류는 대학교 때 했던 포트폴리오를 주요하게 보는 듯), 바로 면접날짜가 잡히 고 면접시간에 맞춰 도착 시, 데이터베이스에 대한 간단한 필기시험을 봄(db에 대한 기초지식이 필요) 그 후에 대기를 하다가 다대다 or 다대일 면접을 보았음 먼저 대학을 막 졸업해서 온 것이라 그런지 자바나 c언어에 대한 상식보다는 인성면접과 포트폴리오에 대한 설명이 주를 이루었음 0. 1분 자기소개 1. 야근에 대한 생각 2. 회사가 어떤 일을 하는지, 자신의 업무가 무엇인지 3. 포트폴리오에 있는 개발은 어떻게 진행되었는지 물어봄 4. db를 다뤄야 하기 때문에 er다이어그램을 볼 줄 알아야하는데, 그려본 적 있는지와 그려봤다면 그림 을 간단히 설명 기술적인 질문은 없었음",데이터베이스
"전산자격증를 가지고 있는데 어떠한 데이터베이스 스킬을 사용할 줄 아는지? 지원하는 분야 컨설턴트에 관심이 있다하였는데 관련 자격증에 대해서 아는지? 더존에 대해서 얼마나 알고있는지? ""서류전형 -> 면접전형 -> 입사(거의 한달이 안걸렸음)"" 액 3000억원 이상 (주)제니엘 포지션 38개 채용 중 3 엘티삼보(주) - 기업 랭킹 채용 뉴스 연봉 이직 뽐뿌 오는 날 5분 완성, 1년 간 기업정보가 무료!    제휴 대학 서비스  회사소개 이용약관 개인정보처리방침 커뮤니티가이드라인 모바일 버전 공지사항 광고 및 제휴문의 고객 문의 FAQ | | | | | | | | (주)브레인커머스 서울특별시 강남구 테헤란로 509 엔씨타워 I, 10층 | 대표   황희승, 윤신근 | 개인정보보호관리자   윤신근 81 82 83 84 85",데이터베이스
"가자마자 자기소개, 지원동기, 프로젝트 관련 질문 그리고 데이터베이스 상식 냄",데이터베이스
데이터베이스 쿼리와 튜닝에 관한 질문이 많음. 개인적인 질문 몇가지. 자기소개서에 기재된 내용에 대한 질문. 채용방식 개인면접 불합격 보통 도움이 돼요 1,데이터베이스
혼자 개별면접이었고 데이터베이스에 대한 지식과 개발에 대한 질문을 했던걸로 기억함,데이터베이스
"학교에서 수행한 프로젝트에 대한 질문, 네트워크, 데이터베이스에 대한 질문",데이터베이스
"1차 Pre - 알고리즘 5문제 2차 Pre - 네트워크, 자료구조, 운영체제, 데이터베이스 1차 면접 - 알고리즘 1문제, 기술면접",데이터베이스
"데이터베이스를 설명해보아라. 컴퓨터를 모르는 사람도 이해할 수 있도록 쉽게. 채용방식 필기시험, 스킬테스트, 개인면접 발표시기 15일 후 ""sw개발 공채 지원했습니다. 처음에 온라인테스트 보고, 그다음에 오프라인으로 객관식 필기시험 치고, 그 후에 Feel the TOAST 면접을 봤습니다. 면접은 오전에 10시부터 오후 1시까지 세시간 동안 문제풀고 점심식사 후에 기술면접 보고, 그다음에 코드리뷰, 사옥 투어 등을 진 행한 뒤 끝났습니다."" 대기중 긍정적 도움이 돼요 1",데이터베이스
필기시험은 정보처리기사 필기 수준이고 자바와 C++ 기초 문법이 많이 나왔습니다 기술면접에서는 데이터베이스에 대한 개념과 테이블을 주고 어떤 식으로 해결할 것인지 물어보았습니 다,데이터베이스
"Pre-test는 전반적인 자료구조, 네트워크, 알고리즘, 소프트웨어 설계, 데이터베이스 문제입니다. 문제 난이도는 쉬운 편이라 두세개 이상 틀리면 탈락하는 것 같으니 개념은 다 숙지하고 가시는 게 좋을 것 같습니다. 채용방식 필기시험 ""온라인 지원하였고 Pre-test를 보았습니다."" (주)자비스앤빌런즈 [대규모 채용] Backend Engineer 3 ~ 20년, java, Spring 합격보상 100만원  (주)피매치 백엔드 엔지니어 (채용전환형 인턴) 경력무관, python, SQL, azure, PostgreSQL, rest api, 시… 합격보상 100만원  (주)박차컴 JAVA 개 5년 이상, j 합 액 3000억원 이상 (주)우아한청년들 포지션 0개 채용 중 2 코이즈(주) 8 기업 랭킹 채용 뉴스 연봉 이직 뽐뿌 오는 날 5분 완성, 1년 간 기업정보가 무료!    제휴 대학 서비스",데이터베이스
"Feel the Toast 1. 웹서버, 데이터베이스를 컴퓨터 문외한에게 설명 2. 어떤 자연수를 가장 최소한의 질문으로 찾아내기 3. 게시판에서 어떤 하나의 게시물만 로딩이 느리다. 왜그런가? 기술/인성면접 1. RAID 심층질문 2. NHN Ent에서 관심있는 사업 3. 마지막으로 하고싶은 말 or 궁금한 점 채용방식 필기시험, 그룹면접 발표시기 7일 후 ""Pre-test => Feel the Toast => 기술/인성면접"" BEST 대기중 보통 액 3000억원 이상 (주)우아한청년들 포지션 0개 채용 중 2 코이즈(주) 8 기업 랭킹 채용 뉴스 연봉 이직 뽐뿌 오는 날 5분 완성, 1년 간 기업정보가 무료!    제휴 대학 서비스  회사소개 이용약관 개인정보처리방침 커뮤니티가이드라인 모바일 버전 공지사항 광고 및 제휴문의 고객 문의 FAQ | | | | | | | | (주)브레인커머스 서울특별시 강남구 테헤란로 509 엔씨타워 I, 10층 | 대표   황희승, 윤신근 | 개인정보보호관리자   윤신근 사업자등록번호   120-87-92182 | 통신판매업 신고번호   제2014-서울강남-02942호 | 유료 직업소개사업 등록번호   (국내) 제2017-3220163-14-5-00046호 대표번호   1644-5641 (10:00~17:00 / 매월 마지막 금요일 09:00~13:00 / 주말 및 공휴일 휴무) | 대표이메일 : customer_service@jobplanet.co.kr 50 51 52 53 54 신고하기 도움이 돼요 8",데이터베이스
"자료구조. 네트워크. 알고리즘. 운영체제. 데이터베이스. 프로그래밍 등 다양한 분야에서 출제. 주로 자료구조와 알고리즘을 잘 알고 있어야함. 난이도는 전반적으로 어렵지 않기 때문에 다 맞아야 합격할 것 같다. 채용방식 필기시험 ""온라인 지원으로 서류 합격 후 pretest를 봤다"" 불합격 보통 도움이 돼요 0",데이터베이스
"공지한대로 전반적인 프로그래밍, 네트워크, 데이터베이스, 소프트웨어공학 등 전공지식에 관한 문제가 나왔는데 난이도는 아주 쉬운 편이었지만, 그만큼 커트라인이 높았습니다. 채용방식 필기시험 발표시기 10일 후 ""프리테스트 시험은 전반적으로 쉬운편이었습니다."" 불합격 보통 도움이 돼요 1",데이터베이스
일반인에게 데이터베이스에 대해 설명하시오.,데이터베이스
"데이터베이스. 안드로이드 등 몇가지 키워드 중 하나를 비 컴공인에게 설명해보시오. 브라우저에 url치면 무슨일이 일어나는가? 게시판 서버 1대 운영중 트래픽이 과도하게 발생되어 서버가 죽는다 해결 방안은? 클린 코드란? 리눅스에서 권한 변경 명령어? 옵션도 설명 다른 명령어 아는거 잇는가? 채용방식 스킬테스트 ""기술과제 수행 약 3시간 코드리뷰 약 1시간 기술면접 약 1시간"" 대기중 긍정적 (주)피매치 백엔드 엔지니어 (채용전환형 인턴) 경력무관, python, SQL, azure, PostgreSQL, rest api, 시… 합격보상 100만원  (주)액션파워 Back-end Engineer (경력 5년 이상) 4 ~ 15년, node.js, Docker, Kubernetes, firebase 합격보상 200만원  (주)박차컴 JAVA 개 5년 이상, j 합 액 3000억원 이상 (주)우아한청년들 포지션 0개 채용 중 2 코이즈(주) 8 기업 랭킹 채용 뉴스 연봉 이직 뽐뿌 오는 날 5분 완성, 1년 간 기업정보가 무료!    제휴 대학 서비스  신고하기 도움이 돼요 3",데이터베이스
"시험문제는 데이터베이스 운영체제 프로그래밍 등 전체적인 부분이 나옵니다. ""1차 서류, 2차 시험, 이었습니다. 전공문제 전체적인 내용이 나옴"" 불합격 보통 도움이 돼요 0",데이터베이스
"데이터베이스, 프로그래밍 일반, 소프트웨어 공학, 네트워크 등에 대한 전반적인 지식을 묻는 문제였습 니다.",데이터베이스
"테스트에 비트리관련 문제가 젤어려웠네요 채용방식 필기시험, 케이스 면접, 개인면접, 기타 발표시기 10일 후 ""면접은 못가보고 테스트에서 떨어졌습니다. 테스트 문제는 객체지향 프로그래밍, 자료구조, 데이터베이스 에대한 문제가 학부 수업 수준으로 나왔습니다."" 불합격 보통 도움이 돼요 0",데이터베이스
"기술 면접 후기입니다. 다루는 분야가 많았습니다. 데이터베이스, 알고리즘, 자료구조, c++, 자바, 운영 체제, 네트워크... 그 중 특히 중요하게 보는 부분이 데이터베이스, 알고리즘, 자바 인 듯 합니다. ""기술 면접 후기입니다. 다루는 분야가 많았습니다. 데이터베이스, 알고리즘, 자료 구조, c++, 자바, 운영체제, 네트워크... 그 중 특히 중요하게 보는 부분이 데이터베이스, 알고리즘, 자바 인 듯 합니다."" 불합격 정보없음 도움이 돼요 1",데이터베이스
1) 데이터베이스 관련 된 실무 관련 질문 2) 이력서에 적어낸 내용을 실제 업무에서 어떻게 사용해봤는지 3) 야근과 운영업무 대응에 대한 거부감,데이터베이스
"자기소개 오픈소스 활용능력이 강점이라 했는데 어떤 오픈소스를 활용했는지? AWS 얼마나 사용해봤는지? 데이터베이스는 어떤거 활용했는지?(RDBMS, MySQL) 내가 맡은 역할 그 이상을 했던 활동? 자바는 사용할줄 모르는건지? 인턴에서 했던 테스팅 시나리오를 따로 작성하고 실행한건지? 지도교수님이 나의 장단점을 뭐라고 말하실것같은지? 제일 관심있는 기술? 리눅스마스터 왜 공부하게 되었는지? 채용방식 스킬테스트, 그룹면접, 기타 발표시기 16일 후 ""코딩테스트 면접, 직무면접, 임원면접 봤습니다 코딩테스트는 엄청 쉬운대신 코드리뷰가 중요한 느낌이었어요."" 합격 보통 도움이 돼요 1",데이터베이스
포트폴리오에서 사용된 기술 관련 질문 데이터베이스 관련 질문 면접 본 팀에서 사용하는 기술 스택과 관련된 생각,데이터베이스
데이터베이스 정규화에 대해서 설명하시오. 데이터베이스 트랜젝션 isolation level에 대해서 설명하시오. 서버 개발자로 지원한 이유는?,데이터베이스
컴투스 게임 중 하나의 데이터베이스 모델링 간단히 해 보는 정도.,데이터베이스
"기억나는 대로 작성해 보았습니다. 인성질문 1. 자기소개 2. 마음에 들지 않는 상사와 함께 한다면? 3. 개발스타일이 비슷한 동료 vs 나보다 개발 잘 하는 동료 4. 프로젝트 시 팀원과의 불화 경험 5. 취미는? 전공질문 1. 객체지향이란? 2. 하이브란? 3. 추상클래스와 오버라이딩, 오버로딩 개념설명 4. 데이터베이스 로킹 5. 가장 인상깊었던 필기시험 문제 6. 비동기와 동기의 차이점 7. HTTP프로토콜에 대해 설명하시오 8. GET과 POST방식의 차이 9. 자신있는 프로그래밍 언어와 이유 10. JAVA가 각광받는 이유",데이터베이스
"포트폴리오로 제출한 프로젝트 내용 중심 질문과 필기의 경우 알고리즘과 데이터베이스 등 전산지식에 대한 질문이 많았음 채용방식 필기시험, 그룹면접 ""서류전형, 필기를 포함한 면접 전형으로 이루어짐"" 대기중 긍정적 도움이 돼요 0",데이터베이스
"1. 본인이 원하지 않는 근무 지역에 배체되어도 괜찮느냐? 2. 만약 최악의 상황을 가정해서 해외 오지로 발령이 되고, 전공을 살릴수 없는 업무를 보게 된다면 어 떻겠는가? 3. 자바나 데이터베이스 자신있냐?",데이터베이스
"할줄 아는 언어가 뭐있나요? 데이터베이스는 어떤걸 다루어 보셨나요? 발표시기 30일 후 ""서류전형 인적성전형 1차면접전형 2차면접전형 신체검사 입사"" 대기중 긍정적 도움이 돼요 0",데이터베이스
"기본적인 전문지식 위주였습니다. 프로젝트에서 어느것을 했는지, 데이터베이스, 네트워크 에대해 어 떤 것을 아는지.",데이터베이스
데이터베이스 가장많은양은 얼마나되나 그양을 처리할때 어려운점이있었는가에대해 질문,데이터베이스
