﻿question,extracted_terms
"자기소개, 다룰 수 있는 언어, 리눅스 등 사용가능 여부",리눅스
"자기소개, 기억에 남는 프로젝트, OJT기간 동안의 포부, 리눅스, 멘토가 있는지, 개인활동은 어떤 것을 하고 있는지 등",리눅스
"웹서버 운영경험이 있습니까 스크립트 작성을 해본적이 있습니까? 채용방식 개인면접 발표시기 30일 후 ""리눅스에서 뭘다루어봣는지 물어보고 전직장에서 한일물어봄 면접은 푠언한 분위 기"" 대기중 보통 액 3000억원 이상 신성통상(주) 포지션 9개 채용 중 2 코이즈(주) - 기업 랭킹 채용 뉴스 연봉 이직 뽐뿌 오는 날 5분 완성, 1년 간 기업정보가 무료!    제휴 대학 서비스  회사소개 이용약관 개인정보처리방침 커뮤니티가이드라인 모바일 버전 공지사항 광고 및 제휴문의 고객 문의 FAQ | | | | | | | | (주)브레인커머스 서울특별시 강남구 테헤란로 509 엔씨타워 I, 10층 | 대표   황희승, 윤신근 | 개인정보보호관리자   윤신근 사업자등록번호   120-87-92182 | 통신판매업 신고번호   제2014-서울강남-02942호 | 유료 직업소개사업 등록번호   (국내) 제2017-3220163-14-5-00046호 대표번호   1644-5641 (10:00~17:00 / 매월 마지막 금요일 09:00~13:00 / 주말 및 공휴일 휴무) | 대표이메일 : customer_service@jobplanet.co.kr ©Jobplanet. All rights reserved. 46 47 48 49 50 신고하기 도움이 돼요 0",리눅스
putty 비슷한 터미널 프로그램으로 리눅스 접속해서 vim 으로 입문서 연습문제 수준의 간단한 초급 c++문제 몇개 풀어보라고 시킨다음에 면접담당자는 열심히 폰질을 하였슴,리눅스
"리눅스 운영체제의 기본상식, 네트워킹 기본상식 등을 질문함 ""이력서 심사를 합격 한 후 1:1화상면접을 진행하였습니다."" 2 던킨/던킨도너츠 (… 4 기업 랭킹 채용 뉴스 연봉 이직 뽐뿌 오는 날 5분 완성, 1년 간 기업정보가 무료!    제휴 대학 서비스  회사소개 이용약관 개인정보처리방침 커뮤니티가이드라인 모바일 버전 공지사항 광고 및 제휴문의 고객 문의 FAQ | | | | | | | | (주)브레인커머스 61 62 63 64 65 2018/04 면접경로 온라인 지원",리눅스
"퇴사 사유. 했던 프로젝트 상세 내용 규모 본인이 한 역할 리눅스 자주사용하는 명령어, 리눅스 특정 명령어에 대한 질문",리눅스
"아프리카 티비 서버 개선점 ,간단 cs지식 , 리눅스 기초지식, 관심도 확인, 상사와의갈등 등등 꼬리질문 이 많음",리눅스
"리눅스를 설치 해보았는가 설치를 하고 서버구축을 했는데 문제가 발생할 때 어떻게 해결하는가 채용방식 스킬테스트, 토론면접 발표시기 4일 후 ""1차면접으로 미디어 커뮤니티를 주제로 토론면접을 보고 면접관 3명이서 지원동 기와 전공 그리고 토론면접을 한 것에 대해서 질문을 함"" 대기중 보통 도움이 돼요 0",리눅스
"리눅스 관련 질문, 기존 업무, 인성 관련",리눅스
"자기소개, 이직사유, 리눅스 기초, 네트워크 기초 등의 기술 질문, 최근에 읽은 책 3가지 등",리눅스
보안쪽은 네트워크 공격 실습이나 와이어샤크 사용 등 리눅스 실습도 물어본거 같음,리눅스
"스트레스 관리 법, 직무에 대해 이해하고 있는지, 리눅스 기본 명령어",리눅스
"1. XSS와 CSRF 차이점 2. XSS와 CSRF의 대응방안 3. 파일 다운로드 및 업로드 설명 4. 주요 정보 통신 기반 시설 가이드를 본적이 있는지 5. 다뤄본 OS는 무엇이 있는지 6. 아는 리눅스 명령어 설명 7. 데이터베이스는 무엇을 다뤄봤는가? 8. 사용할 수 있는 프로그래밍 언어는 어떤게 있는가? 9. 스크립트 제작이 가능한가? 10. SQL Injection 설명과 Error Based, Blind Based, Time Based 차이점 및 대응방안 11. 사용해본 도구는 무엇이 있는가? 12. 윈도우 OS 별 차이점 13. 프로젝트 경험",리눅스
리눅스 명령어 몇가지 말해보라고 하셨으며 디비 포트에대해 물어보셨음,리눅스
리눅스 명령어 자기소개 nslookup,리눅스
"리눅스 명령어 차이점, 소통이란 무엇인가, 스노트 룰",리눅스
"ARP가 무엇인지, 리눅스 명령어 알고있는데로 답변 , 자기소개서에 대한 질문",리눅스
"자신의 직무를 확실히 알고가는게 중요, 보안애 대한 프로그램, 자사 제품, 얼마나 근무할지, 리눅스에 대하여, 포부에 대한 질문 채용방식 그룹면접 발표시기 10일 후 ""메일로 면접 장소와 시간을 알려줌, 면접관 3 지원자 4 면접이었음 편한 분위기로 면접을 진행"" 불합격 보통 도움이 돼요 0",리눅스
- 자기소개 (영어 자기소개도 시킴) - 졸업작품 관련 질문 - 자기소개서의 리더쉽 관련 부분 질문 - db에서 테이블 확인하는 명령어 - mysql 포트번호 - 리눅스 명령어 cd 풀네임 - join 설명,리눅스
"타지역 거주자인데 대전에 거주할수 있겠는지 이동이 잦은 직업이라 차가 있어야하는데 면허와 자차가 있는지 같은 팀내에 팀원들이 갈등이 생긴다면 어떻게 갈등을 해결할것인지 회사의 솔루션 아는대로 답해보세요 리눅스 명령어 몇개, 압축 명령어는 무엇이며 압축명령어중에 차이점 리눅스 운영체제로 해본것이 무엇이 있는지 이 직장에서 10년후 나의 모습 인생 목표 살면서 가장 설레였던 경험 채용방식 그룹면접 발표시기 1일 후 ""서류지원후 한달후쯤 전화와 문자로 면접공지 연락후 일주일후 면접"" 불합격 긍정적 도움이 돼요 0",리눅스
"리눅스 명령어, 20년 후 목표, 자기소개, 회사 지원 이유 등 ""실무면접은 it기본 지식을 물어봅니다. 인성면접에 가까운것 같습니다."" 합격 보통 도움이 돼요 0",리눅스
"사람들이 자신을 부정적인면으로 어떻게 얘기할꺼같냐, nio관련 질문, 리눅스 명령어 질문, 답변의 꼬리를 무는 질문등 채용방식 개인면접 발표시기 3일 후 ""1차기술면접은 이력서 기준으로 질문을 받았고, 2차면접은 한층 심화된 기술면접+인성 질문들이 왔습니다"" 대기중 보통 도움이 돼요 0",리눅스
"몇 가지 질문을 다음 분을 위해 공유합니다. 화이트 보드 코딩 질문 1. 문자열 리버스 함수 구현 2. 앞에 작성된 문자열을 TDD로 구현해보세요. 3. 싱글턴을 구현 해보세요. 서버 관련 질문 1. 리눅스 사용 해봤냐? 2. 서버가 1억대가 있고 서버에 데이터가 request가 저장되는 건이 1억건일 경우 어떻게 수집하고 구 성할 것인가? 3. Apache 와 Tomcat 의 연동 이유는 ? Was 로만도 웹 서비스가 사용이 가능할텐데 굳이 apache로 사용하는 이유는? 3-1. Apache 와 Tomcat 의 연동 방법은? 4. 서비스 운영 시 장애 경험은? 어떻게 해결했는가. 5. 서버스 운영 시 장애확인 이 불가능하다 (ex. 모니터링, 로그 부재 등) 이 같은 경우에는 어떻게 처리 할 것인가? 6. 서버가 이유없이 행이 걸렸다. 어떻게 처리할 것인가? 개인 생활 관련 질문 1. 회사에서 주어진 업무가 재미가 없고 다른 업무가 재미가 있다면 어떻게 하겠는가? 2. 기술 공부는 어떻게 하나? 이 밖에 다수..",리눅스
1. 리눅스와 윈도우 개발환경 차이점이 무엇인지? 2. 비주류 S/W 개발 업무에 대한 본인의 생각? 3. 상사와의 의견 충돌이 있을 경우 본인의 대처 방안,리눅스
쓰레드 교착상태를 보완할수 있는법 / 리눅스 명령어 / 오라클 설정,리눅스
1. 자기소개 2. 개발경험 3. 프로젝트경험 4. 자바 기본 지식 5. 디비 기본지식 6. 리눅스 기본지식,리눅스
"자기 소개, 리눅스 윈도우 개념 질문이 가장 기억에 남습니다.",리눅스
"기술필기시험 - OSI 7계층 - 프로그램, 프로세서, 스레드 에대한 비교 설명 - synchronized(동기화) 에대한 설명 - 주사용했던 프로그래밍 언어에 대한 설명 - 간단한 리눅스 명령어 설명 gcc, tail, ls 등",리눅스
"필기시험에 spring용어(IDE란?, 메모리구조(스텍, 리스트링크, 큐구조 설명)) 리눅스용어(ls, tail, ps 등 기본적인 용어) 네트워크용어(osi7계층 등) 약 30문제에 대한 시험 리눅스나 유닉스에 대한 질문과 앞으로 할일에 대한 설명이 주를 이룸 2차면접에는 성격 장단점, 야근에 대한 인식 등에 대한 질문, 거의 일반화되있는 인적성검사 느낌이 강 함",리눅스
"리눅스에대해 상세히 물어보심 파일시스템이나 웹서버 등등 발표시기 18일 후 ""1차면접은 2명의 면접관과 같이 진행됩니다 기술면접이 주"" 불합격 보통 도움이 돼요 0",리눅스
"파일시스템에 대해설명하시오 웹서버 다뤄본것설명 자기소개 채용방식 개인면접 발표시기 7일 후 ""1차는 기술면접이였고 리눅스 사용법 시스템구성 등등 기본적인사항을 물어봄 질문은 한가지에 대해 묻지않고 여러가지를 물어봄"" 불합격 보통 도움이 돼요 0",리눅스
자소서 기반의 경험 리눅스사용유무 포트폴리오 내용 질문,리눅스
"보안의 다양한 분야 중에서, 내가 여기서는 최고가 되고 싶다! 는 분야가 있는지? 리눅스를 사용해서 프로젝트를 진행했거나, os를 사용해 무엇인가를 한 적이 있다면 자유롭게 말해봐 라. + 자기소개서에 관련된 내용 질문",리눅스
"리눅스개발이어서 리눅스 명령어관련 질문 몇개, 운영체제 관련질문, 코테본거 열어서 추가질문 받음",리눅스
"2분자기소개 - 프로젝트 경험 - 인턴 경험 - 리눅스 개발 경험 - 기본 CS질문 안랩 상품 얼마나 알고 있는지 , 본인이 어떻게 발전에 기여할 것인지 본인의 장점은 무엇인지 , 어필할 수 있는 기회를 많이 주심",리눅스
for문 안 i와 for 밖 i 가 어떻ㄱ 다른지 리눅스 ㄱ열이라 명령어 여러개 물어보셨습니다.,리눅스
-1분 자기소개 -블루스크린이 무엇인지 -리눅스 기초 지식들,리눅스
-TCP/UDP 차이 - 커널이 뭐고 어떻게 동작하냐 - 리눅스 명령어 질문,리눅스
"IP 클래스에 대해 자세히 설명하시오. 다이나믹 라우팅이 무엇인가요? 리눅스의 좀비 프로세스가 무엇인가요? 보안 공격 기법 중 ""&&""가 무엇인가요?",리눅스
"포트폴리오에서 설명한 프로젝트에 대해 설명해주세요. 가상메모리가 무엇인지 설명해보세요. 프로세스와 스레드의 차이점과 특징을 설명해보세요. 프로세스간 통신에 대해서 설명하고 작동원리를 설명해보세요. 3-hand-shaking에 대해 설명해보세요. 네트워크 플래그에 대해 설명해보세요. select에 대해서 설명하고 어떻게 동작한다고 생각하세요? 기억나는 오픈소스는 무엇이었나요? 리눅스에서 부팅과정에 대해서 아는데로 최대한 상세히 설명해보세요. 마지막으로, 좋은 소프트웨어는 무엇이라고 생각하세요?",리눅스
4명 입장 후 1분 자기소개 한명씩 번갈아가며 자소서에 있는 내용을 토대로 질문함 보안 분야였기 때문에 UTM IPS등에 대한 개념질문을 하였음 리눅스 명령어 5개를 주고 아는 대로답하기,리눅스
1차에 주로 리눅스와 시스템관련 질문,리눅스
"OS 7계층, 자기소개서에 작성했던 안랩 제품에 대한 설명, 리눅스 명령어 질문",리눅스
리눅스 기반에 지원했는데 깊은 질문을 던짐,리눅스
"기본 유닉스 프로그래밍, 리눅스 개발 등의 질문.",리눅스
"ddos가 무엇인긴요? ping이 무엇인가요? ""인턴 면접이었고 총 네분의 면접장들에게 보았습니다. 총괄 한분, 개발 담당, 네트 워크 담당, 리눅스 담당하시는 분들이었고 주로 자신의 프로젝트에 관련된 질문을 물어봅니다."" 주)안랩 사의 빠른 소식을 받아보세요! 2 엘티삼보(주) 1 기업 랭킹 채용 뉴스 연봉 이직 뽐뿌 오는 날 5분 완성, 1년 간 기업정보가 무료!    제휴 대학 서비스  회사소개 이용약관 개인정보처리방침 커뮤니티가이드라인 모바일 버전 공지사항 광고 및 제휴문의 고객 문의 FAQ | | | | | | | | (주)브레인커머스 서울특별시 강남구 테헤란로 509 엔씨타워 I, 10층 | 대표   황희승, 윤신근 | 개인정보보호관리자   윤신근 사업자등록번호   120-87-92182 | 통신판매업 신고번호   제2014-서울강남-02942호 | 유료 직업소개사업 등록번호   (국내) 제2017-3220163-14-5-00046호 대표번호   1644-5641 (10:00~17:00 / 매월 마지막 금요일 09:00~13:00 / 주말 및 공휴일 휴무) | 대표이메일 : customer_service@jobplanet.co.kr ©Jobplanet. All rights reserved. 141 142 143 144 145",리눅스
"리눅스를 다뤄봤다고 적은 지원자가 있었는데, 리눅스 명령어들을 주고 어떤 역할을 하는지 물어보는 질문이 있었습니다. 자소서에서 어떤 프로젝트를 진행하였다고 적었을 경우 자신의 역활에 대해 집중적으로 물어봅니다. 채용방식 그룹면접 발표시기 21일 후 ""인턴에 지원하였는데 필기시험은 따로 없고 1차 면접, 2차 면접이 있습니다. 1차 면접은 실무자 면접으로 전공에 관한 내용을 많이 물어봅니다. 2차 면접은 임원진 면접으로 인성 부분을 많이 물어보는데, 특히 자소서를 많이 참 고하여 질문합니다."" 불합격 긍정적 도움이 돼요 0",리눅스
"주로 학부 때 했던 프로젝트에 대해서 물어봤습니다. 또한 C++에 대한 문제가 자주 나왔고 리눅스 조 금, 그리고 보안 관련 이슈와 정책 등에 대해 물어봤던 걸로 기억합니다. 채용방식 케이스 면접, 그룹면접 발표시기 7일 후 ""서류 합격 메일 후 면접을 보러 갔습니다."" 불합격 긍정적 도움이 돼요 0",리눅스
"restful api 프레임워크 기능 개선 리눅스 기본지식 채용방식 개인면접 발표시기 2일 후 ""계약직이라 딱히 어려운 질문 없고 그냥 대충 웹 기술들 물어봄 인성 위주인듯 한 느낌"" 합격 보통 도움이 돼요 0",리눅스
프로젝트에 대한 질문을 많이 함. Window기반 서버를 제작한이유 리눅스를 사용해 보지 않은 이유 다른 언어 숙달 기간,리눅스
"리눅스 사용여부 자소서에 적은 프로젝트 내용에 대한 질문 야근과 주말근무 어떻게 생각하는지 물어봤습니다 채용방식 개인면접 발표시기 30일 후 ""자기소개, 자소서 기반 질문, 집과 회사 거리 등을 물어봤습니다"" 합격 보통 도움이 돼요 2",리눅스
"리눅스에 대해 아는것을 서술해 보시오. 자바를 잘 하는가 발표시기 30일 후 ""서류 전행 1차 면접 2차 면접 최종 합격 순으로 진행"" 합격 긍정적 도움이 돼요 0",리눅스
컴파일러시 필요한 파일과 이후 생성되는 파일은? 리눅스로 진행한 프로젝트는? 주변 지인들이 평가하는 면접자는?,리눅스
리눅스 명령어.. 진행했던 프로젝트 설명 was 사용해봣는지 네트워크를 이용한 프로젝트를 해봤는지 등등 기술적인 질문은 별로 없었다.,리눅스
리눅스에서 이런걸 확인하려면 명령어가 뭔가? 회사에서 팀원과 이런 일이 있다면 어떻게 대처하나?,리눅스
리눅스의 종류에 대해서 알고 있는 것을 말하세요. 회사에서 이루고 싶은것은 무엇인가요.,리눅스
"1차 면접에서 리눅스 명령어, 자바의 접근 제어자 등 간단한 개발 관련 질문을 하셨음. 그 외 mbti, 취미 등 개발과 관련 없는 것도 질문 받음. 2차 면접은 보통 면접에서 물어볼 질문들 위주로 물어봄. 예를 들어 동료와 갈등이 생겼을 때 어떻게 풀 어나갈 것인지. 본인의 강점. 성공 사례 등을 물어봄",리눅스
기술적인 질문 1. 리눅스 명령어에 대한 기본 지식 2. 실무 경험담 3. 서버 관리 능력,리눅스
면접전 필기시험이 있습니다. 1. 리눅스 명령어 2. 전직장퇴사 사유 3. 보안관제란 무엇인가?,리눅스
아키텍트란 무엇이라 생각하는지? MSA란 무엇인지? 그리고 개인 프로젝트중 리눅스를 다룬 경험이 있는 지 등 전반적인 인프라 관련 지식들과 개인프로젝트들 진위여부를 질문하셨습니다.,리눅스
레이드에 대해서 많이 물어봄. 네트워크나 기본 리눅스 지식도 물어보고 면접 준비를 좀 해야함,리눅스
"기술 면접때는 전반전인 리눅스, 네트워크, 하드웨어 관련 질문을 하였습니다.",리눅스
"리눅스에서 반복적인 일을 특정 시간에 수행하도록 하려면 어떻게 해야하는가 채용방식 그룹면접 발표시기 5일 후 ""리눅스에 관한 기본적인 질문과 포토폴리오로 제출한 프로젝트 위주로 질문을 함. 정장입고 갔다가 자율복장 안내 못 받았냐는 질문을 받음"" 합격 보통 도움이 돼요 1",리눅스
리눅스와 윈도우의 장단점 2가지 씩 말하고 최종 목표,리눅스
기술면접:네트워크에 기본적인이해와 리눅스에대한 질문 인성면접도 인터넷에 나오는 면접 질문을이 주로 나왓음,리눅스
1.반대로 면접관이 되면 어떤걸 보고 뽑을 것인지 2.리눅스 디스크 마운트를 할때 <<요건 잘 기억이 나지 않음,리눅스
1. 자기소개 2. 지원동기 3. 지원한 분야가 무슨 분야인지 아는지? 4. 리눅스 관리 내용질문,리눅스
1. 자기소개서에 리눅스 능력을 중으로 표기하셔서 질문드리는데 리눅스 심볼릭 링크 명령어를 말해보 세요. 2. 고객이 계약사항에 포함되지 않는 기능을 요구할 때 어떻게 대처할 것인지 말해보세요. 3. 자사 비전공자들의 퇴사율이 높은데 이유가 뭐라고 생각하시나요? (본인에게 주어진 질문은 아님),리눅스
구글에 개발자 면접 치면 나오는 cs 질문 리눅스 명령어 면접자의 인생을 비판하는 언행,리눅스
"1. 서버 이중화와 고가용성, Load Balancing 에 대해 아는대로 말해보라. 2. Spring Framework 에서 annotation이 어떤 역할을 한다 생각하는가? DI란 무엇이고 Spring Framework에서 DI를 함으로써 어떤 장점을 얻을 수 있는가? 3. 기본적인 리눅스 명령어 질문 3-1) su, su - 차이점 3-2) chmod 3-3) tar 명령어 및 쉘 프로그래밍 기초 지식 3-4) curl에 대한 질문 몇가지 4. Rest Api & MSA에 대한 질문 4-1) Rest Api 에 대해 아는대로 말해보라 4-2) Rest Api를 이용하여 서로 다른 기관 혹은 서버끼리 통신할때 어떤식으로 보안을 유지할 수 있을 지 설명하라 - 잘 모르지만 ssl인증서의 serial number, 각 기관끼리의 사전에 정의된 인증방식(토큰 등)을 통해 보 안을 유지할 수 있을거라 대답 4-3) 4-2에서 ssl 인증서를 언급하였는데 SSL 인증의 원리를 알고 있는가? 5. 기본적인 쿼리 질문 5-1) 계층쿼리(connect by) 5-2) Pivot 5-3) Rank(), RowNumber() over Partiton by ~ 6. 코딩 테스트(손코딩) 6-1) 자바 스크립트 promise함수 빈칸 완성 6-2) 기초적인 jquery 문제 - 체크박스 제어, 클릭이벤트등 html보고 코딩하면 됨 6-3) 쿼리코딩 (Cube 함수): 이거 못품 ㅡㅡ;;",리눅스
"0] 자기소개 1] 팀프로젝트 수행경험, 어떤 role을 했는지, 뭐가 힘들었는지 등등 무난한 질문 2] mvc 패텬, 자료구조, 정렬 기초 등등 전공 관련 무난한 것 질문 3] 리눅스 접해봤는지, 접해봤으면 컴파일 경험 있는지 등등",리눅스
"자기소개, mysql과 oracle 차이점, 리눅스 가능여부 물어봄. 다른 지원자에게는 싱글톤 패턴에 대해 물 어봤던걸로 기억함.",리눅스
"자기소개, 장단점, php, 리눅스 할 줄 아는지..?",리눅스
"인성면접으로 어려움겪은점, 관심사 등 일반적인 질문 하셨습니다. 직무면접으로 리눅스의 전반적인 지식과 보안, 프로그래밍 관심사등을 물어보셨습니다. 직무의 전반적인 지식과 전공 지식을 기본적으로 완벽하게 알아야합니다.",리눅스
1. 하나의 API로 많은 이들이 접속을 하여 프로세스가 많이 쌓였을때 생기는 과부하를 어떻게 해결하 는게 좋겠는가 2. 새로운 기술공부는 어떻게 찾고 어떻게 하느냐 3. 리눅스상에 모듈을 설치할때 어떠한 방식으로 하느냐 4. 테스트는 어떻게 하냐,리눅스
인턴과제가 구체적으로 어떤 과제인지 리눅스 사용경험은 어떠했는지 경험에 대해 배운점에 대한 질문 이었습니다.,리눅스
1. IT 분야로 전향한 이유 2. 리눅스를 공부한 이유와 장점 3. DevOps란?,리눅스
"데이터베이스. 안드로이드 등 몇가지 키워드 중 하나를 비 컴공인에게 설명해보시오. 브라우저에 url치면 무슨일이 일어나는가? 게시판 서버 1대 운영중 트래픽이 과도하게 발생되어 서버가 죽는다 해결 방안은? 클린 코드란? 리눅스에서 권한 변경 명령어? 옵션도 설명 다른 명령어 아는거 잇는가? 채용방식 스킬테스트 ""기술과제 수행 약 3시간 코드리뷰 약 1시간 기술면접 약 1시간"" 대기중 긍정적 (주)피매치 백엔드 엔지니어 (채용전환형 인턴) 경력무관, python, SQL, azure, PostgreSQL, rest api, 시… 합격보상 100만원  (주)액션파워 Back-end Engineer (경력 5년 이상) 4 ~ 15년, node.js, Docker, Kubernetes, firebase 합격보상 200만원  (주)박차컴 JAVA 개 5년 이상, j 합 액 3000억원 이상 (주)우아한청년들 포지션 0개 채용 중 2 코이즈(주) 8 기업 랭킹 채용 뉴스 연봉 이직 뽐뿌 오는 날 5분 완성, 1년 간 기업정보가 무료!    제휴 대학 서비스  신고하기 도움이 돼요 3",리눅스
"자기소개 오픈소스 활용능력이 강점이라 했는데 어떤 오픈소스를 활용했는지? AWS 얼마나 사용해봤는지? 데이터베이스는 어떤거 활용했는지?(RDBMS, MySQL) 내가 맡은 역할 그 이상을 했던 활동? 자바는 사용할줄 모르는건지? 인턴에서 했던 테스팅 시나리오를 따로 작성하고 실행한건지? 지도교수님이 나의 장단점을 뭐라고 말하실것같은지? 제일 관심있는 기술? 리눅스마스터 왜 공부하게 되었는지? 채용방식 스킬테스트, 그룹면접, 기타 발표시기 16일 후 ""코딩테스트 면접, 직무면접, 임원면접 봤습니다 코딩테스트는 엄청 쉬운대신 코드리뷰가 중요한 느낌이었어요."" 합격 보통 도움이 돼요 1",리눅스
리눅스 명령어 아는거 다 말해봐라 기본 적인 알고리즘 질문 손코딩해봐라 java or c,리눅스
"[신입 개발자 1차 실무진 면접] 0. 자기소개 1. 프로그래밍 공부 초기 때 어려웠던 C언어 문제 2. 전과한 이유 3. C언어의 사용기간이 가장 긴데, 코딩테스트를 파이썬으로 본 이유 4. 가장 최근에 C언어로 만들어본 것 5. 웹 프로그래밍을 해본 적이 있는지 6. 네트워크 프로그래밍(소켓통신)을 해본 적이 있는지 7. 리눅스를 써서 개발해본 적 있는지 8. 모바일 앱(안드로이드나 iOS)을 만들어본 적이 있는지 9. 파이썬으로 인공지능이나 머신러닝 같은 걸 쓰거나 만들어본 작품이 있는지 10. C, Python으로 만들어본 대표 작품 하나씩 얘기해주세요 11. 교내대회 수상이력이 있는데, 어떤 대회인지 설명(대회 이름이 좀 길어서 질문하신 것 같다) 12. 프로젝트들을 진행하면서 가장 어려웠던 부분과, 어떻게 해결했는지 13. SW개발 위주로 공부한 만큼, 보안/네트워크 쪽 지식이 부족할 것 같은데 그로 인해 업무에 어려움 이 생긴다면 어떻게 할것인지 13-1. (기초지식 검증?? 질문이라고 생각됩니당) 네트워크나 보안 관련해서 알고 있는 지식 아무거나 말씀해주세요 14. 입사하게 된다면 어떤 일을 하고싶은지 15. 윈스 제품에 대한 자세한 스펙?특징?들을 알고있는지? 16. 향후 5년, 10년 뒤에 개발자로써 어떤 개발을 하고 싶은지(회사에서의 모습이 아니라 내가 개인적 으로 어떤 분야의 개발을 꿈꾸고 있는지 여쭤보신 것) 17. 그 외 포트폴리오(대학교에서 한 프로젝트들) 작품에 대한 질문들",리눅스
"보안업무에 필요한 내역 리눅스 기초지식 TCP/IP 내역 등 기초지식 엄청 물어봅니다 발표시기 30일 후 ""압박면접 입니다. 파이팅 하십시오 저는 힘들었어요 3명 들어옵니다. 자신이 얼마나 하찮은 존재인지 깨닫게 해줍니다. ㅎㅎ"" 합격 긍정적 도움이 돼요 0",리눅스
보안에 가장 중요한게 무엇이라 상각하나? 어떤 업무 하고싶나? 리눅스 명령어?,리눅스
프로젝트 뭐했어요? 리눅스나 SQL써보셨어요? 지원한 분야말고 다른 직군에 배정되도 잘할수있나요?,리눅스
