﻿question,extracted_terms
"기존에 해왔던 개발업무에 대한 설명 자료구조 관련 질문, 간단한 손코딩 앱개발시 이용하는 기본 API에 대한 이해도를 보기위한 질믄 채용방식 개인면접 발표시기 30일 후 ""실제 개발을하고있는 분들이 면접관이어서 좋았다 깊이있는 실무 얘기를 할 수 있 었다."" 신입공채 채용 판도 뒤바꾼 SKT…”오히려 좋 아” [인터뷰] SK텔레콤 광고사업팀 김유민님, Ranker팀 김태 현님 찐친부터 가족까지 입사시키고 싶은 이 회 사, 비결은? 찐으로 ‘좋아요’ 꾸욱 누르게 만드는 SKT 구성원 리뷰 모 음.zip K텔레콤(주) 사의 빠른 소식을 받아보세요! 2 코이즈(주) 8 기업 랭킹 채용 뉴스 연봉 이직 뽐뿌 오는 날 5분 완성, 1년 간 기업정보가 무료!    제휴 대학 서비스",자료구조
1차 실무진 면접은 대부분 스프링의 3대 특징과 디자인 패턴 그리고 자료구조 간단한 질문들이 이어진 다 면접은 편안한 분위기에서 진행되었고 준비만 잘하면 수월하게 진행될수있다,자료구조
gc 인덱스의 자료구조 전략패턴 cpu가 급 올라간다면 원인은,자료구조
"주로 자소서 기반으로 학생때 했던 프로젝트 위주로 물어봤습니다. 서버는 뭐를 기준으로 설계했냐? 조별 과제하면서 어려웠던 점. os및 네트워크 지식과 알고리즘, 자료구조에 대해 물어봤습니다.",자료구조
"3대1 면접. 자기소개 따로 없음. 코딩테스트 리뷰-자소서 기반&기술 질문-손코딩 순으로 진행. 아래 생 각나는대로 적어봄. 코딩테스트 리뷰 본인 생각에 코딩테스트에서 가장 아쉬웠던 점은? 코딩테스트 후 완성도를 높이기 위해 더 노력한 사항이 있는지? 설계나 사용한 자료구조에 대한 설명 등 질문 자소서에 적힌 사항에 대한 질문들 벡터&어레이리스트&배열의 차이점은? 추상클래스와 인터페이스의 차이점은? 오버로딩과 오버라이딩의 차이점은? OOP의 특징 4가지를 설명해보라 Java의 접근제한자 4가지를 설명해보라 synchronized에 대해서 아는대로 설명해보라 등 주로 Java, Spring에 대한 질문이고 네트웤, OS 등에 대한 질문도 몇 개 있음. 타기업들과 비교했을때 그닥 어려운 난이도는 아님. ""서류전형-코딩테스트-1차면접 후 탈락. 코딩테스트는 타기업들과 달리 프로그램 작성 후 메일로 프로젝트를 제출하는 식. 1차면접은 타기업들과 크게 다르지 않은 다대일 기술면접 형식. 면접관들은 면접에 대한 교육을 따로 받고 들어오시는듯 굉 장히 친절하심. 다만 각 전형별 피드백이 없는 부분이나 면접진행 시 불필요하게 여 러 사람과 장소를 거쳐야 하는 등 프로세스는 좀 아쉬웠음."" (주)쏘카 Backend Developer 3 ~ 8년, Javascript 합격보상 100만원  (주)코드박스 [200억 ↑투자, 두나무 계열사] 소프트 웨어 엔지니어 3 ~ 10년, python, react, graphql, typescript, Django fra…  (주)트레드 Back-e 경력무관, j 액 3000억원 이상 (주)교원 포지션 0개 채용 중 2 코이즈(주) - 기업 랭킹 채용 뉴스 연봉 이직 뽐뿌 오는 날 5분 완성, 1년 간 기업정보가 무료!    제휴 대학 서비스",자료구조
"1차 면접에서는 웹과 기본 프로그래밍에 대한 용어들을 말로 설명할 수 있으면 되고, 2차 면접에서는 알고리즘과 자료구조에 대한 질문이 주를 이룸.",자료구조
"1차 : 프로젝트 관련 - 함수형 프로그래밍을 쓰는 이유, 메모리 관련 라이프사이클, 자바 8의 변경 사항 등 지원서와 관련된 내용을 주로 물어봄 2차 : 복잡도, 기초 자료구조 및 알고리즘을 회사 문제에 적용하는 방법, 상황에 맞는 설계",자료구조
"동시다발적으로 접속하는 사용자에 대한 데이터 처리 문제를 어떻게 해결할 것인가 개인프로젝트 시 어려웠던 점 전공 과목 디비, 자료구조 쪽의 기본적인 이론",자료구조
"온라인테스트로 진행했던것에 관해 어필하고싶은 부분을 보드판에 그리면서 설명해라??(문제도 다시 보여주지 않고 무작정 내가 만들었던 부분을 보드판으로 설명하라는데...ClassDiagram을 그리라는건 지...손코딩을 하라는건지...자꾸 내가 만든것을 그려보라고하는데 문제라도 다시 보여주던가..좀 많이 당황스러웠음...2:1의 면접이었는데 한분은 한마디는 커녕 쳐다보지도 않으심;;) 신입은 손코딩과 알고리즘, 자료구조 등 언어에 대한 기본을 많이 보는걸로 알고있었는데...트집을 잡아 서 난이도있는 질문만 계속함;; (Interface는 무엇이고, 어떻게 사용하는가? Servlet과 Spring이 어떻게 동작하는지...Servlet이 멀티 쓰레딩에 안전할까?) 기술과는 별도의 인성에 관련된 질문도함..(어떠한 개발자가 되고싶은가? 최근 읽었던 책에서 기억에 나는 내용은?)",자료구조
"실제 면접에서의 분위기는 좋은편입니다. 최대한 편하게 해주려는 모습이 보였습니다. 실무진 면접이 라 실무관련 질문만 할 것 같지만, 인성 질문도 중간에 섞여있었습니다. 크게는 온라인 코딩 테스트에 작성한 코드를 기본으로한 설명과, 개선사항, 또한, 이력서 상의 진행한 프로젝트에 대한 경험들에 대한 질문이 주를 이루었습니다. 또한 자료구조에 대한 기초적인 질문(array 와 linkedList의 차이 등) 채용방식 스킬테스트, 개인면접 발표시기 7일 후 ""서류 통과후 - 3시간의 온라인 코딩 테스트 - 1차 팀장급 실무진 면접"" 대기중 긍정적 도움이 돼요 0",자료구조
"1차 기술면접에서는 사용해봤던 기술의 기초 지식이나 DB 반정규화를 왜 하는지, Java 에서 OutOfMemory가 발생했을 때 어떻게 할 것인지등의 질문을 합니다. 2차 CTO면접에서는 대용량의 메모리를 남기는 경우 어떻게 해야하는지 등의 질문을 했는데 자료구조 이론 같은 것을 잘 알고있다면 무난하게 답변할 수 있을거라 생각합니다. 3차는 편하게 진행됩니다. 왜 지원했지는지 등등.. ""1차 기술면접 -> 2차 CTO 면접 -> 3차 써드아이 면접"" 불합격 보통 도움이 돼요 0",자료구조
"경력직 면접에서 이정도까지 이론위주의 질문을 하는 곳은 처음이었기에 50%정도의 질문이 당황스러 웠음. 물론 자신이 한 프로젝트, 어떻게 해결했는지, 문제사힝 있는지, 그리고 프로젝트 내용에서 약간 파고드 는 면이 있음. ""최초 연락 후 1차 기술면접, 기술면접은 아키텍쳐, 지원팀의 팀장님 2분이 며, 간단한 손코딩 시험이 있음 (신입, 경력 관계없이 다 봄) 아주 기본적인 자료구조 수준의 손코딩임. 2차는 CTO 면접이 먼저 진행되고 CTO 진행되고 나서 인성면접 따로 진행함. CTO가 이번에 새로 왔는데 완벽한 개발자 출신이라 상당히 디테일하게 물어봄. 자신이 한 업무에 대해서 디테일하게 물어보는 수준이 아니라 자신이 사용하는 언 어에 대해서 기초를 아주 잘 알아야함. 기초가 아주아주아주 중요함."" BEST 111퍼센트(주) [111퍼센트] 1인 개발자 모집 경력무관, Unity, 유니티 합격보상 100만원  리디(주) 백엔드 소프트웨어 엔지니어 7 ~ 12년, MYSQL, node.js, go, typescript 합격보상 100만원  (주)피매치 백엔드 경력무관, p 합 액 3000억원 이상 (주)솔루엠 포지션 2개 채용 중 3 엘티삼보(주) - 기업 랭킹 채용 뉴스 연봉 이직 뽐뿌 오는 날 5분 완성, 1년 간 기업정보가 무료!    제휴 대학 서비스",자료구조
"실무위주의 했었던일을 물어봤기때문에 어려웠던 점은 없었는데, 면접볼 때 칠판에서 쓰면서 설명하는 거 자신없는 사람은 조금 떨릴수도 있을듯? 채용방식 개인면접 발표시기 7일 후 ""서류지원(자료구조문제제출포함)후 서류합격되면 실무진면접 - 임원면접순으로 진행되는 것 같음. 서류지원때 자기만의 노하우가 있는 자소서와 기본적인 것들 써주고 마지막에 문제 가 하나있는데, 자료구조때 배우는 정렬알고리즘 하나 쓰는거. 왜 이런문제를 내는 지 모르겠음. 서류전형자 뽑는데 전혀 판별할 수 없음. 실무자면접때 서류에 작성한 정렬알고리즘을 똑같이 써보라고 함. 그냥 받아쓰기느낌? 저는 여기서 -(짝대기)하 나 잘못써서 떨어진것같습니다. 잘못썼다가 바로 찾아서 고치고 칠판에도 잘 설명 했는데, 떨어졌음. 신입으로 지원하는 것 치고는 잘한다고 까지 했었는데. 나쁘지않 게 면접은 주거니받거니 봤는데, 느낌상 학벌(?)보는 것 같기도함. 인사담당자앞에 있을때 살짝 면접자목록 봤는데, 은근 학벌있는 사람들 좀 있었음. 학점은 그래도 내 가 탑에서 몇번째였던걸로 아는데. 결국은 떨어졌고, 지금은 그냥 개발재미있게 할 수 있는 곳에서 일하고 있음."" (주)코드박스 [200억 ↑투자, 두나무 계열사] 소프트 웨어 엔지니어 3 ~ 10년, python, react, graphql, typescript, Django fra…  리디(주) 백엔드 소프트웨어 엔지니어 7 ~ 12년, MYSQL, node.js, go, typescript 합격보상 100만원  (주)트레드 Back-e 경력무관, j 액 3000억원 이상 모트렉스(주) 포지션 30개 채용 중 2 코이즈(주) - 기업 랭킹 채용 뉴스 연봉 이직 뽐뿌 오는 날 5분 완성, 1년 간 기업정보가 무료!    제휴 대학 서비스",자료구조
"(신입 질문임을 참고) 1. 자신에게 있어서 가장 중요하게 생각하는 부분 2. 자료구조에 대하여 굉장히 많이 물어보셨고, 시간복잡도에 대한 계산도 여쭤보셨습니다. 3. 코딩테스트 리뷰하며 어떤 생각으로 코드를 짰는지, 이 코드에 대한 시간복잡도 계산 해봤는지, 다른 로직에 대해선 생각해봤는지 4. 스프링을 사용하는 백엔드이기 때문에 스프링에 대한 신입한테 물어볼만한 질문들 몇가지 여쭤보셨 습니다. 5. 포트폴리오를 첨부하였기 때문에 포트폴리오 보시면서 궁금하신 점, 어려웠던 점 등 써있는 그대로 를 보시면서 질문하시기 때문에 서류 제출 시 질문을 유도할 수 있을 것 같습니다. 6. 지원했던 팀 특성상 네트워크에 대한 질문은 많이 있지 않았습니다.",자료구조
"자료구조 종류, java 특징 등 일반적인 서버 백엔드 질문이 대부분이었습니다",자료구조
"보안서약으로 인해 자세히는 말 할 수 없지만, 1. 개발 프로젝트 설명 2. 수학과 관련 알고리즘 질문 3. CS 관련 질문(운영체제, 자료구조, ...)",자료구조
"기초적인 자료구조와 언어에 대한 이해도, 브라우저가 동작하는 방식, 경력과 인성에 관한 질문들을 주 로 받았습니다.",자료구조
"자료구조, 구체적인 계획, 프로젝트 경험 ""서류 제출 이후 두번의 기술 면접을 보았다. 꽤 오랜기간 소요됨."" 합격 긍정적 도움이 돼요 2",자료구조
"1시간 30분 가량 진행된 기술면접으로 알고리즘, 자료구조, 웹, 네트워크, 손코딩 등 많은 분야의 기본적인 내용을 질문하였음",자료구조
"기술 질문으로는 클로저와 같은 js기반질문, 해쉬와 같은 자료구조 질문이 기억나며 인성 부분에서는 자신의 성격이나 단점을 바탕으로 꼬리를 무는 질문이 기억이 납니다.",자료구조
1. 자료구조 ㅇㅇㅇ을 설명해보세요. 2. 알고리즘 문제를 주고 설명해보세요. 3. 입사하면 어떤 일을 하고싶나요?,자료구조
"자료구조, 디자인패턴, 간단한 손코딩 등 CS관련 질문",자료구조
"cv에 작성했던 프로젝트를 많이 물어봄. 무슨 방법을 썼고 왜 그랬는지 자세히 요구함. 또한 기본적인 알고리즘과 자료구조에 대해서도 물어보있으며 지원한 분야가 인공지능 쪽이라 딥러닝 관련 간단한 질문(활성 함수, 로스 함수 등)도 함",자료구조
"인턴십동안 수행한 과제에 대한 심화 질문, 간단한 자료구조, 알고리즘, 기본 지식을 물었습니다.",자료구조
기본적인 네트워크 지식과 HTTP 통신과 REST API에 대해서 설명하고 Spring Framework의 구조에 대해서 질문했습니다. 그 후 자료구조나 간단한 알고리즘 문제를 풀었습니다.,자료구조
"신입으로 입사해서 큐, HTTP등의 기본적인 자료구조와 웹 지식을 물어봄",자료구조
"기초적인 자료구조의 구현과 약간의 응용. 왜 이렇게 구현하였는지? 어떻게 하면 더 좋은 구현이 될 것 인지? 그리고 데이터 관련 최신 기술에 대한 약간의 토론을 하였는데, 점점 파고드는 질문을 받았습니 다.",자료구조
기본적인 자료구조나 간단한 알고리즘 구현해보게 했음,자료구조
1. 자료구조 알고리즘 코딩능력 다양한 기본기위주의 질문,자료구조
"자료구조, 코딩테스트를 주로 보았고 문제 유형은 매번 다른것같습니다.",자료구조
"알고리즘 자료구조 보다는 iOS, Swift, 설계방법 그리고 경력 위주의 질문을 받았습니다. Swift 함수나 용어 같은거 물어봤습니다.",자료구조
"전화면접에서 Google Docs로 알고리즘문제 제시후 코딩 요구 기술면접에서 알고리즘 2문제 출제하고 화이트보드에 손코딩 요구. 트리 탐색, 밸런싱, 시간/공간 복잡 도, 자료구조(큐,스택,해시테이블), OS 관련 구두질문 임원면접에서 이력서 내용 관련 질문.",자료구조
"1시간정도 진행하며 손코딩 2~3문제 후 전공 기본지식에 대한 질문을 하는 식으로 진행. 손코딩은 어 렵다기보다 어떻게 구현하는지를 보는 느낌. 전공질문은 대답하면 심화질문을 던지는 꼬리물기식으로 계속 진행. 서버개발 쪽이라 OS, 자료구조 등에 대한 질문이 주를 이루었음. 자신있는 언어를 Java로 적었더니 JVM과 GC에 대한 질문도 받았음. 면접관들은 긴장도 풀어주시면서 매너있게 대해주셨음.",자료구조
"코딩테스트는 url 에 naver, naver.blog, naver.cafe 등의 string을 구분하는? 설명어려움 간단한듯한 데 막상 거기서하려니 머리가 안돌아감.. Android프로젝트를 많이 해왔는데 ios는 왜 안했는지 안드로이드 뷰가 뜰 때 안드로이드 내부의 동작과정을 설명하라. 자료구조 아는가. 등등 기억이 잘 안남. 구현이나 개발에 대한 질문보다 원리에 대한 질문이 많았었음.",자료구조
"자료구조, 알고리즘부터 시작하여 전반적인 it기술",자료구조
"- 운영체제, 자료구조와 알고리즘 등과 관련된 기초 컴퓨터 공학 지식 관련 질문 - 네트워크, 통신 관련 지식 - 사용하는 언어에 대한 질문 - 간단한 코딩(손코딩) - 자소서 기반 질문(프로젝트와 관련된 질문) - 희망하는 개발 분야, 관심있는 기술 - 지원한 직무와 관련된 질문",자료구조
"면접 질문은 밝힐 수 없지만 대체적으로 DB, OS, 네트워크, 자료구조, 알고리즘, 안드로이드 관련해서 나왔습니다 질문 한 개만 적자면 안드로이드 엑티비티에 대해 설명하세요.",자료구조
"이전 프로젝트 설명, 알고리즘, 자료구조등",자료구조
"자료구조에 대한 개념적인 질문. 화이트보드에 손코딩 ( 문자열 처리를 다루는 간단한 함수 작성, 숫자배열에서 원하는 값을 찾는 함수 작성 언어제한없음 ) 손코딩한 문제들에서 더 효율적인방법은 없을지 질문함.",자료구조
"운영체제, 언어적인 문제, 네트워크 자료구조 데이터베이스에 대한 문제들이나왔습니다.",자료구조
"OS 네트워크 웹 자료구조 알고리즘 에 대한 질문을 물어봄. 손코딩을 하시오. atoi itoa 팰린드롬 검사, 바이너리서치 등",자료구조
"자료구조, 알고리즘에 대한 상세한 질문 손코딩 하는 문제도 나옴. 채용방식 개인면접 발표시기 ""서류, 전화면접 통과 후 일차기술면접 일차기술 면접 후에는 이차기술 면접 한번 더 있음. 4개 인터뷰 실이 있고 그 중 랜덤으로 2번 각각 다른 인터뷰 실에서 면접 진행 1:1 진행. 편안한 분위기에서 진행."" (주)박차컴퍼니 JAVA 개발자 5년 이상, java, spring boot, Docker, Jenkins, Spring Dat… (주)트레드링스 Back-end 개발 상시 채용 경력무관, java, Spring, SQL, java spring 백엔드 (주)쏘카 Backen 3 ~ 8년, J 2 던킨/던킨도너츠 (… 4 기업 랭킹 채용 뉴스 연봉 이직 뽐뿌 오는 날 5분 완성, 1년 간 기업정보가 무료!    제휴 대학 서비스",자료구조
"자료구조에 대한 질문이 주를 이뤘습니다. 발표시기 14일 후 ""전화면접으로 진행되었습니다. 약 30분간 진행한 것 같습니다."" 대기중 보통 도움이 돼요 0",자료구조
"작성한 프로젝트에 대한 상세 내용과 자료구조,네트워크,DB 등 전공지식에 대한 질문을 받았습니다.",자료구조
"자료구조와 알고리즘을 묻는 질문, DB, OS , 네트워크 관련 질문이 많았습니다.",자료구조
"전화면접은 주로 전공에 대해 물어봅니다. 40분정도 통화를 했고 담당자분이 최대한 편하게 해주십니다. 전공 기초부터 처음듣는 용어까지 물어봅니다. 자료구조를 시작으로 네트워크, os,DB등 주요 분야를 물어봅니다.",자료구조
"자료구조 파악 웹시스템 동작흐름 파악 효율적인 알고리즘 코딩 통신 시스템 파악 디비 내부구조 파악 ""서류합격 후 전화면접을 보았습니다. 기본적인 자료구조 웹시스템 통신 알고리즘 파악 등의 문제가나왔고 30분동안 보 았습니다. 처음듣는 알고리즘도 있었고 대답못한 질문도 몇가지 있습니다."" 대기중 긍정적 도움이 돼요 0",자료구조
"대체적으로는 진행했던 프로젝트 관련 질문들이였고, 내가 한일에 대해서 질문 받았습니다. 또 데이터 베이스, 소프트웨어공학, 자료구조, 알고리즘, Java 클래스 정도에서 면접질문이 나왔어요.",자료구조
자기소개서 기준으로 질문을받았고 자바 자료구조를 기본적으로 이해하는지 그리고 졸업작품에 대해 구체적으로 물어봤습니다.,자료구조
"자료구조, 알고리즘에 대해서 물어봤고 나머지는 자세히 기억이 안나요 ㅠㅠ",자료구조
"전화면접은 자료구조, 알고리즘, 네트워크, 운영체제, 데이터베이스, 객체지향에 대해서 물어보고, 1차 면접부터는 인성도 같이 물어봄",자료구조
"Linked List 를 뒤집는 의사코드 작성 채용방식 스킬테스트, 개인면접 발표시기 10일 후 ""서류전형, 1차 기술면접, 2차 임원면접순이었습니다. 1차에서는 자료구조와 간단한 알고리즘에 대해서 물어보았고, 2차에서는 관심있는 분야에 대한 기술에 대해서 물어보았습니다."" 합격 긍정적 도움이 돼요 2",자료구조
"자신이 자신 있어하는 언어에 대한 기초적인 지식과 자료구조 기초적인 질문 등 상세하고 자세한 질문 들은 없었습니다. 예를 들면 스택과 큐에 대해 설명해라, 리틀엔디언에 대해 설명해라 등",자료구조
"모바일 환경이 네이버 서비스에 미칠 영향으로 어떤 것이 예상되는가? 채용방식 필기시험, 인/적성검사, 스킬테스트, 토론면접, 개인면접 발표시기 30일 후 ""공채. 서류전형 후, 1차 필기시험. 2차 기술면접. 3차 임원면접. 필기시험은 기사자격시험과 비슷한 유형의 평이한 난이도. 기술면접은 2:1로 주로 자료구조를 다루는 알고리즘에 대한 손코딩 문제. 임원면접은 4-5인의 조별로 행해졌으며, 주어진 화제에 대해 각자 입장을 정하고 자신의 입장을 피력하는 형태였음."" 합격 보통 도움이 돼요 0",자료구조
자료구조의 연결리스트 중 스택과 큐의 차이를 설명해보시오,자료구조
"프로젝트에 대한 경험, 알고리즘, 자료구조 기타 등등 소프트웨어에 대한 전반적인 기초지식들 채용방식 개인면접 ""문자로 연락오고 그뒤부터는 메일로 연락"" 대기중 보통 도움이 돼요 0",자료구조
"운영체제, 자료구조, 알고리즘등 기초 전공지식들 ""서류 발표후에 면접 전화면접 안내 메일 받고 전화면접 진행했습니다."" 불합격 보통 도움이 돼요 0",자료구조
"서류에 적었던 교내 프로젝트에 대한 질문 자료구조, 알고리즘같은 기본적인 학과목에 대한 문제들",자료구조
대부분 개발직군이 다 똑같겠지만 알고리즘이랑 자료구조위주로 묻습니다. 특히 이진탐색이나 정렬같 은부분을 집중적으로 묻구요. 기초위주로 준비하시면 될거같습니다. 2차때는 인성면접인데 인성이라 기보단 기술면접의 연장선입니다. 압박면접이었으니 대비해가면 좋을듯 합니다.,자료구조
"아마 자소서에 원하는 서비스 분야를 선택하는데 이 때에 이 와 관련된 면접을 1차면접에서 진행합니 다. 그러므로 해당 업무 분야와 관련된 프로젝트와 기술들이 있으면 좋습니다. 채용방식 개인면접 발표시기 4일 후 ""전화면접에서 기초적인 프로그래밍에 대한 질문을 받게 됩니다. 간단한 자료구조, 알고리듬들 공부하시면 됩니다. 그리고 1차면접은 실무진과 실무에 대한 경험을 질문 받는데 제가 한 프로젝트와 관련기술 질문 받고 마지막에는 알고리듬 손코딩 합니다."" 불합격 보통 도움이 돼요 3",자료구조
"질문 난이도 자체가 높지 않음 질문이 이해가 안되는 부분이 있어 물어보면 알아듣게 설명해줌 ""전화 면접 통과 후 이메일로 시간, 일시 전달 대기인원 약 5명정도, 동시에 각기 다른 면접관과 50분씩 1:1면접 진행 2회 진행 기본 전공 지식 ( 알고리즘, 웹, 자료구조 ) 등의 질문 손코딩도 시킴"" 불합격 정보없음 도움이 돼요 0",자료구조
"손 코딩 문제 1. 자료구조 문제 2. 동시성 문제 채용방식 개인면접 발표시기 7일 후 ""SW개발자 기술면접 1. 프로젝트 경력 위주의 자기소개 2. 수행한 프로젝트 중 자신있는 프로젝트에 대한 설명 3. 간단한 손 코딩 문제 풀기 실무 담당자 두 분의 면접관님이 들어오셨고 편안한 분위기에서 진행했습니다."" 불합격 긍정적 도움이 돼요 0",자료구조
"대부분 자바 질문. 네이버에서 이용한 서비스 중 가장 관심있는 서비스와 개선사항 채용방식 개인면접 발표시기 5일 후 ""인터뷰는 40분씩 세차례 진행됨. 자바와 알고리즘 자료구조에 대해 질문함"" 불합격 보통 도움이 돼요 0",자료구조
"기술질문 : 네이버에서 인코딩한 동영상을 15분이상 재생하지 못하게 하였는데 왜 그랬는지 설명하여 라. 채용방식 개인면접 ""서류합격을 하고 12일 전후로 정자동 네이버 본사에서 면접을 진행한다고 통보받았습니다. 면접관은 두 분으로 8층 면접실의 작은 방에 들어가서 약 1시간 동 안 진행합니다. 첫번째로 자기소개를 진행하고 주로 자기가 수행한 프로젝트에 대 하여(거의 질문의 반정도) 질의응답을 합니다. 경험하였던 학교 활동, 자기가 가장 관심을 가졌던 과목에 대한 질문(자료구조 -> 리스트 , 트리 -> 이것에 대하여 아는 데로 설명해보라)이나 또다른 프로젝트의 설명을 듣고 거기에 대한 전공 지식(게임 을 만들은 경험을 말하였는데 카메라를 어떻게 구현하였는가 등)에 대하여 말하였 습니다. 거의 자소서 항목에 대하여 심층적으로 물어보시는 것 같습니다."" BEST 2 던킨/던킨도너츠 (… 4 기업 랭킹 채용 뉴스 연봉 이직 뽐뿌 오는 날 5분 완성, 1년 간 기업정보가 무료!    제휴 대학 서비스  회사소개 이용약관 개인정보처리방침 커뮤니티가이드라인 모바일 버전 공지사항 광고 및 제휴문의 고객 문의 FAQ | | | | | | | | (주)브레인커머스 서울특별시 강남구 테헤란로 509 엔씨타워 I, 10층 | 대표   황희승, 윤신근 | 개인정보보호관리자   윤신근 사업자등록번호   120-87-92182 | 통신판매업 신고번호   제2014-서울강남-02942호 | 유료 직업소개사업 등록번호   (국내) 제2017-3220163-14-5-00046호 대표번호   1644-5641 (10:00~17:00 / 매월 마지막 금요일 09:00~13:00 / 주말 및 공휴일 휴무) | 대표이메일 : customer_service@jobplanet.co.kr 110 111 112 113 114",자료구조
"자료구조 문제, 쿼리가 날라올때 어떻게 효과적으로 저장해야 좋은가?",자료구조
"컴퓨터공학 알고리즘 / 자료구조 기본지식 설명을 물어보았습니다. 예상치 못했던 이진수 표현 방식에 대한 질문이였습니다. 채용방식 개인면접 발표시기 60일 후 ""2:1 면접을 진행합니다. 다소 딱딱한 분위기입니다. 인성적인 부분은 고려하지 않고, 기술적인 부분 질문 위주로 합니다."" 불합격 보통 도움이 돼요 0",자료구조
"쉬는 날에는 무엇을 하는지?, 자료구조에 대하여 알고있는가?, 시큐어코딩에 대하여 알고있는가?",자료구조
직무 면접에서 자료구조 기초내용을 물어봤습니다.,자료구조
1. 리버스 프록시란? 2. Async에 대해 3. 자료구조,자료구조
웹브라우저에 이전페이지로 가기 기능에 적합한 자료구조는? Process와 Thread의 차이점?,자료구조
"자료구조, 알고리즘, 프로그래밍 전반적으로 질문 함 1차 코딩-2차 기술면접-3차 인성면접으로 진행 됐으며.. 3차 기술면접시, 기술 관련 페이퍼 시험을 치고 그 결과 베이스로 면접 진행 채용방식 스킬테스트, 개인면접 발표시기 30일 후 ""복지가 좋은편이라 시도하였으나, 면접이 빡빡하고 분위기가 너무 딱딱함"" 불합격 부정적 도움이 돼요 0",자료구조
"모바일 분야 지원 -자료구조, 알고리즘, 자바에관한 전반적인 내용 자세하게 질문 받음 - 안드로이드 액티비티 생명주기, 바인더 등 전반적인내용 자세하게 질문받음 채용방식 필기시험, 개인면접 발표시기 7일 후 ""1차 1시간 코딩 테스트 2차 1시간 1:1 면접"" 불합격 보통 도움이 돼요 0",자료구조
"그다지 어려운질문은 없는데 자신이 했던 프로젝트에 관해 심도있게 이해해야합니다. 자료구조 알고리 즘은 디 꿰고 있어여함 채용방식 필기시험, 인/적성검사, 스킬테스트, 그룹 프로젝트, PT면접, 토론면접, 개인면접 ""면접과정은 자유롭고 편하지만 면접관에 따라 결과가 좀 달라집니다. 표준화된 평 가표가 없는듯 보입니다."" 합격 보통 도움이 돼요 0",자료구조
"실무면접에서 실시간 통계기능에 대해서 물어봤는데 상당히 까다로왔습니다· 영어 좀 한다구 했다가 시켜서 했는데, 반응은 별로..... 채용방식 스킬테스트, 개인면접 발표시기 15일 후 ""실무면접을 세시간이상 봤습니다. 경력사항을 자세히 물어보시구요. 코딩테스트는 1문제는 골라주시구, 다른 문제는 여러개 중에 본인이 고르라고합니다. 문제는 알 고리즘과 자료구조 문제구요. 어렵지는 않습니다."" 대기중 긍정적 도움이 돼요 0",자료구조
"지원한 팀 외에 가고싶은 팀이 있냐...? 채용방식 스킬테스트, 개인면접 발표시기 15일 후 ""경력직 채용에 지원했음. 코딩테스트, 직무면접이 있었는데 코딩테스트 같은 경우는 1시간안에 두문제를 푸 는거였음. 첫번째 문제는 고를수 없는 문제고 두번째 문제는 여러가지 문제중에 자기가 할수 있는거 푸는거였음. 첫번째 문제 같은 경우는 자료구조를 이해 하고 있는지 확인하는 문제 였고 두번째 문제는 문제해결 능력과 알고리즘을 보려고 하는 내용인것 같았음. 총 1시간 걸렸 음. 직무면접은 지원한 팀에 가서 총 4명의(팀장포함) 면접관을 돌아가면서 만나고 이 야기 하고 하는 면접이었음. 직무면접은 약간의 인내심이 필요함. 총 3시간 걸렸음. 코딩테스트와 직무면접은 통과. 인적성검사와 임원면접을 남겨놓은 상태임."" 대기중 긍정적 도움이 돼요 0",자료구조
분산서버는 적용하였나요? 해킹에 대한 대비는 어떻게 할 계획이 있었나요? 자료구조에대해 설명해주세요,자료구조
"과거 인턴과 회사(경력)에대한 질문, 간단한 자료구조 알고리즘 손코딩 테스트",자료구조
자료구조 손코딩. c.c++ 기본개념 등등,자료구조
1. 사용 해 본 자료구조는? 2.파일 공유 하는 방법 3. 10년 뒤 미래에 어떤 개발자일 것인가?,자료구조
이력서나 자기소개서에서 있는 내용을 물어보면서 회사에서 생길만한 갈등에 대한 질문과 기술쪽에서 는 자료구조 관련 질문합니다.,자료구조
지금까지 해본 기술 중 제일 자신이 있는 것에 대해서 설명해보시요. 자료구조와 알고리즘에 대한 프로그램 경험이 있는가.,자료구조
사용해본 자료구조중에 특이했던것? 이직 사유 살고있는 곳,자료구조
"디자인패턴을 설명하라 스택 큐 장단점 설명하라 이전 경력에 대해서 설명하라 채용방식 스킬테스트, PT면접, 기타 발표시기 30일 후 ""손코딩을 하며, 스택 큐 등의 자료구조를 칠판에 손코딩하엿음. 디자인패턴 설명, 창의력 문제 1개 풀기를 하엿음"" 합격 보통 도움이 돼요 1",자료구조
"알고리즘, 자료구조, 운영체제, 웹 등 다양한 질문을 토대로 판서를 하거나 답변하는 방식",자료구조
"JAVA, SPRING, 자료구조 등 기본과 업무관련 질문을 시작으로, 이력서에 썼던 경력에 관한 질문들 위주.",자료구조
"자바 메모리에 대해 설명, 자료구조에 대해 설명, 자바 Collection 구조 설명, DB 쿼리 짜보기",자료구조
"기본적인 자료구조나 알고리즘에 대하여 물었습니다. 3way hand shaking. 큐, 스택, 정렬의 빅오 등? 또 rest api 관련된 질문도 많았습니다.",자료구조
Os부터 시작해서 자료구조 알고리즘 이전 경력 기술 관련 질문,자료구조
"1. 자기소개 / 지원 동기 / 해당 직무를 왜 하고 싶은지 2. 코딩테스트에 대해서 왜 이렇게 풀었고 효율성이 완벽하지 않았는데 코테 끝나고 다른 방법을 생각 해 보았는지 3. 프로젝트에 대해서 어떤 방식으로 진행이 되었는지 / 사용한 기술에 대해서 래퍼런스를 읽어보았는 지 4. OS, 데이터베이스, 네트워크, Spring, 자료구조에 대해서 깊게 물어봄",자료구조
거의 기술 면접이었습니다. 1. 데이타베이스 인덱스 2. Jvm 구조 및 gc 3. 간단한 자료구조의 주요 함수의 시간 복잡도,자료구조
코테관련 문제를 스트리밍으로 처리하면? 레디스 자료구조관련 어뷰징 탐지 설계,자료구조
알고리즘 자료구조 데이터베이스 네트워크 관련 질문,자료구조
"java 프로그래머 지원이어서 java에 대한 질문 spring을 언급하니 내부 구조에 대한 질문이 따라옴 자료구조에 대한 화이트보트 코딩 요구 jin, spring aop/di 구조에 대한 질문, 이벤트 소싱, 스택, bst",자료구조
자료구조의 동기화가 이뤄질 때 어떤식으로 처리가 되는지. 현재 진행중인 프로젝트의 데이터베이스 스키마 설명. 정렬 방법들의 차이,자료구조
"1. 트리, 해시와 같은 간단한 자료구조에 대한 설명 2. 간단한 검색 알고리즘 이야기해봐라 3. 컴공과가 아니라 산공과인데 연구팀에서 잘 할 수 있을 것인지",자료구조
"자료구조에 대한 질문과 실무에서만 얻을 수 있는 지식들을 질문받았습니다. 그다지 어렵진 않았으나 제출한 이력서에 대한 거의 모든 것들에 대한 질문을 받았습니다. 채용방식 스킬테스트, 케이스 면접 발표시기 30일 후 ""실무에 가장 가까운 질문들을 받았고 1차 2차 동시에 진행되었습니다"" 대기중 긍정적 도움이 돼요 0",자료구조
본인들 업무의 특화된 케이스의 문제 해결 능력 자료구조 등 기본 지식에 대한 질문,자료구조
CS 기초 지식 및 그간 해온 프로젝트들 설명 자료구조 알고리즘 손코딩,자료구조
알고리즘 질문과 자료구조 질문 was구성요소등 트러블 슈팅,자료구조
"운영체제나 자료구조 일반 및 메모리, 성능을 다루는 심도 깊은 질문들을 받았습니다.",자료구조
기본적인 알고리즘에 대한 정보부터 자기가 한일을 프로젝트 단위로 말함 경력직이기 때문에 지금까지 한일 위주에서 그 부서에 맞는 질문을 하는 것으로 보임 - 기본 자료구조 - 사용된 알고리즘&원리,자료구조
1. 자바스크립트의 기본 문법 2. 사전과제에 대한 해설 3. 자료구조 기본 개념,자료구조
"자바스크립트의 기본 문법 질문, 자료구조 질문",자료구조
스프링 아키텍쳐 짜기 java 및 자료구조 기초지식 디자인패턴 지식,자료구조
"이전회사의 조직규모와 인원, 업무 프로세스, 자료구조, 단점 ""전화면접이라고 간단히 본다더니만 1시간 반동안 일반 대면면접과 동일한 과정을 거쳤음. 근데 질문 수준이 진짜..신입사원한테 물어볼만한 질문들과 전직장의 대외 비정보만 캐내려고함"" 액 3000억원 이상 신성통상(주) 포지션 9개 채용 중 2 코이즈(주) - 기업 랭킹 채용 뉴스 연봉 이직 뽐뿌 오는 날 5분 완성, 1년 간 기업정보가 무료!    제휴 대학 서비스  회사소개 이용약관 개인정보처리방침 커뮤니티가이드라인 모바일 버전 공지사항 광고 및 제휴문의 고객 문의 FAQ | | | | | | | | (주)브레인커머스 서울특별시 강남구 테헤란로 509 엔씨타워 I, 10층 | 대표   황희승, 윤신근 | 개인정보보호관리자   윤신근 사업자등록번호   120-87-92182 | 통신판매업 신고번호   제2014-서울강남-02942호 | 유료 직업소개사업 등록번호   (국내) 제2017-3220163-14-5-00046호 대표번호   1644-5641 (10:00~17:00 / 매월 마지막 금요일 09:00~13:00 / 주말 및 공휴일 휴무) | 대표이메일 : customer_service@jobplanet.co.kr ©Jobplanet. All rights reserved. 57 58 59 60 61 온라인 지원",자료구조
"지원서에 쓴 프로젝트 관련 질문과 전공 질문(특히 알고리즘, 자료구조)에 대해 물어봅니다.",자료구조
"자동 완성의 경우 이진트리로 자료구조를 만들었는데, 그 이유는 무었인가?",자료구조
간단한 자기소개 후에 경력 위주로 질문을 받았습니다. 꼬리를 무는 질문이 많았고 본인이 실제로 업무를 진행했는지 확인하는 질문이 많았습니다. 논리적인 질문도 하나 있었습니다. 실무질문이 80% 인성질문이 20%정도였습니다. 2차면접은 심화실무질문이 대부분이었고 인성질문은 거의 없었습니다. 알고리즘이나 자료구조의 대한 질문도 있었습니다.,자료구조
"과제의 코드를 왜 이렇게 작성했는지, 나라면 이렇게 했을텐데 어떻게 생각하는지요? 기타 신기술에 대 한 동작 원리 질문 안드로이드 생명주기, Thread, 직렬화, 자료구조 등에 대한 정의와 차이점들, 경험담, 극복방법 등 계속 해서 연계적인 질문 카카오를 지원한 이유",자료구조
"실무경험 확인 java 기본 개념 자료구조와 간단한 알고리즘 구현 채용방식 스킬테스트, 개인면접, 기타 발표시기 30일 후 ""서류 면접, 코딩테스트, 실무면접, 임원면접, 연봉협상"" 합격 긍정적 도움이 돼요 1",자료구조
알고 있는 자료구조와 알고리즘에 대해 설명하시오. 지원한 이유는 무엇인가요?,자료구조
"- 이력서에 근거해 질문, 특히 포트폴리오의 내용에 대해 상세히 물어봄 - 답변 이후 전공 지식 (자료구조, 알고리즘) 을 물어봄",자료구조
"자바로 밴딩머신(자판기)설계한다면 어떻게 설계할껀지 설명해보세요 채용방식 개인면접 발표시기 30일 후 ""기본적인 자바나 자료구조에 대해서 상세히물어보고 프로젝트한것들에 대해서 어 떻게 만들었는지 상세히 물어봄"" 불합격 보통 도움이 돼요 0",자료구조
"자료구조 및 언어특성, 과거 관련 프로젝트 관련하여 질문하였습니다",자료구조
전 직장에서 구현한 어플리케이션에 대한 질의 기초 자료구조 및 복잡도(시간 공간)에 대한이해 써킷브레이커 등 장애전파 관련 이슈에 대한 논의 msa아키텍처에 대한 이해,자료구조
"자료구조 - 자료구조 제일 잘 아는거 하나 소개하고 설명해보시오. 운영체제 - 페이징과 플러싱의 개념 설명해보시오. 채용방식 스킬테스트, 그룹면접, 개인면접 발표시기 30일 후 ""나 볼 때만 해도 크게 난이도 높진 않았다. 하지만 요즘 면접 들어가보면 쫌 빡세게 본다. 평가 프로세스등도 체계적으로 잡혀나가는 중이다. 공부는 좀 하고 봐야한다. 특히 검색본부."" 합격 긍정적 도움이 돼요 0",자료구조
"기본 자료구조, WAS, DB 이전에 진행했던 프로젝트에 대한 문제점 및 해결방안 채용방식 인/적성검사, 개인면접 발표시기 7일 후 ""지금까지 면접 봤던 곳들 중 분위기가 가장 좋았고 약 한 시간 가량 면접이 진행되었음 실무진 면접이 진행되었고 임원진 면접은 생략되었음."" 합격 긍정적 도움이 돼요 0",자료구조
"자료구조 알골리즘 관련 스프링 프레임워크 MVC 패턴 데이터 형 const let var 차이 호이스팅 개념 Promise API, Callback 차이",자료구조
"어떤 프로젝트가 쉬웠나 어려웠나.. ? 자료구조에 대해 물어봤음. 채용방식 필기시험, 케이스 면접 ""분위기 좋게 해주고 , 맘편히 해줌,"" 대기중 긍정적 도움이 돼요 0",자료구조
"자료구조 설명. 코드 리뷰. ""공채 진행. 서류. 필기 시험, 기술명접 인사면접. 필기시험 합격후 넥슨 내에서 나를 뽑고 싶어하는 여러 팀에서 모두 모여 하루에 몰아서 면접을 봄."" 주)넥슨코리아 사의 빠른 소식을 받아보세요! 2 코이즈(주) - 기업 랭킹 채용 뉴스 연봉 이직 뽐뿌 오는 날 5분 완성, 1년 간 기업정보가 무료!    제휴 대학 서비스",자료구조
"기본적인 자료구조 질문 링키드리스트 백터 맵 리스트 차이점 등등 채용방식 필기시험, 스킬테스트, 개인면접 발표시기 11일 후 ""다대다 면접으로 짐행되고 하루에 기술면접과 인성면접이 동시에 진행됨"" 합격 보통 도움이 돼요 1",자료구조
"원론적인 질문들이 많이 하였습니다. 1. 트리 자료구조 설명, 트리 구성 조건, 복잡도 2. 동기, 비동기 차이 3. 데드락 설명 4. 샤딩 및 샤딩 분할 방법 채용방식 개인면접 발표시기 10일 후 ""서류접수후 코딩테스트를 보고 팀면접을 보고 직군면접 봅니다"" 합격 보통 도움이 돼요 0",자료구조
직군면접 2대1로 진행. 자소서 기반 질문. 자신있는 언어 관련 질문. 네트워크와 자료구조에 관한 질문들. 정렬 손코딩 시킨 후 설명 등. 면접관들이 매너있게 대해주셨음. 팀면접 필기시험은 전공 지식 10문제 가량(서술형) 및 알고리즘 3문제(손코딩)를 60분동안 풀어야하므로 시 간이 매우 부족. 면접은 2대1로 진행. 역시 자소서 기반 질문을 하지만 기술적인 내용보단 압박면접 용 도로 사용. 간단한 필기시험 리뷰. SPARK와 Hadoop 관련 질문. Java 관련 질문. 마지막 질문은 시켜 놓고 구체적으로 질문하자 귀찮다는듯이 답변을 굉장히 무성의하게 함. 면접자에 대한 예의는 그닥 신 경쓰지 않는 듯.,자료구조
"C, C++, 자료구조, 알고리즘, 운영체제, 컴파일러, 데이터베이스, 그래픽스, 유니티 엔진 등등... 컴퓨터공학 전반적인 내용에 대해 물어봅니다. 질문에 대한 대답을 하면 거기에 대한 꼬리질문이 계속 이어지게 됩니다.",자료구조
"가상함수 ,멀티스레드 , 포인터 , 자료구조 , stl 등등",자료구조
"온라인 코딩테스트는 외부사이트를 통해서 진행되며 평균~평균이상정도의 난이도입니다. 오프라인 코딩테스트 직후에 바로 직군면접이 시행되며, 직군면접에서는 오프라인 코딩테스트에서 작성 코드에 대한 질문과 기본 자료구조 등의 기본 지식을 물어봅니다. 팀면접은 팀마다 다르겠지만, 본인이 해왔던 것에 대해서 물어보았습니다. 인사면접은 잘^^ 보시면됩니다.",자료구조
페르미 추정 및 기술 면접 기술 면접의 경우 알고리즘 및 자료구조 수준,자료구조
"게임 프로그래밍 직군으로 면접 수행 1. virtual, vfptr 등 C++ 클래스 관련 2. C++ 관련해서 자세히 물어봄 STL 라이브러리들의 내부 알고리즘 알고리즘 설명등 3. Database, 자료구조 등 CS 전반적인 질문들 발표시기 7일 후 ""서류 통과 후 면접 잡히는데 조금 시간이 걸림(1~2주), 합격에는 CS 관련 지식과 C++ 관련 지식이 매우 중요함"" 합격 긍정적 도움이 돼요 0",자료구조
"간단한 기본 자료구조, 알고리즘 물어보고 게임 개발과 관련한 상세 알고리즘을 물어봅니다. 프로젝트 이력을 보고 성/실패한 이유와 개선 방향 등에 대해서도 물어봅니다.",자료구조
C++ 언어 관련 질문과 그래픽스 컴퓨터구조 운영체제 자료구조 알고리즘 손코딩 자기소개는 프로젝트 위주로 합니다.,자료구조
"자료구조와 알고리즘에 대해 물어보며, 디자인 패턴문제도 나옴. 프로그래밍 문제 경우 시간제한이 있 음",자료구조
"직무 면접 에서 자료구조, 보유 기술에 대한 전문 지식",자료구조
"기술면접시 해당 지원 영역 뿐만 아니라 두루두루 많이 익혀둬야 함. 가령 IT 인프라 지원시 네트워크 구조, OS도 중요하지만 자료구조 도 잘 알아야함. 채용방식 필기시험, 스킬테스트, 그룹면접 발표시기 20일 후 ""서류 -> 직무테스트(필기) -> 기술면접 -> 인성면접 -> 입사"" 대기중 긍정적 도움이 돼요 0",자료구조
"프로젝트 설명하고 얻은점 느낀점 설명, 기본적인 자료구조 및 전공지식",자료구조
"자소서 기반 질문 개인과제 기반 기초지식 질문(예: A자료구조에 대해서 아는 것, A자료구조가 주로 적용되기 알맞은 데 이터 형식 등) 채용방식 인/적성검사, 토론면접, 개인면접 발표시기 10일 후 ""토론 면접 후 개인과제 바탕으로 직무면접 시행. 면접 분위기 편안하게 진행."" 대기중 긍정적 도움이 돼요 0",자료구조
면접자분께서는 자료구조 알고리즘 관련 화이트보드 코딩을 요구,자료구조
"자료구조를 많이 물어보고, 각각의 쓰임새, 사용하는 이유, 사용하면 안 되는 상황 등을 물어봄 했던 프로젝트를 깊게 물어본다. 안랩에 어떻게 기여할 수 있을지 발표시기 40일 후 이 촉박 했음. 서류 전형 시작부터 종료까지 약 40일넘게 소요"" 합격 긍정적 도움이 돼요 1",자료구조
- 자료구조 리스트에 대해 아는 것 - 수강했던 전공 수업 중 힘들었던 것 - 하고 싶은 말,자료구조
이전과는 분야가 다를 수 있는데 지원한 이유는? _x0008_c++ 의 자료구조 중 몇가지의 차이점을 묻는 질문과 그 중 몇가지의 알고리즘 구조를 묻는 질문.,자료구조
자사제품을 사용해본적 있는가 멀티 스레드를 사용해본적 있는가 자료구조에 대해서 설명해보아라,자료구조
직무기술서 위주 자료구조에 대한 기초 10년 후 나의 모습,자료구조
"경력 사항 팩트 체크 자료구조 관련 질문 , 리스트 코드 구현 최근 공부하고 있는 기술",자료구조
3 WAY HANDSHKE 프로세스 스레드 차이 간단한 자료구조,자료구조
"문제를 푼 후에 잠시 대기했다가 면접장소로 가면 벽에 문제가 붙어있고, 일어나서 그 문제 풀이 방식을 설명하면서 시작합니다. 질문은 보통 자기소개서, 포트폴리오 위주였고 그 안에서 다룬 기술들에 대한 큰 틀에서의 질문이었습 니다. 예를 들면 Spring framework를 사용해서 개발했는데 사용했을때의 장점이 무엇이었냐, 자료구조와 알고리즘 과목을 수강했는데 ~~ 알고리즘이 무엇인지 아느냐에 대한 질문이 있었습니다. 세세한 질문보다는 큰 범위의 질문을 주로 했습니다.",자료구조
"면접 전 20분 동안 문제해결 능력을 보기 위한 문제를 내줌 그리고 전지만한 사이즈에 직접 자필로 문제해결 방법, 프로세스를 적어야함 문제가 답이 없는 문제이기때문에 자신의 프레젠테이션 능력을 활용할것 면접은 대체적으로 이력서 위주로 나오고 기본적인 자료구조, 보안에 관한 질문 및 기술명을 말하고 무 엇인지 대답해달라는 질문 채용방식 PT면접, 그룹면접 ""서류-1차-2차, 대기실에 실무자가 와서 면접자들의 긴장풀어줌 1차에서는 3인 1조로 면접을 봄"" 불합격 긍정적 도움이 돼요 0",자료구조
"자기소개 DB 조인에 대해 전공기초(자료구조) 지원 동기 마지막으로 묻고 싶은 말 채용방식 그룹면접 발표시기 7일 후 ""서류와 기술면접 한번이 있었고. 연수생으로 6개월간 있었습니다. 타사 면접과 비 교해서 면접에서 태도도 많이 보시는 것 같았습니다. 첫 직장으로 기준을 두면 나중 이 힘들어질 정도.."" 합격 부정적 도움이 돼요 0",자료구조
"Stl벡터와 리스트 ""개발면접 다대다 자기소개 it트렌드 스택 큐 자료구조 등등 마지막 어필 면접비 줌"" 불합격 정보없음 도움이 돼요 0",자료구조
포폴 어떻게 만들었는지. 전공 자료구조 질문함. 회사에 궁금한점있는지 물어봄,자료구조
"자소서에 쓴 내용을 기반으로 직무에 관련된 질문이 많고 전공 과목에 대한 질문으로는 알고리즘 경우 에는 주어진 문자열을 담은 벡터에서 한 번 등장하는 문자열, 여러 번 등장하는 문자열을 구분하는 소스 코드 작성 문제가 있었습니다. 자료구조 경우에는 퀵소트와 머지소트의 알고리즘 설명, 운영체제 경우 에는 스케줄링 알고리즘에 대해서 구체적인 설명, 네트워크 경우는 TCP와 UDP 차이점 설명, 웹 경우에 는 GET과 POST 방식의 차이점과 각각 어떤 경우에 사용하는 것이 적당한지 질문이 있었습니다.",자료구조
알고리즘 과 자료구조 문제 5개가 나왔습니다.,자료구조
1.db migration경험 말해 보기 2.지금 개발시스템을 설명하기 3.cookies어디서 저장하는지 4.모든 자료구조 다 물어봤어요ㅜㅜ 5.jquery 브라우저마다 다 쓸 수 있는 이유? 6.ioc설명,자료구조
- 데이터베이스 샤딩 - 대용량 데이터베이스 최적화 방안 - HTML5 -> C++ 개발자한테... 왜 물어보는지??? - Jquery 로딩 방식 -> 하... 왜 물어봄???? - Overloading vs override -> 경력자한테 이딴걸???? - Dictionary 내부 자료구조 -> 질문 다운 질문! - Ajax 요청 타입 지정 방법 -> 슬슬 열받기 시작... !!!! - 람다식 화이트보드 코딩 - Binary 소트 알고리즘 C++ 화이트보드 코딩,자료구조
전반적인 프로그램의 이해 자료구조 자바클래스 api관련 Scjp및 최신기술동향,자료구조
"운영체제, DB, 알고리즘, 자료구조 등 전반적인 학부 과정에 대한 내용이 출제됩니다. 채용방식 필기시험, 그룹면접, 개인면접 발표시기 14일 후 ""필기시험에서 개인별 노트북이 주어집니다. 지정된 이름의 파일에 문제가 적혀있 으며 정해진 시간 이내에 파일에 적힌 문제들을 풀어야 합니다."" 대기중 긍정적 도움이 돼요 2",자료구조
"알고리즘 문제, 자료구조 문제, jvm관련 질문들, 네트워크 관련 질문",자료구조
자료구조나 알고리즘을 묻더군요 경력에 대해서는 별로 관심 없는듯,자료구조
"라인플러스의 서비스 중 개선해야 할 사항은 무엇인지 말해보세요 발표시기 30일 후 ""기본적인 알고리즘과 자료구조에 대해 물었고 손코딩을 했습니다"" 불합격 보통 도움이 돼요 0",자료구조
"특별히 어렵지는 않았고 자료구조나 알고리즘을 공부했다면 충분히 답할 수 있는 수준의 질문으로 나 왔으며, 특정 플랫폼에 경험이 충분히 있는것이 도움이 됩니다. ""기술면접과 임원 면접을 나눠서 진행했습니다."" 합격 긍정적 도움이 돼요 1",자료구조
"개인적인 질문과 팀활동 관련 질문, 그리고 다양한 분야의 전공 질문이 있었습니다. DB, OS, 네트워크, 자료구조, Java, C++ 등등",자료구조
"프로젝트 경험 위주로 설명해보라고 하고, 기술적인 질문 많이 했음. 어떤 경험을 했는지를 확인하기보 다는 자료구조 등에 더 집중하는 인상. 손코딩 있었음. 인성 평가도 많이 하는 것으로 보임",자료구조
"1. 관심있는 과목에 대한 질문들 (왜 그 과목이 필요한지, 어떻게 생각하는지 등) 2. 자료구조, 알고리즘, 네트워크와 관련된 기본 문제 (쓰레드와 프로세스, OSI7계층, 트리와 그래프 등에 대해 물어보고 답변을 하면 그거에 대해 자세하게 또 물어보는 식) 3. 하고싶은 분야와 왜 그런지",자료구조
"자료구조, 서버프로그래밍, 웹프로그래밍 등 전반적인 전공에 대한 이해",자료구조
"신입이라 그런지 기본적인 것들을 위주로 물어봄. 알고리즘/자료구조/데이터베이스/네트워크에 대해 많이 물어봄. 채용방식 개인면접 발표시기 14일 후 ""지원서 쓰고 얼마 안 있어 메일로 인터뷰 보라고 연락 옴. 인터뷰 가겠다고 확정 메 일 보내야 함. 면접 후 2주 정도 후에 합불 통보 옴."" 합격 긍정적 도움이 돼요 1",자료구조
자료구조. 멀티쓰레드. TCP/UDP차이점,자료구조
"병합정렬의 시간복잡도를 설명하고 보드에 직접 코딩해보세요. 채용방식 필기시험 ""자료구조. 알고리즘. 등 전산학의 기초를 이루는 질문들이었습니다."" 합격 부정적 도움이 돼요 0",자료구조
"자료구조. 멀티쓰레드. TCP/UDP차이점. Android에서 dp란? ios protocol, delegate, datasource 관 련. 암복호화 알고리즘(hex, AES256 등) 채용방식 개인면접 발표시기 10일 후 ""직무경력, 자기소개서 작성 후 이메일로 면접 일정을 통보받았습니다. 복 장은 세미캐쥬얼에 분당 그린팩토리에서 면접이 이루어졌습니다. 면접자 1명에 면 접관이 3명으로 진행되었습니다."" BEST 불합격 보통 도움이 돼요 6",자료구조
"자료구조 문제입니다. 채용방식 필기시험, 개인면접, 기타 발표시기 0일 후 ""헤드헌터를 통해 1차면접까지 진행하였습니다. 안드로이드 개발자로 지원했습니다. Pre test 30분 있구요. 문제는 자료구조, 코드의 부족한부분 찾기 등 으로 구성되어 있었습니다. 면접은 3대1로 진행되었고 자료구조를 묻는 질문에 기본 용어(데드락 등)들에 대한 질문 등이 있었습니다. 면접관들은 버벅거리는 저에게 친절히 포인트를 집어주셨으며, 개인적으로는 배우 고 왔다는 느낌이 있었네요.(광탈 삘..ㅠㅠ) 정리하자면 자료구조에 관한 문제와 얼마만큼의 개발을 해보았는지를 중점적으로 물어보는 느낌이었습니다."" 대기중 긍정적 (주)쏘카 Backend Developer 3 ~ 8년, Javascript 합격보상 100만원  (주)트레드링스 Back-end 개발 상시 채용 경력무관, java, Spring, SQL, java spring 백엔드  (주)자비스 [대규모 3 ~ 20년, j 합 액 3000억원 이상 휴맥스홀딩스(주) 포지션 0개 채용 중 2 (주)오픈노트 New 기업 랭킹 채용 뉴스 연봉 이직 뽐뿌 오는 날 5분 완성, 1년 간 기업정보가 무료!    제휴 대학 서비스  신고하기 도움이 돼요 0",자료구조
"자료구조 관련 질문 다자인패턴 관련 질문 자바 상속 관련 질문 채용방식 필기시험, 개인면접 ""서류 - 1차면접 전 시험 - 1차면접(기술) - 2차면접(기술+인성) 1차면접은 대부분 기술면접이고 2차는 기술80 인성20 정도로 본거 같습니다"" 합격 긍정적 도움이 돼요 3",자료구조
"질문에 질문이 이어지는 면접이였음. 예를 들어 전반적인 자료구조에 대해 설명해보라 하여 대답하면 그 기술에 대해 또 질문함. 실무에 적용할 기술에 대해서도 물어봄. 채용방식 개인면접 발표시기 4일 후 ""문자/이메일 연락 -> 기술면접 (자기소개 -> 기술질문(5-6개) -> 하고싶은말/질 문)"" 합격 보통 도움이 돼요 4",자료구조
"CS 질문(자료구조, 포인터 개념 등) 스프링 프레임워크 사용 경험 자바스크립트 사용 경험",자료구조
자료구조내용을 물어보는 질문을하였습니다. 메모리 구조등 회사관련 인성 질문,자료구조
"1차 면접은 자기 소개 후, 컴퓨터 자료구조에 대하여 물어보셨습니다. 2차 면접 역시 간단한 자기 소개 후 면접이 진행되었습니다. 주로 물어보신 내용은 OS에 기반한 지식에 대한 내용이셨습니다. 또한 회사안에서 C를 자주 사용하므로, C에 대한 기술들을 물어보십니다. 추가 로 전, 네트워크와 관련된 프로젝트를 하였기 때문에, 네트워크 기본 지식에 대하여 전반적으로 물어보 셨습니다.",자료구조
"신입이어서 그런지 학부생 때 배운 운영체제 및 자료구조들에 대한 질문들. 채용방식 그룹면접 발표시기 30일 후 ""신입으로 면접 봤으며 대학 과정에서 필수적인 지식을 질문했습니다. 조금 딱딱하 긴 했지만 크게 불편한 느낌은 없었고 무난했던 것 같습니다. 다대다 면접으로 1차 2차 진행했습니다."" 합격 보통 도움이 돼요 1",자료구조
"자료구조 기초에 대한 질문-스택, 큐, 힙에 대해 설명하기 컴파일 과정 설명하기 힘들었던 경험이 있다면?",자료구조
프로젝트 베이스로 물어봄 어떤 역할을 했고 어떤 언어로 어떤 자료구조 이용해서 개발했는지 상세히 물어봄,자료구조
"자료구조, 운영체제, 알고리즘 등등 기본기 위주의 질문과 평소의 마인드를 확인할수있는 성격의 질문 들",자료구조
"자료구조, 자바관련, 객체지향, restful, MySql의 스토리지엔진의 차이점, 디자인패턴 등",자료구조
"이론적인 부분들을 주로 질문했었음 Java, 스프링, DB 등등 기본적인 질문이 많지만 난이도가 낮지는 않음 자료구조 부분도 일부 있었음",자료구조
"DB Engine을 물어본게 가장 어려웠고, 대부분 자료구조를 많이 물어봤음 채용방식 개인면접 ""서류 -> 기술면접 -> HR면접으로 구성됨."" 액 3000억원 이상 씨제이올리브네트웍스(주) 포지션 49개 채용 중 2 코이즈(주) - 기업 랭킹 채용 뉴스 연봉 이직 뽐뿌 오는 날 5분 완성, 1년 간 기업정보가 무료!    제휴 대학 서비스",자료구조
"간단한 자료구조나 알고리즘 질문, tdd란 무엇인지, 데이터베이스를 다뤄본 경험 등 기술 전반",자료구조
"자료구조, 알고리즘, 디자인패턴 관련 질문",자료구조
1차는 자료구조 알고리즘 같은 전공지식과 it 관련 경험을 중점으로 물어봄 2차는 인성,자료구조
"자기소개, 지원동기, 자료구조(정렬) 등",자료구조
"재귀함수를 이용하는 간단한 메소드 구현과 특정 캐시알고리즘 그러나 상세조건없이 편한 언어로 자유롭게 구현하라함 채용방식 필기시험, 개인면접 발표시기 13일 후 ""온라인코딩이 아닌 아예 손코딩방식이었는데 면접관이 정말 유도리가 없었음. 손 코딩 면접의 이유가 코딩에 대한 기본기와 알고리즘이나 자료구조 해결능력을 보는 거라고 생각했는데 원하는 언어로 자유롭게 제약사항은 없다며 그냥 풀라고 했으면 서 답지가 있는지 정확히 그대로 풀지 않으니 넘어가지 않고 계속 풀게해서 설명과 코드를 통해 알고리즘 자체를 이해 했음을 설득하고 혹시 제약사항이 있냐고 물어 보았으나 알려주진않고 완벽하게 답지와 일치하길 원하는듯 했음. 그외 기술에 대한 면접은 경력이었어서 본인이 했던 부분에 대해 설명하는 부분은 무리는 없엇으나 관련기술도 질문에 원하는바나 조건이 상세하게 말해주지 않고 뭉 뚱그려서 이 답지에 적힌걸 맞춰봐라 식이어서 좀 난감했었음"" 대기중 부정적 도움이 돼요 2",자료구조
"자료구조 알고리즘 DB에 대해서 질문을 많이 받았습니다 발표시기 30일 후 ""공채 기술+인성 면접으로 편안한 분위기에서 이루어져서 어려운점은 많이 없었습 니다."" 불합격 긍정적 도움이 돼요 2",자료구조
"1. (PT내용 발표 후) 실제로 음성인식과 관련된 프로젝트를 개발해 본 적이 있는가? 2. 그동안 했던 프로젝트 중에 제일 잘했다고 생각되는 프로젝트를 설명하기 3. (저는 스타트업 경력이 있어서 관련된 질문을 받았습니다)스타트업에서 경험했던 것들 설명하기(프 로젝트라든가 등) 채용방식 PT면접, 그룹면접 발표시기 3일 후 ""인턴 면접이었습니다. 최종 합격까지 2번의 면접을 봅니다. 2명의 면접관이 있고 2 명에서 4명 정도 지원자가 들어가는데 저의 경우는 4명의 면접자가 들어갔습니다. 차례대로 자기소개, PT발표, PT에 대한 질문, 이력서를 보고 해당하는 질문 등을 수 행합니다. 무거운 분위기에서 진행되거나 하진 않지만 아무래도 개발자 분들이 면접관이다 보 니 좀 딱딱한 분위기는 있네요. 압박성 면접 이런 건 아닙니다. 그냥 긴장하지 않고 편하게 보면 될 것 같네요. 역량면접도 본다고 적혀있었는데 제가 생각했던 기술 관련 질문(자료구조, DB 등) 은 하지 않았습니다."" 대기중 보통 도움이 돼요 0",자료구조
"전공지식에 대해 알고리즘,자료구조,자바에 대해 물어봄",자료구조
"임원면접에서 왜 당신을 뽑아야하는가... 채용방식 필기시험, 스킬테스트, 그룹면접, 개인면접 발표시기 7일 후 ""코딩 테스트 어렵진 않으나 시간이 짧음 직무면접 지원자3 면접관1 자료구조 소프트웨어공학 내용 질문에 인성 지원동기 등도 물어봄 임원면접 총 세 단계 1. 면접관2 지원자3 인성 위주 2. 1대1 면접 개발경험 위주 3. 1대1 면접 인성 위주"" 불합격 보통 111퍼센트(주) [111퍼센트] 1인 개발자 모집 경력무관, Unity, 유니티 합격보상 100만원  (주)코드박스 [200억 ↑투자, 두나무 계열사] 소프트 웨어 엔지니어 3 ~ 10년, python, react, graphql, typescript, Django fra…  (주)박차컴 JAVA 개 5년 이상, j 합 액 3000억원 이상 한화비전(주) 포지션 22개 채용 중 3 롯데씨브이에스71… 3 기업 랭킹 채용 뉴스 연봉 이직 뽐뿌 오는 날 5분 완성, 1년 간 기업정보가 무료!    제휴 대학 서비스  신고하기 도움이 돼요 1",자료구조
자료구조와 정렬기법 종류에 대한 질문을 받았습니다.,자료구조
"0] 자기소개 1] 팀프로젝트 수행경험, 어떤 role을 했는지, 뭐가 힘들었는지 등등 무난한 질문 2] mvc 패텬, 자료구조, 정렬 기초 등등 전공 관련 무난한 것 질문 3] 리눅스 접해봤는지, 접해봤으면 컴파일 경험 있는지 등등",자료구조
자료구조 스택에 대해서 설명해주세요.,자료구조
기본적인 스택 자료구조에 대해 설명해봐라,자료구조
"온라인 면접 질문( 직무에 필요한 배경지식에 대한 질문과 트러블 슈팅에 대한 질의) Cto 면접의 자료구조, 문제해결 방식 질문",자료구조
Hash Map 자료구조 Hash Map 메모리적재방식,자료구조
인성은 무난하게 자기소개 및 지원 동기 그리고 플젝에 대한 질문을 받았으며 실무는 기술적인 자기 소 개 후 프린트된 소스 코드에 문제점 찾기 데이터와 자료구조에 대한 질문을 주로 받았습니다,자료구조
"면접 시작 전 본인이 자신있는 것들에 대해 작성하고 그 것을 바탕으로 면접이 진행되는듯 다른 면접 후기에서 본다고 한 것들만 준비해 갔는데 각자의 역량에 맞는 면접문제를 내주는 듯 면접관 2명과 본인 한명이 면접 진행 30초 자기소개 후 본인이 종이에 썼던 과목들 자료구조, 웹, 스프링, 운영체제 등에 대해 질문 해당 과목에 대해 잘 답변할 수록 깊게 들어감 (면접관이 이런 방식으로 진행될 것이라고 이야기해줌) 데이터 베이스에 대한 정의, 정규화 인젝션에 대해 http와 https의 차이점 기억나는 건 이정도",자료구조
인사팀 자기소개 전직장퇴사사유 전회사에 확인전화해도 되는지 성격의 장단점 나만의 강점 향후 5년 10년후의 내모습은? 희망연봉 기술면접 과거 했던 업무 관련하여 구체적으로 질문 프레임워크 사용 경험 외 기술적으로 디테일하게 물어봄ㅠ 면접후기에 자료구조 알고리즘 구현이나 디비 트리거 질문 좀 나왔음 했는데 절대안나옴ㅋㅋㅋㅋ,자료구조
"하고 싶은 업무와 역할제시 자료구조와 네트워크 간단한 질문 인성관련 질문 채용방식 인/적성검사, PT면접, 그룹면접, 토론면접 발표시기 14일 후 ""대체적으로 무난한 면접과정이었습니다. 다만 하고싶은 분야를 어필 많이 해서 좋 은결과가 있었습니다."" 합격 보통 도움이 돼요 0",자료구조
메모장에 손코딩 자료구조 객체지향 등등을 알아야 함,자료구조
"시간복잡도가 어떻게 되나요? 공간복잡도가 어떻게 되나요? 자료구조, 자료구조, 자료구조",자료구조
"컴퓨터 사이언스, 자료구조, 알고리즘, DB등에 걸쳐 다양한 분야에 대해 질문 코딩 리뷰를 하며 왜 이렇게 짰는지 이렇게 수정하면 좋지 않은지 리뷰",자료구조
"알고리즘, CS기초, 자료구조 1차 면접에서 그냥 알고리즘만 1시간동안 3문제 풀게했습니다. ]",자료구조
자료구조 관련 최적화문제에 대해서 물었고 대답하면 좀더 최적화된 답변을요구,자료구조
"코드리뷰. 함수는 왜 이렇게 짰고, 해당 자료구조는 왜 사용했는지, 알고리즘은 왜 이걸 썼는지를 질문 함",자료구조
"1차 Pre - 알고리즘 5문제 2차 Pre - 네트워크, 자료구조, 운영체제, 데이터베이스 1차 면접 - 알고리즘 1문제, 기술면접",자료구조
기본적인 자료구조/ 알고리즘 관련해서 많이 물어봄,자료구조
"기본적인 자료구조나 소팅 알고리즘을 활용하거나 살짝 심화된 수준 발표시기 14일 후 ""알고리즘 자료구조 등에 대한 질문 직접 코드를 보여주지 못해도 푸는방법에 대한 아이디어를 보이는것이 중요. ."" 대기중 긍정적 도움이 돼요 0",자료구조
"어떤 문제에 대해 어떤 알고리즘이나 자료구조를 쓸 것인지 물어봄 채용방식 필기시험, 개인면접, 기타 발표시기 5일 후 ""1차 면접 : 주로 기술을 다룹니다. 아침에가서 오후 6시까지 진행되며 코드 리뷰, 기술 면접이 가장 중요합니다"" 불합격 보통 도움이 돼요 0",자료구조
필기시험 및 라이브 코딩을 한 내역으로 기술면접이 이루어집니다. 해당 자료구조를 이용한 이유? 왜 이런 방식으로 코딩했는지 가 주된 질문입니다.,자료구조
"네트워크,DB구조,트리구조,알고리즘,등등. 특히 자료구조는 자세히 알고있는 것이 좋으나, 면접관마다 질문이다르다.",자료구조
"Pre-test는 전반적인 자료구조, 네트워크, 알고리즘, 소프트웨어 설계, 데이터베이스 문제입니다. 문제 난이도는 쉬운 편이라 두세개 이상 틀리면 탈락하는 것 같으니 개념은 다 숙지하고 가시는 게 좋을 것 같습니다. 채용방식 필기시험 ""온라인 지원하였고 Pre-test를 보았습니다."" (주)자비스앤빌런즈 [대규모 채용] Backend Engineer 3 ~ 20년, java, Spring 합격보상 100만원  (주)피매치 백엔드 엔지니어 (채용전환형 인턴) 경력무관, python, SQL, azure, PostgreSQL, rest api, 시… 합격보상 100만원  (주)박차컴 JAVA 개 5년 이상, j 합 액 3000억원 이상 (주)우아한청년들 포지션 0개 채용 중 2 코이즈(주) 8 기업 랭킹 채용 뉴스 연봉 이직 뽐뿌 오는 날 5분 완성, 1년 간 기업정보가 무료!    제휴 대학 서비스",자료구조
주로 알고리즘이나 자료구조에 대한질문,자료구조
"자료구조. 네트워크. 알고리즘. 운영체제. 데이터베이스. 프로그래밍 등 다양한 분야에서 출제. 주로 자료구조와 알고리즘을 잘 알고 있어야함. 난이도는 전반적으로 어렵지 않기 때문에 다 맞아야 합격할 것 같다. 채용방식 필기시험 ""온라인 지원으로 서류 합격 후 pretest를 봤다"" 불합격 보통 도움이 돼요 0",자료구조
프로그래밍 (자바 씨 씨++) 기초지식 소프트웨어공학 자료구조 알고리즘 운영체제 네트웨크 디비 php 등등 범위가 매우 넓게 문제가 나온다,자료구조
큐 자료구조형태를 어떻게하면 스텍자료구조로 바꿀수있는가,자료구조
"1차면접- 오전에 개인 컴퓨터에서 코딩시험을 쳤고, 오후에 코드리뷰와 직무면접을 진행했음. 코딩시 험은 정렬문제 하나와 기업에서 만든 문제 하나 였고, 둘다 코딩을 완성하진 못했는데 오후 코드리뷰 시 간에 알고리즘 설명을 스스로 잘했다고 생각했음. 직무면접은 자료구조나 알고리즘에 관한 것 많이 물 어봤고 거의 다 대답했음. 꼬리질문도 두어개 있었는데 답변 했고 긍정적인 반응 얻었음. -> 합격 2차면접- 학점 등등에 관한 공격 들어왔는데, 면접관 분이 약간 비꼬듯이 말씀하셔서 빈정상했음..ㅎㅎ 중간중간 혼잣말 하듯이 반말도 하심. 질문은 무난무난하게 학점이 왜 낮냐, 존경하는 인물이 누구냐, 우리 기업에서 경쟁기업이 누구냐고 생각햐나 등등이었음. -> 불합격",자료구조
"개인과제는 예전에 해본 경험이 없는 문제가 나오면 건드리기도 힘든 수준. 면접때는 어려운 부분부터 컴퓨터학의 기본인 코딩과 자료구조까지 폭넓게 물어봄. 본인은 네트워크나 운영체제부분은 잘 대답했 으나 자료구조쪽은 딱히 준비안해서 개털림 ㅡㅡㅋ 채용방식 필기시험, 스킬테스트, 개인면접 발표시기 7일 후 ""프리테스트->feel the toast(1차 기술면접)->최종면접(2차 인성면접)->합격발표 순으로 진행. 프리테스트는 일반적인 IT 지식을 물어봄. 코딩부터 자료구조 알고리즘 네트워크 운영체제 등등 feel the toast는 하루 종일 회사를 간접체험 및 개인과제&기술면접으로 진행 여기까지 합격하고 최종면접 대기중"" 대기중 긍정적 도움이 돼요 1",자료구조
"자료구조를 묻는 문제가 어려웠음 발표시기 7일 후 ""서류 합격하고 필기를 보러감. 문제는 넓고 깊은 지식을 요구하고 객관식이랑 주관 식"" 불합격 보통 도움이 돼요 0",자료구조
"테스트에 비트리관련 문제가 젤어려웠네요 채용방식 필기시험, 케이스 면접, 개인면접, 기타 발표시기 10일 후 ""면접은 못가보고 테스트에서 떨어졌습니다. 테스트 문제는 객체지향 프로그래밍, 자료구조, 데이터베이스 에대한 문제가 학부 수업 수준으로 나왔습니다."" 불합격 보통 도움이 돼요 0",자료구조
"일상에서 마주하는 여러가지 APP , 프로그램 관련 질문. 본인이 관심있어하는 분야(모바일게임, 어플리 케이션... )에 대한 자연스러운 대화 후, 해당 항목의 어떤 부분을 본인이 구현한다고 생각했을때, 어떻 게 해야할 것 같은가 ? (구체적인건 비밀) 채용방식 필기시험, 스킬테스트, 그룹면접 발표시기 7일 후 ""1. 서류 (경력, 수상내역, 자기소개) - 어학성적 기제 항목은 있으나, 합격 후 들은바로 가산점 전혀 없다함 (영어 성적 안 봄) 2. 필기테스트 - 4년제 대학 컴퓨터공학과 교과목들 종합 시험 - 약 40문제. 절반이 기초코딩능력, 자료구조, 알고리즘. 나머지 절반이 OS, DB, 네 트워크 - 90분 3. Feel The TOAST - 하루종일 플레이뮤지엄(판교 NHN엔터 사옥)에서 면접/시험 - 오전 90분 프로그래밍 시험 (직접 PC 타이핑. JAVA, C/C++) - 점심 식사 후, 오전에 작성한 소스코드 발표 및 질의 응답 - 기술면접 (자기소개서 기반 경력사항, 컴퓨터공학 기초 지식 질의 응답) 4. 인성면접 - 인성면접"" BEST 합격 긍정적 도움이 돼요 2",자료구조
"해당 기업을 한단어(한줄?)로 표현 -> 기대와 다를경우 가능한 근속연수 / 언급된 내용(자료구조 등)을 직접 설명 ""서류/ pre-test(전공 과목 시험)/ Feel The Toast(코드리뷰6:2, 기술면접3:2)/ 인 성면접3:2 Feel the toast 전형, 하루종일 회사 체험 + 일반적인 면접 을 진행한다. 10:00 ~ 18:00 가량 진행함. 로 진행한다."" 불합격 긍정적 도움이 돼요 0",자료구조
"다양한 형태의 출력형태를 제시하고 그에 대한 알고리즘을 제시하라 또는 Garbage collection을 구현 하고 싶은데 알맞은 자료구조를 제시하라 등의 형태의 질문이 어려웠습니다. 채용방식 필기시험, 그룹면접 발표시기 20일 후 ""면접은 Pre-test 라는 일종의 전공 시험을 본 뒤에 합격자에 한해서 기회가 주어졌 습니다. 시험에 합격한 응시생들은 회사에서 알려준 날짜에 맞춰 회사로 10시까지 출근을 해야합니다. 그리고 10시부터 회사에 대한 간략한 소개 및 면접날 수행해야 할 과제, 업무에 대한 설명을 듣습니다. 그리고 11시부터 프로그램을 직접 짜야하고 시간은 한시간 반정도 주어집니다. 한시간의 점심 식사 후, 헬스장에서 트레이너와 함께 근육을 이완시킴으로써 긴장을 풀어주는 활동을 하고 4시 쯤 면접을 봤습니 다."" 불합격 긍정적 도움이 돼요 1",자료구조
"기술 면접 후기입니다. 다루는 분야가 많았습니다. 데이터베이스, 알고리즘, 자료구조, c++, 자바, 운영 체제, 네트워크... 그 중 특히 중요하게 보는 부분이 데이터베이스, 알고리즘, 자바 인 듯 합니다. ""기술 면접 후기입니다. 다루는 분야가 많았습니다. 데이터베이스, 알고리즘, 자료 구조, c++, 자바, 운영체제, 네트워크... 그 중 특히 중요하게 보는 부분이 데이터베이스, 알고리즘, 자바 인 듯 합니다."" 불합격 정보없음 도움이 돼요 1",자료구조
"졸업작품을 진행한 프로젝트에 대해 설명해주세요. 관련되서 어려웠던 점과 해결한 방법에 대해 설명해주세요. 발표시기 30일 후 ""직무면접과 임원면접으로 2가지 면접을 진행합니다. 직무면접에서는 자료구조나 JAVA와 같은 전공지식을 묻기보다는 이력서 기반으로 경험한 내용에 관련된 질문과 티시스에 어느정도 찾아봤는지 알수 있는 질문들이 주로 있었습니다."" 합격 보통 도움이 돼요 0",자료구조
자바 레퍼런스를 함께 보면서 이 자료구조를 왜 썼는지 질의 응답,자료구조
"디자인 패턴과 JVM, GC 등에 대해 설명하세요. 대학에서 배운 알고리즘과 자료구조 등에 대해 설명하 세요.",자료구조
pre-test 합격 후 면접 대기중 자바를 사용한 알고리즘. 자료구조 질문과 css 질문 15문제,자료구조
"언어 : 자바 주로 자료구조에 관한 문제가 나왔으며 간단한 html, css 문제가 나옴",자료구조
- A라는 기능에 대해 테스트를 한다면 어떤것들을 테스트하겠는가? - 디자인 패턴 문제 - DB 쿼리문제. - 알고리즘 - 자료구조,자료구조
"자료구조 손코딩, 알고리즘문제, 손코딩에 대한 설명과 리뷰 공부해왔던것들이나 해왔던일들, 읽었던 기술서적관련 내용",자료구조
"서버를 관리하기 위해 필요한정보, 동영상의 효율적저장을위한 자료구조, java의 특징에 대한 면접질 문을 받았습니다. ""학과프로그램을 통하여 nts의 개발자 면접을보았습니다. 자기소개서와 이력서, 포트폴리오를 준비하여 학부생활 중 경험한 프로젝트와 해당 직무에 관한 질문을 받았습니다."" 불합격 보통 도움이 돼요 0",자료구조
자료구조 자바 콜렉션 스레드 디비 계층구조 테이블 설계 및 오라클 connect by 등등,자료구조
"소프트웨어 개발 인턴으로 1차 필기테스트를 통과하고 2차 기술면접에서 탈락하였습니다. 1차 필기테스트는 java, 자료구조, 알고리즘에 대해서 나왔으며 90동안 모든 문제를 다 풀지는 못했지 만 java는 기본문법만 확실히 알면 풀수 있었으며 알고리즘은 탐색이랑 자료구조는 스택구현에 대해서 나왔고 문자열 관련 문제도 나왔습니다. 2차 테스트는 1:1로 2명의 면접관에게 받았으며 처음에는 문제가 주어지고 칠판에 코딩하는 문제 두번 째는 프로젝트 경험과 cpu스케쥴링, 객체지향 개념에 대해서 물어봤습니다. 채용방식 필기시험, 스킬테스트, 개인면접 발표시기 4일 후 ""소프트웨어 개발 인턴부문 온라인 지원 1차 필기 테스트 통과 2차 기술면접 탈락"" BEST 불합격 긍정적 도움이 돼요 19",자료구조
"프리테스트까지 봤는데 떨어짐 프리테스트는 대충 자료구조쪽 보면되고 자바 공부 조금만 하면 통과 할 수준 액 3000억원 이상 데브시스터즈(주) 포지션 0개 채용 중 2 코이즈(주) 1 기업 랭킹 채용 뉴스 연봉 이직 뽐뿌 오는 날 5분 완성, 1년 간 기업정보가 무료!    제휴 대학 서비스  회사소개 이용약관 개인정보처리방침 커뮤니티가이드라인 모바일 버전 공지사항 광고 및 제휴문의 고객 문의 FAQ | | | | | | | | (주)브레인커머스 서울특별시 강남구 테헤란로 509 엔씨타워 I, 10층 | 대표   황희승, 윤신근 | 개인정보보호관리자   윤신근 사업자등록번호   120-87-92182 | 통신판매업 신고번호   제2014-서울강남-02942호 | 유료 직업소개사업 등록번호   (국내) 제2017-3220163-14-5-00046호 대표번호   1644-5641 (10:00~17:00 / 매월 마지막 금요일 09:00~13:00 / 주말 및 공휴일 휴무) | 대표이메일 : customer_service@jobplanet.co.kr ©Jobplanet. All rights reserved. 68 69 70 71 72 면접경로 공개채용",자료구조
"랜더링 파이프라인, 자료구조, 필기테스트의 리뷰 필기테스트의 경우 수학, 자료구조, 디자인패턴, 기본 C++ 등의 문제가 나옵니다.",자료구조
"가장 자신있는 프로그래밍 언어는 무엇입니까? 칭찬을 했을 때 성과를 내는 스타일인지, 압박이 있을 때 성과를 내는 스타일인지 등 채용방식 필기시험 발표시기 30일 후 ""필기시험, 기술면접, 인성면접으로 순서로 진행. 필기시험은 컴퓨터공학 기본기를 물어보는 문제(자료구조, DB, C++기초문법 등), 기술면접은 다대다이며 대답을 하면 심도있는 질문이 들어옴. 인성면접도 편안한 분위기에서 이루어짐!"" 대기중 긍정적 도움이 돼요 0",자료구조
"서류 전형 후 필기 테스트 (어렵습니다ㅠ) 1차 면접 : DB, 자료구조 관련 간단한 지식 테스트 (인덱스가 뭐냐, 소팅 방법은 어떤게 있는가, 데드락 발생은 왜 하는가 해결방법은?) 옆 사람 장단점 파악 그렇게 생각한 이유 캐물음 2차 면접 : 언제 출근 할 건가, 연봉에 관한 얘기",자료구조
"운영체제들의 차이점, 자료구조를 활용해서 무엇을 해보았는지, 주언어가 무엇이며 그 언어의 특징은 무엇인가",자료구조
"자기소개 보안에 관련되서 본인이 해본거 자료구조란무엇인가 이력서관련해서 기술질문 포부를 말해라 발표시기 30일 후 ""다대다면접으로 봤습니다. 장소는 세미나실. 인성검사와 연관해서 질문하기도 합니다."" 불합격 보통 도움이 돼요 0",자료구조
"자신있는 언어는? 자바 인터페이스에 설명하라 메모리의 구조에 대해서 설명해 보아라. 자료구조란? 자신을 빗대어 설명할 수 있는 사물은? 그리고 그 이유에 대해 설명하라. 그 당시 우리나라의 국무총리는 누구인가? 채용방식 그룹면접 ""3대3 면접으로 분위기는 딱딱하지 않았으며 주로 프로젝트 관련해서 질문을 함. 어떤 프로젝트를 했는지 설명하고 자신은 어떤 부분을 맡았는지 물어봄. 기술적 질 문이 많았으며 인성질문 또한 함."" 불합격 보통 도움이 돼요 0",자료구조
도메인지식과 알고리즘 지식 그리고 자료구조 질문,자료구조
"기본적인 알고리즘, 네트워크 기본, 자료구조, 운영체제 등 학과 수업으로 들었을 법한 내용들에 대한 질문 채용방식 필기시험, 인/적성검사, 그룹면접 ""공채 서류접수-nc테스트-1차면접까지만 체험해봄"" 불합격 보통 도움이 돼요 0",자료구조
